pais,codigo_iata,codigo_oaci,nombre_oficial,anio,pax_nacionales_arribados,pax_nacionales_partidos,pax_internacionales_arribados,pax_internacionales_partidos,pax_nacionales_total,pax_internacionales_total,pax_arribados_total,pax_partidos_total,pax_totales,mov_nacionales_aterrizajes,mov_nacionales_despegues,mov_internacionales_aterrizajes,mov_internacionales_despegues,mov_nacionales_total,mov_internacionales_total,mov_aterrizajes_total,mov_despegues_total,mov_totales,meses_pasajeros_disponibles,meses_movimientos_disponibles,cobertura_anual,fuente_pasajeros,fuente_movimientos
Colombia,ADZ,SKSP,Gustavo Rojas Pinilla International Airport,2020,301625,323581,12887,15217,625206,28104,314512,338798,653310,4633,4651,140,148,9284,288,4773,4799,9572,12,12,anual_completo,PasajerosArribadosPartidosxAeropuerto2020-2026,MovimientosxAeropuerto2020-2026
Colombia,APO,SKLC,Antonio Roldán Betancur Airport,2020,44691,45195,0,0,89886,0,44691,45195,89886,7322,7291,3,2,14613,5,7325,7293,14618,12,12,anual_completo,PasajerosArribadosPartidosxAeropuerto2020-2026,MovimientosxAeropuerto2020-2026
Colombia,AUC,SKUC,Santiago Perez Airport,2020,21991,20848,2,3,42839,5,21993,20851,42844,2369,2325,0,0,4694,0,2369,2325,4694,12,12,anual_completo,PasajerosArribadosPartidosxAeropuerto2020-2026,MovimientosxAeropuerto2020-2026
Colombia,AXM,SKAR,El Eden Airport,2020,60178,61645,12480,13181,121823,25661,72658,74826,147484,1644,1616,74,73,3260,147,1718,1689,3407,12,12,anual_completo,PasajerosArribadosPartidosxAeropuerto2020-2026,MovimientosxAeropuerto2020-2026
Colombia,BAQ,SKBQ,Ernesto Cortissoz International Airport,2020,400599,416148,57347,46861,816747,104208,457946,463009,920955,11681,11688,1139,1194,23369,2333,12820,12882,25702,12,12,anual_completo,PasajerosArribadosPartidosxAeropuerto2020-2026,MovimientosxAeropuerto2020-2026
Colombia,BGA,SKBG,Palonegro Airport,2020,275015,258074,13625,13369,533089,26994,288640,271443,560083,8026,8005,133,126,16031,259,8159,8131,16290,12,12,anual_completo,PasajerosArribadosPartidosxAeropuerto2020-2026,MovimientosxAeropuerto2020-2026
Colombia,BOG,SKBO,El Dorado International Airport,2020,2945908,2821461,1073948,1105975,5767369,2179923,4019856,3927436,7947292,53869,54214,21362,20861,108083,42223,75231,75075,150306,12,12,anual_completo,PasajerosArribadosPartidosxAeropuerto2020-2026,MovimientosxAeropuerto2020-2026
Colombia,BSC,SKBS,José Celestino Mutis Airport,2020,15824,14999,0,0,30823,0,15824,14999,30823,3021,3028,0,0,6049,0,3021,3028,6049,12,12,anual_completo,PasajerosArribadosPartidosxAeropuerto2020-2026,MovimientosxAeropuerto2020-2026
Colombia,BUN,SKBU,Gerardo Tobar López Airport,2020,2511,2292,0,0,4803,0,2511,2292,4803,471,411,0,0,882,0,471,411,882,12,12,anual_completo,PasajerosArribadosPartidosxAeropuerto2020-2026,MovimientosxAeropuerto2020-2026
Colombia,CLO,SKCL,Alfonso Bonilla Aragon International Airport,2020,656916,732981,154442,158981,1389897,313423,811358,891962,1703320,16601,16863,1619,1475,33464,3094,18220,18338,36558,12,12,anual_completo,PasajerosArribadosPartidosxAeropuerto2020-2026,MovimientosxAeropuerto2020-2026
Colombia,CTG,SKCG,Rafael Nuñez International Airport,2020,701735,663006,143821,167430,1364741,311251,845556,830436,1675992,8561,8496,1495,1642,17057,3137,10056,10138,20194,12,12,anual_completo,PasajerosArribadosPartidosxAeropuerto2020-2026,MovimientosxAeropuerto2020-2026
Colombia,CUC,SKCC,Camilo Daza International Airport,2020,169151,161890,12994,11268,331041,24262,182145,173158,355303,4740,4702,31,30,9442,61,4771,4732,9503,12,12,anual_completo,PasajerosArribadosPartidosxAeropuerto2020-2026,MovimientosxAeropuerto2020-2026
Colombia,CZU,SKCZ,Las Brujas Airport,2020,10798,10763,0,0,21561,0,10798,10763,21561,632,699,1,0,1331,1,633,699,1332,11,12,parcial,PasajerosArribadosPartidosxAeropuerto2020-2026,MovimientosxAeropuerto2020-2026
Colombia,EJA,SKEJ,Yariguíes Airport,2020,18475,21156,210,232,39631,442,18685,21388,40073,2526,2514,0,0,5040,0,2526,2514,5040,12,12,anual_completo,PasajerosArribadosPartidosxAeropuerto2020-2026,MovimientosxAeropuerto2020-2026
Colombia,EOH,SKMD,Enrique Olaya Herrera Airport,2020,237249,233999,69,26,471248,95,237318,234025,471343,21400,21369,16,17,42769,33,21416,21386,42802,12,12,anual_completo,PasajerosArribadosPartidosxAeropuerto2020-2026,MovimientosxAeropuerto2020-2026
Colombia,EYP,SKYP,El Alcaravan - Yopal Airport,2020,43444,45530,0,0,88974,0,43444,45530,88974,6483,6451,0,0,12934,0,6483,6451,12934,12,12,anual_completo,PasajerosArribadosPartidosxAeropuerto2020-2026,MovimientosxAeropuerto2020-2026
Colombia,FLA,SKFL,Gustavo Artunduaga Paredes Airport,2020,21186,22248,0,0,43434,0,21186,22248,43434,1528,1484,0,1,3012,1,1528,1485,3013,12,12,anual_completo,PasajerosArribadosPartidosxAeropuerto2020-2026,MovimientosxAeropuerto2020-2026
Colombia,GPI,SKGP,Guapi Airport,2020,7715,7483,0,0,15198,0,7715,7483,15198,1153,1065,0,0,2218,0,1153,1065,2218,12,12,anual_completo,PasajerosArribadosPartidosxAeropuerto2020-2026,MovimientosxAeropuerto2020-2026
Colombia,IBE,SKIB,Perales Airport,2020,13810,16172,0,1,29982,1,13810,16173,29983,1658,1638,0,0,3296,0,1658,1638,3296,12,12,anual_completo,PasajerosArribadosPartidosxAeropuerto2020-2026,MovimientosxAeropuerto2020-2026
Colombia,IPI,SKIP,San Luis Airport,2020,5481,5846,0,0,11327,0,5481,5846,11327,245,239,1,1,484,2,246,240,486,10,12,parcial,PasajerosArribadosPartidosxAeropuerto2020-2026,MovimientosxAeropuerto2020-2026
Colombia,LCR,SKHZ,Virgilio Barco Vargas (La Chorrera) Airport,2020,,,,,,,,,,164,94,0,0,258,0,164,94,258,0,12,parcial,PasajerosArribadosPartidosxAeropuerto2020-2026,MovimientosxAeropuerto2020-2026
Colombia,LET,SKLT,Alfredo Vásquez Cobo International Airport,2020,47975,50031,126,126,98006,252,48101,50157,98258,1973,2068,41,43,4041,84,2014,2111,4125,12,12,anual_completo,PasajerosArribadosPartidosxAeropuerto2020-2026,MovimientosxAeropuerto2020-2026
Colombia,LMC,SKNA,La Macarena Airport,2020,3219,3578,0,0,6797,0,3219,3578,6797,2056,1972,0,0,4028,0,2056,1972,4028,12,12,anual_completo,PasajerosArribadosPartidosxAeropuerto2020-2026,MovimientosxAeropuerto2020-2026
Colombia,LPD,SKLP,La Pedrera Airport,2020,1292,1245,0,0,2537,0,1292,1245,2537,292,156,0,0,448,0,292,156,448,12,12,anual_completo,PasajerosArribadosPartidosxAeropuerto2020-2026,MovimientosxAeropuerto2020-2026
Colombia,LQM,SKLG,Caucaya Airport,2020,3634,3724,0,0,7358,0,3634,3724,7358,322,300,0,0,622,0,322,300,622,12,12,anual_completo,PasajerosArribadosPartidosxAeropuerto2020-2026,MovimientosxAeropuerto2020-2026
Colombia,MDE,SKRG,Jose Maria Córdova International Airport,2020,1049437,1055060,283823,284043,2104497,567866,1333260,1339103,2672363,14769,14143,3642,4078,28912,7720,18411,18221,36632,12,12,anual_completo,PasajerosArribadosPartidosxAeropuerto2020-2026,MovimientosxAeropuerto2020-2026
Colombia,MTR,SKMR,Los Garzones Airport,2020,174205,200889,2057,1922,375094,3979,176262,202811,379073,4709,4701,2,1,9410,3,4711,4702,9413,12,12,anual_completo,PasajerosArribadosPartidosxAeropuerto2020-2026,MovimientosxAeropuerto2020-2026
Colombia,MVP,SKMU,Fabio Alberto Leon Bentley Airport,2020,11856,11889,7,8,23745,15,11863,11897,23760,5694,5699,0,0,11393,0,5694,5699,11393,12,12,anual_completo,PasajerosArribadosPartidosxAeropuerto2020-2026,MovimientosxAeropuerto2020-2026
Colombia,MZL,SKMZ,La Nubia Airport,2020,33383,31577,0,0,64960,0,33383,31577,64960,1669,1653,0,0,3322,0,1669,1653,3322,10,12,parcial,PasajerosArribadosPartidosxAeropuerto2020-2026,MovimientosxAeropuerto2020-2026
Colombia,NQU,SKNQ,Reyes Murillo Airport,2020,8297,8453,0,0,16750,0,8297,8453,16750,1504,1503,0,0,3007,0,1504,1503,3007,12,12,anual_completo,PasajerosArribadosPartidosxAeropuerto2020-2026,MovimientosxAeropuerto2020-2026
Colombia,NVA,SKNV,Benito Salas Airport,2020,35651,37919,13,0,73570,13,35664,37919,73583,3225,3300,0,0,6525,0,3225,3300,6525,12,12,anual_completo,PasajerosArribadosPartidosxAeropuerto2020-2026,MovimientosxAeropuerto2020-2026
Colombia,PCR,SKPC,German Olano Airport,2020,8862,9732,0,0,18594,0,8862,9732,18594,1216,1175,0,0,2391,0,1216,1175,2391,12,12,anual_completo,PasajerosArribadosPartidosxAeropuerto2020-2026,MovimientosxAeropuerto2020-2026
Colombia,PDA,SKPD,Obando Cesar Gaviria Trujillo Airport,2020,,,,,,,,,,1398,1397,0,0,2795,0,1398,1397,2795,0,12,parcial,PasajerosArribadosPartidosxAeropuerto2020-2026,MovimientosxAeropuerto2020-2026
Colombia,PEI,SKPE,Matecaña International Airport,2020,245868,229814,35823,31335,475682,67158,281691,261149,542840,5219,5212,200,204,10431,404,5419,5416,10835,12,12,anual_completo,PasajerosArribadosPartidosxAeropuerto2020-2026,MovimientosxAeropuerto2020-2026
Colombia,PPN,SKPP,Guillermo León Valencia Airport,2020,15405,16839,0,0,32244,0,15405,16839,32244,2516,2574,0,0,5090,0,2516,2574,5090,12,12,anual_completo,PasajerosArribadosPartidosxAeropuerto2020-2026,MovimientosxAeropuerto2020-2026
Colombia,PSO,SKPS,Antonio Nariño Airport,2020,56528,54354,938,1141,110882,2079,57466,55495,112961,1493,1474,0,0,2967,0,1493,1474,2967,12,12,anual_completo,PasajerosArribadosPartidosxAeropuerto2020-2026,MovimientosxAeropuerto2020-2026
Colombia,PUU,SKAS,Tres De Mayo Airport,2020,15171,19888,0,0,35059,0,15171,19888,35059,1114,1120,0,0,2234,0,1114,1120,2234,12,12,anual_completo,PasajerosArribadosPartidosxAeropuerto2020-2026,MovimientosxAeropuerto2020-2026
Colombia,PVA,SKPV,El Embrujo Airport,2020,9439,7395,0,0,16834,0,9439,7395,16834,1308,1289,0,0,2597,0,1308,1289,2597,8,12,parcial,PasajerosArribadosPartidosxAeropuerto2020-2026,MovimientosxAeropuerto2020-2026
Colombia,RCH,SKRH,Almirante Padilla Airport,2020,39212,35822,1178,993,75034,2171,40390,36815,77205,716,785,24,25,1501,49,740,810,1550,12,12,anual_completo,PasajerosArribadosPartidosxAeropuerto2020-2026,MovimientosxAeropuerto2020-2026
Colombia,RVE,SKSA,Los Colonizadores Airport,2020,6022,5243,0,0,11265,0,6022,5243,11265,1574,1517,0,0,3091,0,1574,1517,3091,12,12,anual_completo,PasajerosArribadosPartidosxAeropuerto2020-2026,MovimientosxAeropuerto2020-2026
Colombia,SJE,SKSJ,Jorge E. Gonzalez Torres Airport,2020,6463,6880,0,0,13343,0,6463,6880,13343,4567,4614,0,0,9181,0,4567,4614,9181,12,12,anual_completo,PasajerosArribadosPartidosxAeropuerto2020-2026,MovimientosxAeropuerto2020-2026
Colombia,SMR,SKSM,Simón Bolívar International Airport,2020,305494,369340,4181,4751,674834,8932,309675,374091,683766,4196,4170,31,30,8366,61,4227,4200,8427,11,12,parcial,PasajerosArribadosPartidosxAeropuerto2020-2026,MovimientosxAeropuerto2020-2026
Colombia,SVI,SKSV,Eduardo Falla Solano Airport,2020,908,912,0,0,1820,0,908,912,1820,195,172,0,0,367,0,195,172,367,12,12,anual_completo,PasajerosArribadosPartidosxAeropuerto2020-2026,MovimientosxAeropuerto2020-2026
Colombia,TCD,SKRA,Tarapacá Airport,2020,,,,,,,,,,241,74,0,0,315,0,241,74,315,0,12,parcial,PasajerosArribadosPartidosxAeropuerto2020-2026,MovimientosxAeropuerto2020-2026
Colombia,TCO,SKCO,La Florida Airport,2020,20154,22174,0,0,42328,0,20154,22174,42328,4431,4376,0,1,8807,1,4431,4377,8808,12,12,anual_completo,PasajerosArribadosPartidosxAeropuerto2020-2026,MovimientosxAeropuerto2020-2026
Colombia,TLU,SKTL,Golfo de Morrosquillo Airport,2020,1807,1777,0,0,3584,0,1807,1777,3584,335,334,0,2,669,2,335,336,671,8,10,parcial,PasajerosArribadosPartidosxAeropuerto2020-2026,MovimientosxAeropuerto2020-2026
Colombia,TME,SKTM,Gustavo Vargas Airport,2020,1976,1909,0,0,3885,0,1976,1909,3885,810,789,0,0,1599,0,810,789,1599,12,12,anual_completo,PasajerosArribadosPartidosxAeropuerto2020-2026,MovimientosxAeropuerto2020-2026
Colombia,UIB,SKUI,El Caraño Airport,2020,69919,74458,0,0,144377,0,69919,74458,144377,6760,6679,1,0,13439,1,6761,6679,13440,12,12,anual_completo,PasajerosArribadosPartidosxAeropuerto2020-2026,MovimientosxAeropuerto2020-2026
Colombia,VUP,SKVP,Alfonso López Pumarejo Airport,2020,65045,46436,926,1233,111481,2159,65971,47669,113640,1527,1534,3,0,3061,3,1530,1534,3064,12,12,anual_completo,PasajerosArribadosPartidosxAeropuerto2020-2026,MovimientosxAeropuerto2020-2026
Colombia,VVC,SKVV,Vanguardia Airport,2020,41581,44533,8,7,86114,15,41589,44540,86129,17661,17528,1,0,35189,1,17662,17528,35190,12,12,anual_completo,PasajerosArribadosPartidosxAeropuerto2020-2026,MovimientosxAeropuerto2020-2026
Colombia,ADZ,SKSP,Gustavo Rojas Pinilla International Airport,2021,1103193,1127569,5294,5794,2230762,11088,1108487,1133363,2241850,11772,11772,60,72,23544,132,11832,11844,23676,12,12,anual_completo,PasajerosArribadosPartidosxAeropuerto2020-2026,MovimientosxAeropuerto2020-2026
Colombia,APO,SKLC,Antonio Roldán Betancur Airport,2021,94417,102189,0,0,196606,0,94417,102189,196606,9801,9706,6,11,19507,17,9807,9717,19524,12,12,anual_completo,PasajerosArribadosPartidosxAeropuerto2020-2026,MovimientosxAeropuerto2020-2026
Colombia,AUC,SKUC,Santiago Perez Airport,2021,68174,61479,0,0,129653,0,68174,61479,129653,3815,3820,0,0,7635,0,3815,3820,7635,12,12,anual_completo,PasajerosArribadosPartidosxAeropuerto2020-2026,MovimientosxAeropuerto2020-2026
Colombia,AXM,SKAR,El Eden Airport,2021,124759,116126,29355,31393,240885,60748,154114,147519,301633,2850,2854,197,197,5704,394,3047,3051,6098,12,12,anual_completo,PasajerosArribadosPartidosxAeropuerto2020-2026,MovimientosxAeropuerto2020-2026
Colombia,BAQ,SKBQ,Ernesto Cortissoz International Airport,2021,871992,844686,141349,158401,1716678,299750,1013341,1003087,2016428,18352,18496,2053,2023,36848,4076,20405,20519,40924,12,12,anual_completo,PasajerosArribadosPartidosxAeropuerto2020-2026,MovimientosxAeropuerto2020-2026
Colombia,BGA,SKBG,Palonegro Airport,2021,532972,546593,39661,41974,1079565,81635,572633,588567,1161200,11709,11684,350,353,23393,703,12059,12037,24096,12,12,anual_completo,PasajerosArribadosPartidosxAeropuerto2020-2026,MovimientosxAeropuerto2020-2026
Colombia,BOG,SKBO,El Dorado International Airport,2021,6552395,6647564,1931554,2102886,13199959,4034440,8483949,8750450,17234399,96797,97321,30089,29532,194118,59621,126886,126853,253739,12,12,anual_completo,PasajerosArribadosPartidosxAeropuerto2020-2026,MovimientosxAeropuerto2020-2026
Colombia,BSC,SKBS,José Celestino Mutis Airport,2021,36899,36635,8,0,73534,8,36907,36635,73542,4663,4659,0,0,9322,0,4663,4659,9322,12,12,anual_completo,PasajerosArribadosPartidosxAeropuerto2020-2026,MovimientosxAeropuerto2020-2026
Colombia,BUN,SKBU,Gerardo Tobar López Airport,2021,3794,3955,0,0,7749,0,3794,3955,7749,886,824,0,0,1710,0,886,824,1710,12,12,anual_completo,PasajerosArribadosPartidosxAeropuerto2020-2026,MovimientosxAeropuerto2020-2026
Colombia,CLO,SKCL,Alfonso Bonilla Aragon International Airport,2021,2016173,2032372,372224,366417,4048545,738641,2388397,2398789,4787186,31908,32144,3197,3098,64052,6295,35105,35242,70347,12,12,anual_completo,PasajerosArribadosPartidosxAeropuerto2020-2026,MovimientosxAeropuerto2020-2026
Colombia,CTG,SKCG,Rafael Nuñez International Airport,2021,1740852,1790727,226872,248847,3531579,475719,1967724,2039574,4007298,19254,19299,2431,2685,38553,5116,21685,21984,43669,12,12,anual_completo,PasajerosArribadosPartidosxAeropuerto2020-2026,MovimientosxAeropuerto2020-2026
Colombia,CUC,SKCC,Camilo Daza International Airport,2021,397385,433671,20702,20506,831056,41208,418087,454177,872264,7707,7671,25,25,15378,50,7732,7696,15428,12,12,anual_completo,PasajerosArribadosPartidosxAeropuerto2020-2026,MovimientosxAeropuerto2020-2026
Colombia,CZU,SKCZ,Las Brujas Airport,2021,18738,20390,0,0,39128,0,18738,20390,39128,899,1006,0,0,1905,0,899,1006,1905,12,12,anual_completo,PasajerosArribadosPartidosxAeropuerto2020-2026,MovimientosxAeropuerto2020-2026
Colombia,EJA,SKEJ,Yariguíes Airport,2021,26497,23272,91,42,49769,133,26588,23314,49902,4323,4349,0,1,8672,1,4323,4350,8673,12,12,anual_completo,PasajerosArribadosPartidosxAeropuerto2020-2026,MovimientosxAeropuerto2020-2026
Colombia,EOH,SKMD,Enrique Olaya Herrera Airport,2021,505932,488131,164,164,994063,328,506096,488295,994391,35254,35178,22,26,70432,48,35276,35204,70480,12,12,anual_completo,PasajerosArribadosPartidosxAeropuerto2020-2026,MovimientosxAeropuerto2020-2026
Colombia,EYP,SKYP,El Alcaravan - Yopal Airport,2021,80465,75573,0,0,156038,0,80465,75573,156038,7740,7673,0,0,15413,0,7740,7673,15413,12,12,anual_completo,PasajerosArribadosPartidosxAeropuerto2020-2026,MovimientosxAeropuerto2020-2026
Colombia,FLA,SKFL,Gustavo Artunduaga Paredes Airport,2021,40964,44270,0,0,85234,0,40964,44270,85234,2404,2385,1,0,4789,1,2405,2385,4790,12,12,anual_completo,PasajerosArribadosPartidosxAeropuerto2020-2026,MovimientosxAeropuerto2020-2026
Colombia,GPI,SKGP,Guapi Airport,2021,26308,28809,0,0,55117,0,26308,28809,55117,1817,1817,0,0,3634,0,1817,1817,3634,12,12,anual_completo,PasajerosArribadosPartidosxAeropuerto2020-2026,MovimientosxAeropuerto2020-2026
Colombia,IBE,SKIB,Perales Airport,2021,23873,27116,0,0,50989,0,23873,27116,50989,2693,2682,0,0,5375,0,2693,2682,5375,12,12,anual_completo,PasajerosArribadosPartidosxAeropuerto2020-2026,MovimientosxAeropuerto2020-2026
Colombia,IPI,SKIP,San Luis Airport,2021,13748,13523,0,0,27271,0,13748,13523,27271,491,490,1,1,981,2,492,491,983,12,12,anual_completo,PasajerosArribadosPartidosxAeropuerto2020-2026,MovimientosxAeropuerto2020-2026
Colombia,LCR,SKHZ,Virgilio Barco Vargas (La Chorrera) Airport,2021,,,,,,,,,,229,175,0,0,404,0,229,175,404,0,12,parcial,PasajerosArribadosPartidosxAeropuerto2020-2026,MovimientosxAeropuerto2020-2026
Colombia,LET,SKLT,Alfredo Vásquez Cobo International Airport,2021,65485,69583,37,17,135068,54,65522,69600,135122,2277,2419,86,67,4696,153,2363,2486,4849,12,12,anual_completo,PasajerosArribadosPartidosxAeropuerto2020-2026,MovimientosxAeropuerto2020-2026
Colombia,LMC,SKNA,La Macarena Airport,2021,11385,12127,0,0,23512,0,11385,12127,23512,2909,2812,0,0,5721,0,2909,2812,5721,12,12,anual_completo,PasajerosArribadosPartidosxAeropuerto2020-2026,MovimientosxAeropuerto2020-2026
Colombia,LPD,SKLP,La Pedrera Airport,2021,1853,1775,0,0,3628,0,1853,1775,3628,431,360,0,0,791,0,431,360,791,12,12,anual_completo,PasajerosArribadosPartidosxAeropuerto2020-2026,MovimientosxAeropuerto2020-2026
Colombia,LQM,SKLG,Caucaya Airport,2021,6949,6790,0,0,13739,0,6949,6790,13739,497,457,2,0,954,2,499,457,956,12,12,anual_completo,PasajerosArribadosPartidosxAeropuerto2020-2026,MovimientosxAeropuerto2020-2026
Colombia,MDE,SKRG,Jose Maria Córdova International Airport,2021,2813265,2646231,709293,733190,5459496,1442483,3522558,3379421,6901979,30286,29783,7673,8060,60069,15733,37959,37843,75802,12,12,anual_completo,PasajerosArribadosPartidosxAeropuerto2020-2026,MovimientosxAeropuerto2020-2026
Colombia,MTR,SKMR,Los Garzones Airport,2021,485212,456985,2313,2383,942197,4696,487525,459368,946893,7937,7927,2,0,15864,2,7939,7927,15866,12,12,anual_completo,PasajerosArribadosPartidosxAeropuerto2020-2026,MovimientosxAeropuerto2020-2026
Colombia,MVP,SKMU,Fabio Alberto Leon Bentley Airport,2021,19585,20264,5,3,39849,8,19590,20267,39857,6598,6540,0,0,13138,0,6598,6540,13138,12,12,anual_completo,PasajerosArribadosPartidosxAeropuerto2020-2026,MovimientosxAeropuerto2020-2026
Colombia,MZL,SKMZ,La Nubia Airport,2021,53125,53431,0,0,106556,0,53125,53431,106556,2260,2228,0,0,4488,0,2260,2228,4488,12,12,anual_completo,PasajerosArribadosPartidosxAeropuerto2020-2026,MovimientosxAeropuerto2020-2026
Colombia,NQU,SKNQ,Reyes Murillo Airport,2021,25127,24865,0,0,49992,0,25127,24865,49992,2966,2967,0,0,5933,0,2966,2967,5933,12,12,anual_completo,PasajerosArribadosPartidosxAeropuerto2020-2026,MovimientosxAeropuerto2020-2026
Colombia,NVA,SKNV,Benito Salas Airport,2021,68609,69110,0,0,137719,0,68609,69110,137719,4728,4817,0,0,9545,0,4728,4817,9545,12,12,anual_completo,PasajerosArribadosPartidosxAeropuerto2020-2026,MovimientosxAeropuerto2020-2026
Colombia,PCR,SKPC,German Olano Airport,2021,18278,18913,0,0,37191,0,18278,18913,37191,1679,1654,0,0,3333,0,1679,1654,3333,12,12,anual_completo,PasajerosArribadosPartidosxAeropuerto2020-2026,MovimientosxAeropuerto2020-2026
Colombia,PDA,SKPD,Obando Cesar Gaviria Trujillo Airport,2021,,,,,,,,,,2036,2034,0,0,4070,0,2036,2034,4070,0,12,parcial,PasajerosArribadosPartidosxAeropuerto2020-2026,MovimientosxAeropuerto2020-2026
Colombia,PEI,SKPE,Matecaña International Airport,2021,624009,624874,87418,84215,1248883,171633,711427,709089,1420516,10165,10194,545,548,20359,1093,10710,10742,21452,12,12,anual_completo,PasajerosArribadosPartidosxAeropuerto2020-2026,MovimientosxAeropuerto2020-2026
Colombia,PPN,SKPP,Guillermo León Valencia Airport,2021,33427,29289,0,0,62716,0,33427,29289,62716,3567,3582,0,0,7149,0,3567,3582,7149,12,12,anual_completo,PasajerosArribadosPartidosxAeropuerto2020-2026,MovimientosxAeropuerto2020-2026
Colombia,PSO,SKPS,Antonio Nariño Airport,2021,143386,147502,1048,1117,290888,2165,144434,148619,293053,2584,2563,0,0,5147,0,2584,2563,5147,12,12,anual_completo,PasajerosArribadosPartidosxAeropuerto2020-2026,MovimientosxAeropuerto2020-2026
Colombia,PUU,SKAS,Tres De Mayo Airport,2021,41919,44036,0,0,85955,0,41919,44036,85955,1756,1729,0,0,3485,0,1756,1729,3485,12,12,anual_completo,PasajerosArribadosPartidosxAeropuerto2020-2026,MovimientosxAeropuerto2020-2026
Colombia,PVA,SKPV,El Embrujo Airport,2021,12554,10627,14,0,23181,14,12568,10627,23195,2413,2423,0,0,4836,0,2413,2423,4836,12,12,anual_completo,PasajerosArribadosPartidosxAeropuerto2020-2026,MovimientosxAeropuerto2020-2026
Colombia,RCH,SKRH,Almirante Padilla Airport,2021,105671,110640,1127,836,216311,1963,106798,111476,218274,1225,1346,2,6,2571,8,1227,1352,2579,12,12,anual_completo,PasajerosArribadosPartidosxAeropuerto2020-2026,MovimientosxAeropuerto2020-2026
Colombia,RVE,SKSA,Los Colonizadores Airport,2021,14469,14884,0,0,29353,0,14469,14884,29353,2447,2395,0,0,4842,0,2447,2395,4842,12,12,anual_completo,PasajerosArribadosPartidosxAeropuerto2020-2026,MovimientosxAeropuerto2020-2026
Colombia,SJE,SKSJ,Jorge E. Gonzalez Torres Airport,2021,16395,17335,0,0,33730,0,16395,17335,33730,6300,6347,0,0,12647,0,6300,6347,12647,12,12,anual_completo,PasajerosArribadosPartidosxAeropuerto2020-2026,MovimientosxAeropuerto2020-2026
Colombia,SMR,SKSM,Simón Bolívar International Airport,2021,1143310,1128608,4287,4260,2271918,8547,1147597,1132868,2280465,11264,11229,61,60,22493,121,11325,11289,22614,12,12,anual_completo,PasajerosArribadosPartidosxAeropuerto2020-2026,MovimientosxAeropuerto2020-2026
Colombia,SVI,SKSV,Eduardo Falla Solano Airport,2021,3842,4188,0,0,8030,0,3842,4188,8030,409,395,0,0,804,0,409,395,804,12,12,anual_completo,PasajerosArribadosPartidosxAeropuerto2020-2026,MovimientosxAeropuerto2020-2026
Colombia,TCD,SKRA,Tarapacá Airport,2021,,,,,,,,,,237,164,0,0,401,0,237,164,401,0,12,parcial,PasajerosArribadosPartidosxAeropuerto2020-2026,MovimientosxAeropuerto2020-2026
Colombia,TCO,SKCO,La Florida Airport,2021,51391,55174,0,0,106565,0,51391,55174,106565,4916,4898,3,6,9814,9,4919,4904,9823,12,12,anual_completo,PasajerosArribadosPartidosxAeropuerto2020-2026,MovimientosxAeropuerto2020-2026
Colombia,TLU,SKTL,Golfo de Morrosquillo Airport,2021,8372,8367,0,0,16739,0,8372,8367,16739,631,633,19,15,1264,34,650,648,1298,12,12,anual_completo,PasajerosArribadosPartidosxAeropuerto2020-2026,MovimientosxAeropuerto2020-2026
Colombia,TME,SKTM,Gustavo Vargas Airport,2021,4107,4209,0,0,8316,0,4107,4209,8316,1007,998,0,0,2005,0,1007,998,2005,12,12,anual_completo,PasajerosArribadosPartidosxAeropuerto2020-2026,MovimientosxAeropuerto2020-2026
Colombia,UIB,SKUI,El Caraño Airport,2021,135769,150013,0,0,285782,0,135769,150013,285782,8943,8913,0,1,17856,1,8943,8914,17857,12,12,anual_completo,PasajerosArribadosPartidosxAeropuerto2020-2026,MovimientosxAeropuerto2020-2026
Colombia,VUP,SKVP,Alfonso López Pumarejo Airport,2021,134107,120919,1132,1235,255026,2367,135239,122154,257393,2383,2451,5,1,4834,6,2388,2452,4840,12,12,anual_completo,PasajerosArribadosPartidosxAeropuerto2020-2026,MovimientosxAeropuerto2020-2026
Colombia,VVC,SKVV,Vanguardia Airport,2021,61053,63342,0,1,124395,1,61053,63343,124396,20712,20627,0,0,41339,0,20712,20627,41339,12,12,anual_completo,PasajerosArribadosPartidosxAeropuerto2020-2026,MovimientosxAeropuerto2020-2026
Colombia,ADZ,SKSP,Gustavo Rojas Pinilla International Airport,2022,1311802,1296182,22381,37897,2607984,60278,1334183,1334079,2668262,12551,12571,277,273,25122,550,12828,12844,25672,12,12,anual_completo,PasajerosArribadosPartidosxAeropuerto2020-2026,MovimientosxAeropuerto2020-2026
Colombia,APO,SKLC,Antonio Roldán Betancur Airport,2022,119775,126978,0,0,246753,0,119775,126978,246753,10440,10404,8,9,20844,17,10448,10413,20861,12,12,anual_completo,PasajerosArribadosPartidosxAeropuerto2020-2026,MovimientosxAeropuerto2020-2026
Colombia,AUC,SKUC,Santiago Perez Airport,2022,76376,78114,0,0,154490,0,76376,78114,154490,4091,4131,0,0,8222,0,4091,4131,8222,12,12,anual_completo,PasajerosArribadosPartidosxAeropuerto2020-2026,MovimientosxAeropuerto2020-2026
Colombia,AXM,SKAR,El Eden Airport,2022,249841,241846,40119,46702,491687,86821,289960,288548,578508,3902,3906,337,336,7808,673,4239,4242,8481,12,12,anual_completo,PasajerosArribadosPartidosxAeropuerto2020-2026,MovimientosxAeropuerto2020-2026
Colombia,BAQ,SKBQ,Ernesto Cortissoz International Airport,2022,1152064,1083792,174216,207639,2235856,381855,1326280,1291431,2617711,20563,20778,2350,2271,41341,4621,22913,23049,45962,12,12,anual_completo,PasajerosArribadosPartidosxAeropuerto2020-2026,MovimientosxAeropuerto2020-2026
Colombia,BGA,SKBG,Palonegro Airport,2022,892429,953521,40886,68965,1845950,109851,933315,1022486,1955801,13847,13800,372,366,27647,738,14219,14166,28385,12,12,anual_completo,PasajerosArribadosPartidosxAeropuerto2020-2026,MovimientosxAeropuerto2020-2026
Colombia,BOG,SKBO,El Dorado International Airport,2022,9514832,9168255,4422522,3885437,18683087,8307959,13937354,13053692,26991046,116479,117048,48784,48124,233527,96908,165263,165172,330435,12,12,anual_completo,PasajerosArribadosPartidosxAeropuerto2020-2026,MovimientosxAeropuerto2020-2026
Colombia,BSC,SKBS,José Celestino Mutis Airport,2022,45812,42366,0,2,88178,2,45812,42368,88180,4350,4338,0,0,8688,0,4350,4338,8688,12,12,anual_completo,PasajerosArribadosPartidosxAeropuerto2020-2026,MovimientosxAeropuerto2020-2026
Colombia,BUN,SKBU,Gerardo Tobar López Airport,2022,3985,4040,0,0,8025,0,3985,4040,8025,554,545,0,0,1099,0,554,545,1099,12,12,anual_completo,PasajerosArribadosPartidosxAeropuerto2020-2026,MovimientosxAeropuerto2020-2026
Colombia,CLO,SKCL,Alfonso Bonilla Aragon International Airport,2022,2514889,2607920,505244,659390,5122809,1164634,3020133,3267310,6287443,36164,36331,4899,4708,72495,9607,41063,41039,82102,12,12,anual_completo,PasajerosArribadosPartidosxAeropuerto2020-2026,MovimientosxAeropuerto2020-2026
Colombia,CTG,SKCG,Rafael Nuñez International Airport,2022,2596803,2661766,431819,550034,5258569,981853,3028622,3211800,6240422,26193,26034,3985,4421,52227,8406,30178,30455,60633,12,12,anual_completo,PasajerosArribadosPartidosxAeropuerto2020-2026,MovimientosxAeropuerto2020-2026
Colombia,CUC,SKCC,Camilo Daza International Airport,2022,698314,697709,29354,56706,1396023,86060,727668,754415,1482083,8935,8945,214,217,17880,431,9149,9162,18311,12,12,anual_completo,PasajerosArribadosPartidosxAeropuerto2020-2026,MovimientosxAeropuerto2020-2026
Colombia,CZU,SKCZ,Las Brujas Airport,2022,26995,27795,0,0,54790,0,26995,27795,54790,966,1072,0,0,2038,0,966,1072,2038,12,12,anual_completo,PasajerosArribadosPartidosxAeropuerto2020-2026,MovimientosxAeropuerto2020-2026
Colombia,EJA,SKEJ,Yariguíes Airport,2022,49400,49844,41,42,99244,83,49441,49886,99327,3076,3157,0,0,6233,0,3076,3157,6233,12,12,anual_completo,PasajerosArribadosPartidosxAeropuerto2020-2026,MovimientosxAeropuerto2020-2026
Colombia,EOH,SKMD,Enrique Olaya Herrera Airport,2022,620197,615125,15,6,1235322,21,620212,615131,1235343,40003,39923,66,79,79926,145,40069,40002,80071,12,12,anual_completo,PasajerosArribadosPartidosxAeropuerto2020-2026,MovimientosxAeropuerto2020-2026
Colombia,EYP,SKYP,El Alcaravan - Yopal Airport,2022,132234,140170,0,0,272404,0,132234,140170,272404,9901,9784,0,0,19685,0,9901,9784,19685,12,12,anual_completo,PasajerosArribadosPartidosxAeropuerto2020-2026,MovimientosxAeropuerto2020-2026
Colombia,FLA,SKFL,Gustavo Artunduaga Paredes Airport,2022,64375,67678,0,0,132053,0,64375,67678,132053,2508,2459,0,1,4967,1,2508,2460,4968,12,12,anual_completo,PasajerosArribadosPartidosxAeropuerto2020-2026,MovimientosxAeropuerto2020-2026
Colombia,GPI,SKGP,Guapi Airport,2022,29682,32628,0,0,62310,0,29682,32628,62310,1619,1620,0,0,3239,0,1619,1620,3239,12,12,anual_completo,PasajerosArribadosPartidosxAeropuerto2020-2026,MovimientosxAeropuerto2020-2026
Colombia,IBE,SKIB,Perales Airport,2022,59370,75014,14,0,134384,14,59384,75014,134398,3179,3163,0,0,6342,0,3179,3163,6342,12,12,anual_completo,PasajerosArribadosPartidosxAeropuerto2020-2026,MovimientosxAeropuerto2020-2026
Colombia,IPI,SKIP,San Luis Airport,2022,14710,15118,0,0,29828,0,14710,15118,29828,509,509,0,1,1018,1,509,510,1019,12,12,anual_completo,PasajerosArribadosPartidosxAeropuerto2020-2026,MovimientosxAeropuerto2020-2026
Colombia,LCR,SKHZ,Virgilio Barco Vargas (La Chorrera) Airport,2022,,,,,,,,,,254,235,0,0,489,0,254,235,489,0,12,parcial,PasajerosArribadosPartidosxAeropuerto2020-2026,MovimientosxAeropuerto2020-2026
Colombia,LET,SKLT,Alfredo Vásquez Cobo International Airport,2022,171201,165820,103,362,337021,465,171304,166182,337486,2817,2868,49,41,5685,90,2866,2909,5775,12,12,anual_completo,PasajerosArribadosPartidosxAeropuerto2020-2026,MovimientosxAeropuerto2020-2026
Colombia,LMC,SKNA,La Macarena Airport,2022,14824,15292,0,0,30116,0,14824,15292,30116,3070,3012,0,0,6082,0,3070,3012,6082,12,12,anual_completo,PasajerosArribadosPartidosxAeropuerto2020-2026,MovimientosxAeropuerto2020-2026
Colombia,LPD,SKLP,La Pedrera Airport,2022,2803,2921,0,0,5724,0,2803,2921,5724,546,478,0,0,1024,0,546,478,1024,12,12,anual_completo,PasajerosArribadosPartidosxAeropuerto2020-2026,MovimientosxAeropuerto2020-2026
Colombia,LQM,SKLG,Caucaya Airport,2022,7577,7344,0,0,14921,0,7577,7344,14921,465,445,0,0,910,0,465,445,910,12,12,anual_completo,PasajerosArribadosPartidosxAeropuerto2020-2026,MovimientosxAeropuerto2020-2026
Colombia,MDE,SKRG,Jose Maria Córdova International Airport,2022,4205289,4246247,1184855,1275172,8451536,2460027,5390144,5521419,10911563,43606,43080,12405,12795,86686,25200,56011,55875,111886,12,12,anual_completo,PasajerosArribadosPartidosxAeropuerto2020-2026,MovimientosxAeropuerto2020-2026
Colombia,MTR,SKMR,Los Garzones Airport,2022,636272,745697,1670,5285,1381969,6955,637942,750982,1388924,9462,9491,3,3,18953,6,9465,9494,18959,12,12,anual_completo,PasajerosArribadosPartidosxAeropuerto2020-2026,MovimientosxAeropuerto2020-2026
Colombia,MVP,SKMU,Fabio Alberto Leon Bentley Airport,2022,20703,21428,0,0,42131,0,20703,21428,42131,7690,7662,0,0,15352,0,7690,7662,15352,12,12,anual_completo,PasajerosArribadosPartidosxAeropuerto2020-2026,MovimientosxAeropuerto2020-2026
Colombia,MZL,SKMZ,La Nubia Airport,2022,66594,62958,0,0,129552,0,66594,62958,129552,2408,2358,0,0,4766,0,2408,2358,4766,12,12,anual_completo,PasajerosArribadosPartidosxAeropuerto2020-2026,MovimientosxAeropuerto2020-2026
Colombia,NQU,SKNQ,Reyes Murillo Airport,2022,22549,23452,0,0,46001,0,22549,23452,46001,2992,2995,0,0,5987,0,2992,2995,5987,12,12,anual_completo,PasajerosArribadosPartidosxAeropuerto2020-2026,MovimientosxAeropuerto2020-2026
Colombia,NVA,SKNV,Benito Salas Airport,2022,170891,184419,0,1,355310,1,170891,184420,355311,5729,5733,0,0,11462,0,5729,5733,11462,12,12,anual_completo,PasajerosArribadosPartidosxAeropuerto2020-2026,MovimientosxAeropuerto2020-2026
Colombia,PCR,SKPC,German Olano Airport,2022,25304,26508,0,0,51812,0,25304,26508,51812,1607,1596,1,5,3203,6,1608,1601,3209,12,12,anual_completo,PasajerosArribadosPartidosxAeropuerto2020-2026,MovimientosxAeropuerto2020-2026
Colombia,PDA,SKPD,Obando Cesar Gaviria Trujillo Airport,2022,,,,,,,,,,2100,2095,0,0,4195,0,2100,2095,4195,0,12,parcial,PasajerosArribadosPartidosxAeropuerto2020-2026,MovimientosxAeropuerto2020-2026
Colombia,PEI,SKPE,Matecaña International Airport,2022,1029326,1094369,94697,145344,2123695,240041,1124023,1239713,2363736,12928,12955,707,706,25883,1413,13635,13661,27296,12,12,anual_completo,PasajerosArribadosPartidosxAeropuerto2020-2026,MovimientosxAeropuerto2020-2026
Colombia,PPN,SKPP,Guillermo León Valencia Airport,2022,55894,49087,0,0,104981,0,55894,49087,104981,3240,3248,1,0,6488,1,3241,3248,6489,12,12,anual_completo,PasajerosArribadosPartidosxAeropuerto2020-2026,MovimientosxAeropuerto2020-2026
Colombia,PSO,SKPS,Antonio Nariño Airport,2022,331126,323003,591,3242,654129,3833,331717,326245,657962,3963,3944,0,0,7907,0,3963,3944,7907,12,12,anual_completo,PasajerosArribadosPartidosxAeropuerto2020-2026,MovimientosxAeropuerto2020-2026
Colombia,PUU,SKAS,Tres De Mayo Airport,2022,64826,66496,0,0,131322,0,64826,66496,131322,2289,2269,0,0,4558,0,2289,2269,4558,12,12,anual_completo,PasajerosArribadosPartidosxAeropuerto2020-2026,MovimientosxAeropuerto2020-2026
Colombia,PVA,SKPV,El Embrujo Airport,2022,22703,25281,0,0,47984,0,22703,25281,47984,2004,1994,0,0,3998,0,2004,1994,3998,12,12,anual_completo,PasajerosArribadosPartidosxAeropuerto2020-2026,MovimientosxAeropuerto2020-2026
Colombia,RCH,SKRH,Almirante Padilla Airport,2022,213062,210122,875,3622,423184,4497,213937,213744,427681,1856,1976,1,1,3832,2,1857,1977,3834,12,12,anual_completo,PasajerosArribadosPartidosxAeropuerto2020-2026,MovimientosxAeropuerto2020-2026
Colombia,RVE,SKSA,Los Colonizadores Airport,2022,19378,19523,0,0,38901,0,19378,19523,38901,2610,2625,0,0,5235,0,2610,2625,5235,12,12,anual_completo,PasajerosArribadosPartidosxAeropuerto2020-2026,MovimientosxAeropuerto2020-2026
Colombia,SJE,SKSJ,Jorge E. Gonzalez Torres Airport,2022,19514,20041,0,0,39555,0,19514,20041,39555,6058,6046,0,0,12104,0,6058,6046,12104,12,12,anual_completo,PasajerosArribadosPartidosxAeropuerto2020-2026,MovimientosxAeropuerto2020-2026
Colombia,SMR,SKSM,Simón Bolívar International Airport,2022,1699049,1655067,13810,24060,3354116,37870,1712859,1679127,3391986,15060,15066,148,157,30126,305,15208,15223,30431,12,12,anual_completo,PasajerosArribadosPartidosxAeropuerto2020-2026,MovimientosxAeropuerto2020-2026
Colombia,SVI,SKSV,Eduardo Falla Solano Airport,2022,4093,4265,0,0,8358,0,4093,4265,8358,521,493,0,0,1014,0,521,493,1014,12,12,anual_completo,PasajerosArribadosPartidosxAeropuerto2020-2026,MovimientosxAeropuerto2020-2026
Colombia,TCD,SKRA,Tarapacá Airport,2022,,,,,,,,,,208,161,0,0,369,0,208,161,369,0,12,parcial,PasajerosArribadosPartidosxAeropuerto2020-2026,MovimientosxAeropuerto2020-2026
Colombia,TCO,SKCO,La Florida Airport,2022,62398,62647,0,0,125045,0,62398,62647,125045,3443,3422,4,5,6865,9,3447,3427,6874,12,12,anual_completo,PasajerosArribadosPartidosxAeropuerto2020-2026,MovimientosxAeropuerto2020-2026
Colombia,TLU,SKTL,Golfo de Morrosquillo Airport,2022,19347,17819,0,0,37166,0,19347,17819,37166,888,890,0,0,1778,0,888,890,1778,12,12,anual_completo,PasajerosArribadosPartidosxAeropuerto2020-2026,MovimientosxAeropuerto2020-2026
Colombia,TME,SKTM,Gustavo Vargas Airport,2022,5291,5729,0,0,11020,0,5291,5729,11020,2153,2141,0,0,4294,0,2153,2141,4294,12,12,anual_completo,PasajerosArribadosPartidosxAeropuerto2020-2026,MovimientosxAeropuerto2020-2026
Colombia,UIB,SKUI,El Caraño Airport,2022,167048,185607,21,17,352655,38,167069,185624,352693,9999,10009,0,0,20008,0,9999,10009,20008,12,12,anual_completo,PasajerosArribadosPartidosxAeropuerto2020-2026,MovimientosxAeropuerto2020-2026
Colombia,VUP,SKVP,Alfonso López Pumarejo Airport,2022,225070,221645,855,5521,446715,6376,225925,227166,453091,3566,3606,10,9,7172,19,3576,3615,7191,12,12,anual_completo,PasajerosArribadosPartidosxAeropuerto2020-2026,MovimientosxAeropuerto2020-2026
Colombia,VVC,SKVV,Vanguardia Airport,2022,126200,132971,18,9,259171,27,126218,132980,259198,23018,22909,0,0,45927,0,23018,22909,45927,12,12,anual_completo,PasajerosArribadosPartidosxAeropuerto2020-2026,MovimientosxAeropuerto2020-2026
Colombia,ADZ,SKSP,Gustavo Rojas Pinilla International Airport,2023,923658,892845,14498,36880,1816503,51378,938156,929725,1867881,8321,8322,191,203,16643,394,8512,8525,17037,12,12,anual_completo,PasajerosArribadosPartidosxAeropuerto2020-2026,MovimientosxAeropuerto2020-2026
Colombia,APO,SKLC,Antonio Roldán Betancur Airport,2023,91980,102568,0,0,194548,0,91980,102568,194548,9518,9588,13,4,19106,17,9531,9592,19123,12,12,anual_completo,PasajerosArribadosPartidosxAeropuerto2020-2026,MovimientosxAeropuerto2020-2026
Colombia,AUC,SKUC,Santiago Perez Airport,2023,69978,66119,0,0,136097,0,69978,66119,136097,3940,3913,0,0,7853,0,3940,3913,7853,12,12,anual_completo,PasajerosArribadosPartidosxAeropuerto2020-2026,MovimientosxAeropuerto2020-2026
Colombia,AXM,SKAR,El Eden Airport,2023,249846,247753,39168,43463,497599,82631,289014,291216,580230,3637,3635,325,324,7272,649,3962,3959,7921,12,12,anual_completo,PasajerosArribadosPartidosxAeropuerto2020-2026,MovimientosxAeropuerto2020-2026
Colombia,BAQ,SKBQ,Ernesto Cortissoz International Airport,2023,1105587,1227492,206843,260297,2333079,467140,1312430,1487789,2800219,20047,20181,2444,2389,40228,4833,22491,22570,45061,12,12,anual_completo,PasajerosArribadosPartidosxAeropuerto2020-2026,MovimientosxAeropuerto2020-2026
Colombia,BGA,SKBG,Palonegro Airport,2023,837902,933702,37769,73396,1771604,111165,875671,1007098,1882769,14025,14014,416,400,28039,816,14441,14414,28855,12,12,anual_completo,PasajerosArribadosPartidosxAeropuerto2020-2026,MovimientosxAeropuerto2020-2026
Colombia,BOG,SKBO,El Dorado International Airport,2023,9675010,9167358,6114186,5786305,18842368,11900491,15789196,14953663,30742859,119204,120018,54119,53288,239222,107407,173323,173306,346629,12,12,anual_completo,PasajerosArribadosPartidosxAeropuerto2020-2026,MovimientosxAeropuerto2020-2026
Colombia,BSC,SKBS,José Celestino Mutis Airport,2023,46219,46310,0,0,92529,0,46219,46310,92529,3812,3804,0,0,7616,0,3812,3804,7616,12,12,anual_completo,PasajerosArribadosPartidosxAeropuerto2020-2026,MovimientosxAeropuerto2020-2026
Colombia,BUN,SKBU,Gerardo Tobar López Airport,2023,5679,5258,0,0,10937,0,5679,5258,10937,603,587,0,0,1190,0,603,587,1190,12,12,anual_completo,PasajerosArribadosPartidosxAeropuerto2020-2026,MovimientosxAeropuerto2020-2026
Colombia,CLO,SKCL,Alfonso Bonilla Aragon International Airport,2023,2357504,2367878,460170,660405,4725382,1120575,2817674,3028283,5845957,33297,33378,4009,3921,66675,7930,37306,37299,74605,12,12,anual_completo,PasajerosArribadosPartidosxAeropuerto2020-2026,MovimientosxAeropuerto2020-2026
Colombia,CTG,SKCG,Rafael Nuñez International Airport,2023,2085594,2186917,562407,804235,4272511,1366642,2648001,2991152,5639153,20836,20587,4845,5361,41423,10206,25681,25948,51629,12,12,anual_completo,PasajerosArribadosPartidosxAeropuerto2020-2026,MovimientosxAeropuerto2020-2026
Colombia,CUC,SKCC,Camilo Daza International Airport,2023,632296,654352,25531,62412,1286648,87943,657827,716764,1374591,8277,8308,231,237,16585,468,8508,8545,17053,12,12,anual_completo,PasajerosArribadosPartidosxAeropuerto2020-2026,MovimientosxAeropuerto2020-2026
Colombia,CZU,SKCZ,Las Brujas Airport,2023,14577,13919,0,0,28496,0,14577,13919,28496,743,812,0,0,1555,0,743,812,1555,12,12,anual_completo,PasajerosArribadosPartidosxAeropuerto2020-2026,MovimientosxAeropuerto2020-2026
Colombia,EJA,SKEJ,Yariguíes Airport,2023,62494,62812,0,87,125306,87,62494,62899,125393,2801,2858,0,0,5659,0,2801,2858,5659,12,12,anual_completo,PasajerosArribadosPartidosxAeropuerto2020-2026,MovimientosxAeropuerto2020-2026
Colombia,EOH,SKMD,Enrique Olaya Herrera Airport,2023,620189,616754,0,34,1236943,34,620189,616788,1236977,37442,37406,107,117,74848,224,37549,37523,75072,12,12,anual_completo,PasajerosArribadosPartidosxAeropuerto2020-2026,MovimientosxAeropuerto2020-2026
Colombia,EYP,SKYP,El Alcaravan - Yopal Airport,2023,136049,155442,0,0,291491,0,136049,155442,291491,9052,8997,0,0,18049,0,9052,8997,18049,12,12,anual_completo,PasajerosArribadosPartidosxAeropuerto2020-2026,MovimientosxAeropuerto2020-2026
Colombia,FLA,SKFL,Gustavo Artunduaga Paredes Airport,2023,45710,52432,0,0,98142,0,45710,52432,98142,1671,1638,0,0,3309,0,1671,1638,3309,12,12,anual_completo,PasajerosArribadosPartidosxAeropuerto2020-2026,MovimientosxAeropuerto2020-2026
Colombia,GPI,SKGP,Guapi Airport,2023,30763,31561,0,0,62324,0,30763,31561,62324,1732,1748,0,0,3480,0,1732,1748,3480,12,12,anual_completo,PasajerosArribadosPartidosxAeropuerto2020-2026,MovimientosxAeropuerto2020-2026
Colombia,IBE,SKIB,Perales Airport,2023,53304,84687,0,0,137991,0,53304,84687,137991,2691,2686,1,1,5377,2,2692,2687,5379,12,12,anual_completo,PasajerosArribadosPartidosxAeropuerto2020-2026,MovimientosxAeropuerto2020-2026
Colombia,IPI,SKIP,San Luis Airport,2023,30291,29056,0,0,59347,0,30291,29056,59347,673,673,1,0,1346,1,674,673,1347,12,12,anual_completo,PasajerosArribadosPartidosxAeropuerto2020-2026,MovimientosxAeropuerto2020-2026
Colombia,LCR,SKHZ,Virgilio Barco Vargas (La Chorrera) Airport,2023,,,,,,,,,,280,261,0,0,541,0,280,261,541,0,12,parcial,PasajerosArribadosPartidosxAeropuerto2020-2026,MovimientosxAeropuerto2020-2026
Colombia,LET,SKLT,Alfredo Vásquez Cobo International Airport,2023,138871,153850,42,711,292721,753,138913,154561,293474,2645,2786,25,36,5431,61,2670,2822,5492,12,12,anual_completo,PasajerosArribadosPartidosxAeropuerto2020-2026,MovimientosxAeropuerto2020-2026
Colombia,LMC,SKNA,La Macarena Airport,2023,15079,15286,0,0,30365,0,15079,15286,30365,2679,2621,0,0,5300,0,2679,2621,5300,12,12,anual_completo,PasajerosArribadosPartidosxAeropuerto2020-2026,MovimientosxAeropuerto2020-2026
Colombia,LPD,SKLP,La Pedrera Airport,2023,2035,2248,0,0,4283,0,2035,2248,4283,560,482,0,0,1042,0,560,482,1042,12,12,anual_completo,PasajerosArribadosPartidosxAeropuerto2020-2026,MovimientosxAeropuerto2020-2026
Colombia,LQM,SKLG,Caucaya Airport,2023,8106,8228,0,0,16334,0,8106,8228,16334,416,387,2,0,803,2,418,387,805,12,12,anual_completo,PasajerosArribadosPartidosxAeropuerto2020-2026,MovimientosxAeropuerto2020-2026
Colombia,MDE,SKRG,Jose Maria Córdova International Airport,2023,3615734,3484053,1313401,1578019,7099787,2891420,4929135,5062072,9991207,35234,34702,11816,12245,69936,24061,47050,46947,93997,12,12,anual_completo,PasajerosArribadosPartidosxAeropuerto2020-2026,MovimientosxAeropuerto2020-2026
Colombia,MTR,SKMR,Los Garzones Airport,2023,591519,548696,116,6354,1140215,6470,591635,555050,1146685,8214,8206,3,3,16420,6,8217,8209,16426,12,12,anual_completo,PasajerosArribadosPartidosxAeropuerto2020-2026,MovimientosxAeropuerto2020-2026
Colombia,MVP,SKMU,Fabio Alberto Leon Bentley Airport,2023,26596,26035,1,0,52631,1,26597,26035,52632,8060,8057,1,0,16117,1,8061,8057,16118,12,12,anual_completo,PasajerosArribadosPartidosxAeropuerto2020-2026,MovimientosxAeropuerto2020-2026
Colombia,MZL,SKMZ,La Nubia Airport,2023,41787,46016,0,0,87803,0,41787,46016,87803,1830,1830,0,0,3660,0,1830,1830,3660,12,12,anual_completo,PasajerosArribadosPartidosxAeropuerto2020-2026,MovimientosxAeropuerto2020-2026
Colombia,NQU,SKNQ,Reyes Murillo Airport,2023,22812,21816,0,0,44628,0,22812,21816,44628,2416,2405,0,0,4821,0,2416,2405,4821,12,12,anual_completo,PasajerosArribadosPartidosxAeropuerto2020-2026,MovimientosxAeropuerto2020-2026
Colombia,NVA,SKNV,Benito Salas Airport,2023,148681,166840,0,12,315521,12,148681,166852,315533,4570,4612,0,0,9182,0,4570,4612,9182,12,12,anual_completo,PasajerosArribadosPartidosxAeropuerto2020-2026,MovimientosxAeropuerto2020-2026
Colombia,PCR,SKPC,German Olano Airport,2023,33978,33347,0,0,67325,0,33978,33347,67325,1483,1473,1,1,2956,2,1484,1474,2958,12,12,anual_completo,PasajerosArribadosPartidosxAeropuerto2020-2026,MovimientosxAeropuerto2020-2026
Colombia,PDA,SKPD,Obando Cesar Gaviria Trujillo Airport,2023,,,,,,,,,,1962,1975,0,0,3937,0,1962,1975,3937,0,12,parcial,PasajerosArribadosPartidosxAeropuerto2020-2026,MovimientosxAeropuerto2020-2026
Colombia,PEI,SKPE,Matecaña International Airport,2023,748012,875894,94343,149779,1623906,244122,842355,1025673,1868028,11068,11065,881,891,22133,1772,11949,11956,23905,12,12,anual_completo,PasajerosArribadosPartidosxAeropuerto2020-2026,MovimientosxAeropuerto2020-2026
Colombia,PPN,SKPP,Guillermo León Valencia Airport,2023,53854,60988,0,0,114842,0,53854,60988,114842,4094,4133,1,0,8227,1,4095,4133,8228,12,12,anual_completo,PasajerosArribadosPartidosxAeropuerto2020-2026,MovimientosxAeropuerto2020-2026
Colombia,PSO,SKPS,Antonio Nariño Airport,2023,362624,401699,8,5005,764323,5013,362632,406704,769336,4156,4127,1,0,8283,1,4157,4127,8284,12,12,anual_completo,PasajerosArribadosPartidosxAeropuerto2020-2026,MovimientosxAeropuerto2020-2026
Colombia,PUU,SKAS,Tres De Mayo Airport,2023,55695,60339,0,0,116034,0,55695,60339,116034,1776,1801,0,0,3577,0,1776,1801,3577,12,12,anual_completo,PasajerosArribadosPartidosxAeropuerto2020-2026,MovimientosxAeropuerto2020-2026
Colombia,PVA,SKPV,El Embrujo Airport,2023,34255,37962,0,0,72217,0,34255,37962,72217,1302,1303,0,0,2605,0,1302,1303,2605,12,12,anual_completo,PasajerosArribadosPartidosxAeropuerto2020-2026,MovimientosxAeropuerto2020-2026
Colombia,RCH,SKRH,Almirante Padilla Airport,2023,218485,240240,26,4740,458725,4766,218511,244980,463491,2373,2558,0,0,4931,0,2373,2558,4931,12,12,anual_completo,PasajerosArribadosPartidosxAeropuerto2020-2026,MovimientosxAeropuerto2020-2026
Colombia,RVE,SKSA,Los Colonizadores Airport,2023,22617,22771,0,0,45388,0,22617,22771,45388,3008,3145,0,0,6153,0,3008,3145,6153,12,12,anual_completo,PasajerosArribadosPartidosxAeropuerto2020-2026,MovimientosxAeropuerto2020-2026
Colombia,SJE,SKSJ,Jorge E. Gonzalez Torres Airport,2023,18740,18902,4,0,37642,4,18744,18902,37646,4372,4382,0,0,8754,0,4372,4382,8754,12,12,anual_completo,PasajerosArribadosPartidosxAeropuerto2020-2026,MovimientosxAeropuerto2020-2026
Colombia,SMR,SKSM,Simón Bolívar International Airport,2023,1279766,1274371,18674,35271,2554137,53945,1298440,1309642,2608082,10681,10725,262,255,21406,517,10943,10980,21923,12,12,anual_completo,PasajerosArribadosPartidosxAeropuerto2020-2026,MovimientosxAeropuerto2020-2026
Colombia,SVI,SKSV,Eduardo Falla Solano Airport,2023,3499,3635,0,0,7134,0,3499,3635,7134,415,399,1,1,814,2,416,400,816,12,12,anual_completo,PasajerosArribadosPartidosxAeropuerto2020-2026,MovimientosxAeropuerto2020-2026
Colombia,TCD,SKRA,Tarapacá Airport,2023,,,,,,,,,,190,147,0,0,337,0,190,147,337,0,12,parcial,PasajerosArribadosPartidosxAeropuerto2020-2026,MovimientosxAeropuerto2020-2026
Colombia,TCO,SKCO,La Florida Airport,2023,74031,76278,0,0,150309,0,74031,76278,150309,3520,3506,1,9,7026,10,3521,3515,7036,12,12,anual_completo,PasajerosArribadosPartidosxAeropuerto2020-2026,MovimientosxAeropuerto2020-2026
Colombia,TLU,SKTL,Golfo de Morrosquillo Airport,2023,32492,37820,0,0,70312,0,32492,37820,70312,1302,1305,0,0,2607,0,1302,1305,2607,12,12,anual_completo,PasajerosArribadosPartidosxAeropuerto2020-2026,MovimientosxAeropuerto2020-2026
Colombia,TME,SKTM,Gustavo Vargas Airport,2023,3982,4324,0,1,8306,1,3982,4325,8307,1796,1801,0,0,3597,0,1796,1801,3597,12,12,anual_completo,PasajerosArribadosPartidosxAeropuerto2020-2026,MovimientosxAeropuerto2020-2026
Colombia,UIB,SKUI,El Caraño Airport,2023,160601,165394,0,0,325995,0,160601,165394,325995,9570,9507,2,0,19077,2,9572,9507,19079,12,12,anual_completo,PasajerosArribadosPartidosxAeropuerto2020-2026,MovimientosxAeropuerto2020-2026
Colombia,VUP,SKVP,Alfonso López Pumarejo Airport,2023,198516,226620,13,5248,425136,5261,198529,231868,430397,3379,3435,5,8,6814,13,3384,3443,6827,12,12,anual_completo,PasajerosArribadosPartidosxAeropuerto2020-2026,MovimientosxAeropuerto2020-2026
Colombia,VVC,SKVV,Vanguardia Airport,2023,123087,150039,5,1,273126,6,123092,150040,273132,18288,18236,0,0,36524,0,18288,18236,36524,12,12,anual_completo,PasajerosArribadosPartidosxAeropuerto2020-2026,MovimientosxAeropuerto2020-2026
Colombia,ADZ,SKSP,Gustavo Rojas Pinilla International Airport,2024,962815,1071935,25298,58716,2034750,84014,988113,1130651,2118764,9700,9703,241,249,19403,490,9941,9952,19893,12,12,anual_completo,PasajerosArribadosPartidosxAeropuerto2020-2026,MovimientosxAeropuerto2020-2026
Colombia,APO,SKLC,Antonio Roldán Betancur Airport,2024,88286,84617,0,0,172903,0,88286,84617,172903,10152,10180,8,4,20332,12,10160,10184,20344,12,12,anual_completo,PasajerosArribadosPartidosxAeropuerto2020-2026,MovimientosxAeropuerto2020-2026
Colombia,AUC,SKUC,Santiago Perez Airport,2024,75827,70803,0,7,146630,7,75827,70810,146637,3645,3671,0,0,7316,0,3645,3671,7316,12,12,anual_completo,PasajerosArribadosPartidosxAeropuerto2020-2026,MovimientosxAeropuerto2020-2026
Colombia,AXM,SKAR,El Eden Airport,2024,303269,285867,40296,48487,589136,88783,343565,334354,677919,3648,3660,332,331,7308,663,3980,3991,7971,12,12,anual_completo,PasajerosArribadosPartidosxAeropuerto2020-2026,MovimientosxAeropuerto2020-2026
Colombia,BAQ,SKBQ,Ernesto Cortissoz International Airport,2024,1207303,1195467,202072,266500,2402770,468572,1409375,1461967,2871342,21103,21263,2474,2418,42366,4892,23577,23681,47258,12,12,anual_completo,PasajerosArribadosPartidosxAeropuerto2020-2026,MovimientosxAeropuerto2020-2026
Colombia,BGA,SKBG,Palonegro Airport,2024,926477,950289,22451,67089,1876766,89540,948928,1017378,1966306,13484,13454,351,333,26938,684,13835,13787,27622,12,12,anual_completo,PasajerosArribadosPartidosxAeropuerto2020-2026,MovimientosxAeropuerto2020-2026
Colombia,BOG,SKBO,El Dorado International Airport,2024,11157389,10707457,6958361,7226257,21864846,14184618,18115750,17933714,36049464,134948,135846,59280,58395,270794,117675,194228,194241,388469,12,12,anual_completo,PasajerosArribadosPartidosxAeropuerto2020-2026,MovimientosxAeropuerto2020-2026
Colombia,BSC,SKBS,José Celestino Mutis Airport,2024,40247,40112,0,0,80359,0,40247,40112,80359,3633,3628,0,0,7261,0,3633,3628,7261,12,12,anual_completo,PasajerosArribadosPartidosxAeropuerto2020-2026,MovimientosxAeropuerto2020-2026
Colombia,BUN,SKBU,Gerardo Tobar López Airport,2024,3714,3519,0,0,7233,0,3714,3519,7233,363,343,0,0,706,0,363,343,706,12,12,anual_completo,PasajerosArribadosPartidosxAeropuerto2020-2026,MovimientosxAeropuerto2020-2026
Colombia,CLO,SKCL,Alfonso Bonilla Aragon International Airport,2024,2269478,2227093,477601,680002,4496571,1157603,2747079,2907095,5654174,33197,33335,3746,3646,66532,7392,36943,36981,73924,12,12,anual_completo,PasajerosArribadosPartidosxAeropuerto2020-2026,MovimientosxAeropuerto2020-2026
Colombia,CTG,SKCG,Rafael Nuñez International Airport,2024,2519276,2411322,683574,917050,4930598,1600624,3202850,3328372,6531222,23751,23254,5564,6149,47005,11713,29315,29403,58718,12,12,anual_completo,PasajerosArribadosPartidosxAeropuerto2020-2026,MovimientosxAeropuerto2020-2026
Colombia,CUC,SKCC,Camilo Daza International Airport,2024,633795,674332,39112,76176,1308127,115288,672907,750508,1423415,8398,8472,410,410,16870,820,8808,8882,17690,12,12,anual_completo,PasajerosArribadosPartidosxAeropuerto2020-2026,MovimientosxAeropuerto2020-2026
Colombia,CZU,SKCZ,Las Brujas Airport,2024,27156,26964,0,0,54120,0,27156,26964,54120,1052,1112,0,0,2164,0,1052,1112,2164,12,12,anual_completo,PasajerosArribadosPartidosxAeropuerto2020-2026,MovimientosxAeropuerto2020-2026
Colombia,EJA,SKEJ,Yariguíes Airport,2024,69237,75066,0,243,144303,243,69237,75309,144546,2490,2468,0,0,4958,0,2490,2468,4958,12,12,anual_completo,PasajerosArribadosPartidosxAeropuerto2020-2026,MovimientosxAeropuerto2020-2026
Colombia,EOH,SKMD,Enrique Olaya Herrera Airport,2024,587542,582987,29,7,1170529,36,587571,582994,1170565,35193,35199,81,87,70392,168,35274,35286,70560,12,12,anual_completo,PasajerosArribadosPartidosxAeropuerto2020-2026,MovimientosxAeropuerto2020-2026
Colombia,EYP,SKYP,El Alcaravan - Yopal Airport,2024,150835,180112,0,0,330947,0,150835,180112,330947,8875,8786,2,1,17661,3,8877,8787,17664,12,12,anual_completo,PasajerosArribadosPartidosxAeropuerto2020-2026,MovimientosxAeropuerto2020-2026
Colombia,FLA,SKFL,Gustavo Artunduaga Paredes Airport,2024,42191,48159,0,0,90350,0,42191,48159,90350,1746,1871,0,0,3617,0,1746,1871,3617,12,12,anual_completo,PasajerosArribadosPartidosxAeropuerto2020-2026,MovimientosxAeropuerto2020-2026
Colombia,GPI,SKGP,Guapi Airport,2024,31416,25379,0,0,56795,0,31416,25379,56795,1686,1686,0,0,3372,0,1686,1686,3372,12,12,anual_completo,PasajerosArribadosPartidosxAeropuerto2020-2026,MovimientosxAeropuerto2020-2026
Colombia,IBE,SKIB,Perales Airport,2024,95304,136698,0,0,232002,0,95304,136698,232002,3064,3066,0,0,6130,0,3064,3066,6130,12,12,anual_completo,PasajerosArribadosPartidosxAeropuerto2020-2026,MovimientosxAeropuerto2020-2026
Colombia,IPI,SKIP,San Luis Airport,2024,49817,92963,0,0,142780,0,49817,92963,142780,855,853,0,0,1708,0,855,853,1708,12,12,anual_completo,PasajerosArribadosPartidosxAeropuerto2020-2026,MovimientosxAeropuerto2020-2026
Colombia,LCR,SKHZ,Virgilio Barco Vargas (La Chorrera) Airport,2024,,,,,,,,,,313,298,0,0,611,0,313,298,611,0,12,parcial,PasajerosArribadosPartidosxAeropuerto2020-2026,MovimientosxAeropuerto2020-2026
Colombia,LET,SKLT,Alfredo Vásquez Cobo International Airport,2024,187206,179032,95,737,366238,832,187301,179769,367070,3017,3138,23,38,6155,61,3040,3176,6216,12,12,anual_completo,PasajerosArribadosPartidosxAeropuerto2020-2026,MovimientosxAeropuerto2020-2026
Colombia,LMC,SKNA,La Macarena Airport,2024,13501,14154,0,0,27655,0,13501,14154,27655,2527,2468,0,0,4995,0,2527,2468,4995,12,12,anual_completo,PasajerosArribadosPartidosxAeropuerto2020-2026,MovimientosxAeropuerto2020-2026
Colombia,LPD,SKLP,La Pedrera Airport,2024,2337,2294,0,0,4631,0,2337,2294,4631,553,488,0,0,1041,0,553,488,1041,12,12,anual_completo,PasajerosArribadosPartidosxAeropuerto2020-2026,MovimientosxAeropuerto2020-2026
Colombia,LQM,SKLG,Caucaya Airport,2024,8664,8777,0,0,17441,0,8664,8777,17441,516,458,2,0,974,2,518,458,976,12,12,anual_completo,PasajerosArribadosPartidosxAeropuerto2020-2026,MovimientosxAeropuerto2020-2026
Colombia,MDE,SKRG,Jose Maria Córdova International Airport,2024,4010878,4212381,1660734,1894797,8223259,3555531,5671612,6107178,11778790,38795,38302,14331,14758,77097,29089,53126,53060,106186,12,12,anual_completo,PasajerosArribadosPartidosxAeropuerto2020-2026,MovimientosxAeropuerto2020-2026
Colombia,MTR,SKMR,Los Garzones Airport,2024,606449,666352,0,7950,1272801,7950,606449,674302,1280751,8611,8646,4,3,17257,7,8615,8649,17264,12,12,anual_completo,PasajerosArribadosPartidosxAeropuerto2020-2026,MovimientosxAeropuerto2020-2026
Colombia,MVP,SKMU,Fabio Alberto Leon Bentley Airport,2024,29745,32644,0,7,62389,7,29745,32651,62396,9187,9187,0,1,18374,1,9187,9188,18375,12,12,anual_completo,PasajerosArribadosPartidosxAeropuerto2020-2026,MovimientosxAeropuerto2020-2026
Colombia,MZL,SKMZ,La Nubia Airport,2024,30434,35986,0,0,66420,0,30434,35986,66420,1543,1541,0,0,3084,0,1543,1541,3084,12,12,anual_completo,PasajerosArribadosPartidosxAeropuerto2020-2026,MovimientosxAeropuerto2020-2026
Colombia,NQU,SKNQ,Reyes Murillo Airport,2024,33342,35190,0,0,68532,0,33342,35190,68532,2119,2115,1,0,4234,1,2120,2115,4235,12,12,anual_completo,PasajerosArribadosPartidosxAeropuerto2020-2026,MovimientosxAeropuerto2020-2026
Colombia,NVA,SKNV,Benito Salas Airport,2024,137452,204004,0,3,341456,3,137452,204007,341459,5110,5131,0,0,10241,0,5110,5131,10241,12,12,anual_completo,PasajerosArribadosPartidosxAeropuerto2020-2026,MovimientosxAeropuerto2020-2026
Colombia,PCR,SKPC,German Olano Airport,2024,34827,37079,0,0,71906,0,34827,37079,71906,1573,1578,0,0,3151,0,1573,1578,3151,12,12,anual_completo,PasajerosArribadosPartidosxAeropuerto2020-2026,MovimientosxAeropuerto2020-2026
Colombia,PDA,SKPD,Obando Cesar Gaviria Trujillo Airport,2024,,,,,,,,,,2208,2215,0,0,4423,0,2208,2215,4423,0,12,parcial,PasajerosArribadosPartidosxAeropuerto2020-2026,MovimientosxAeropuerto2020-2026
Colombia,PEI,SKPE,Matecaña International Airport,2024,1042237,1095526,88329,184946,2137763,273275,1130566,1280472,2411038,12073,12062,812,818,24135,1630,12885,12880,25765,12,12,anual_completo,PasajerosArribadosPartidosxAeropuerto2020-2026,MovimientosxAeropuerto2020-2026
Colombia,PPN,SKPP,Guillermo León Valencia Airport,2024,63868,78787,0,1,142655,1,63868,78788,142656,4530,4586,0,0,9116,0,4530,4586,9116,12,12,anual_completo,PasajerosArribadosPartidosxAeropuerto2020-2026,MovimientosxAeropuerto2020-2026
Colombia,PSO,SKPS,Antonio Nariño Airport,2024,348708,352170,0,6266,700878,6266,348708,358436,707144,4212,4190,0,0,8402,0,4212,4190,8402,12,12,anual_completo,PasajerosArribadosPartidosxAeropuerto2020-2026,MovimientosxAeropuerto2020-2026
Colombia,PUU,SKAS,Tres De Mayo Airport,2024,52276,52291,0,0,104567,0,52276,52291,104567,1624,1687,0,0,3311,0,1624,1687,3311,12,12,anual_completo,PasajerosArribadosPartidosxAeropuerto2020-2026,MovimientosxAeropuerto2020-2026
Colombia,PVA,SKPV,El Embrujo Airport,2024,43159,42800,0,0,85959,0,43159,42800,85959,1399,1390,0,0,2789,0,1399,1390,2789,12,12,anual_completo,PasajerosArribadosPartidosxAeropuerto2020-2026,MovimientosxAeropuerto2020-2026
Colombia,RCH,SKRH,Almirante Padilla Airport,2024,250061,265959,19,7645,516020,7664,250080,273604,523684,2694,2783,1,1,5477,2,2695,2784,5479,12,12,anual_completo,PasajerosArribadosPartidosxAeropuerto2020-2026,MovimientosxAeropuerto2020-2026
Colombia,RVE,SKSA,Los Colonizadores Airport,2024,24424,24867,0,0,49291,0,24424,24867,49291,2438,2913,0,0,5351,0,2438,2913,5351,12,12,anual_completo,PasajerosArribadosPartidosxAeropuerto2020-2026,MovimientosxAeropuerto2020-2026
Colombia,SJE,SKSJ,Jorge E. Gonzalez Torres Airport,2024,23397,23392,4,0,46789,4,23401,23392,46793,4153,4183,0,0,8336,0,4153,4183,8336,12,12,anual_completo,PasajerosArribadosPartidosxAeropuerto2020-2026,MovimientosxAeropuerto2020-2026
Colombia,SMR,SKSM,Simón Bolívar International Airport,2024,1707488,1563030,17719,37725,3270518,55444,1725207,1600755,3325962,13849,13971,194,195,27820,389,14043,14166,28209,12,12,anual_completo,PasajerosArribadosPartidosxAeropuerto2020-2026,MovimientosxAeropuerto2020-2026
Colombia,SVI,SKSV,Eduardo Falla Solano Airport,2024,3760,3863,0,0,7623,0,3760,3863,7623,387,373,0,0,760,0,387,373,760,12,12,anual_completo,PasajerosArribadosPartidosxAeropuerto2020-2026,MovimientosxAeropuerto2020-2026
Colombia,TCD,SKRA,Tarapacá Airport,2024,,,,,,,,,,217,193,0,0,410,0,217,193,410,0,12,parcial,PasajerosArribadosPartidosxAeropuerto2020-2026,MovimientosxAeropuerto2020-2026
Colombia,TCO,SKCO,La Florida Airport,2024,58776,67678,0,0,126454,0,58776,67678,126454,2960,2943,0,4,5903,4,2960,2947,5907,12,12,anual_completo,PasajerosArribadosPartidosxAeropuerto2020-2026,MovimientosxAeropuerto2020-2026
Colombia,TLU,SKTL,Golfo de Morrosquillo Airport,2024,26880,19018,0,0,45898,0,26880,19018,45898,922,920,0,0,1842,0,922,920,1842,8,9,parcial,PasajerosArribadosPartidosxAeropuerto2020-2026,MovimientosxAeropuerto2020-2026
Colombia,TME,SKTM,Gustavo Vargas Airport,2024,4256,4305,0,0,8561,0,4256,4305,8561,1860,1859,0,0,3719,0,1860,1859,3719,12,12,anual_completo,PasajerosArribadosPartidosxAeropuerto2020-2026,MovimientosxAeropuerto2020-2026
Colombia,UIB,SKUI,El Caraño Airport,2024,138382,159208,3,9,297590,12,138385,159217,297602,8876,8853,0,0,17729,0,8876,8853,17729,12,12,anual_completo,PasajerosArribadosPartidosxAeropuerto2020-2026,MovimientosxAeropuerto2020-2026
Colombia,VUP,SKVP,Alfonso López Pumarejo Airport,2024,194888,207632,101,6360,402520,6461,194989,213992,408981,3274,3371,15,15,6645,30,3289,3386,6675,12,12,anual_completo,PasajerosArribadosPartidosxAeropuerto2020-2026,MovimientosxAeropuerto2020-2026
Colombia,VVC,SKVV,Vanguardia Airport,2024,123787,171273,8,9,295060,17,123795,171282,295077,18496,18472,0,1,36968,1,18496,18473,36969,12,12,anual_completo,PasajerosArribadosPartidosxAeropuerto2020-2026,MovimientosxAeropuerto2020-2026
Colombia,ADZ,SKSP,Gustavo Rojas Pinilla International Airport,2025,1057294,1036159,26078,90970,2093453,117048,1083372,1127129,2210501,10100,10115,283,290,20215,573,10383,10405,20788,12,12,anual_completo,PasajerosArribadosPartidosxAeropuerto2020-2026,MovimientosxAeropuerto2020-2026
Colombia,APO,SKLC,Antonio Roldán Betancur Airport,2025,84171,79622,0,0,163793,0,84171,79622,163793,10521,10558,9,2,21079,11,10530,10560,21090,12,12,anual_completo,PasajerosArribadosPartidosxAeropuerto2020-2026,MovimientosxAeropuerto2020-2026
Colombia,AUC,SKUC,Santiago Perez Airport,2025,79771,80698,0,114,160469,114,79771,80812,160583,3441,3527,0,0,6968,0,3441,3527,6968,12,12,anual_completo,PasajerosArribadosPartidosxAeropuerto2020-2026,MovimientosxAeropuerto2020-2026
Colombia,AXM,SKAR,El Eden Airport,2025,260316,274442,23923,31292,534758,55215,284239,305734,589973,3281,3284,199,196,6565,395,3480,3480,6960,12,12,anual_completo,PasajerosArribadosPartidosxAeropuerto2020-2026,MovimientosxAeropuerto2020-2026
Colombia,BAQ,SKBQ,Ernesto Cortissoz International Airport,2025,1059023,1200445,178534,255840,2259468,434374,1237557,1456285,2693842,19976,20023,2263,2264,39999,4527,22239,22287,44526,12,12,anual_completo,PasajerosArribadosPartidosxAeropuerto2020-2026,MovimientosxAeropuerto2020-2026
Colombia,BGA,SKBG,Palonegro Airport,2025,803555,841259,34436,82333,1644814,116769,837991,923592,1761583,13356,13337,392,408,26693,800,13748,13745,27493,12,12,anual_completo,PasajerosArribadosPartidosxAeropuerto2020-2026,MovimientosxAeropuerto2020-2026
Colombia,BOG,SKBO,El Dorado International Airport,2025,10565966,10175134,7250896,7422870,20741100,14673766,17816862,17598004,35414866,131159,132087,64033,63052,263246,127085,195192,195139,390331,12,12,anual_completo,PasajerosArribadosPartidosxAeropuerto2020-2026,MovimientosxAeropuerto2020-2026
Colombia,BSC,SKBS,José Celestino Mutis Airport,2025,47689,46335,0,0,94024,0,47689,46335,94024,3381,3376,0,0,6757,0,3381,3376,6757,12,12,anual_completo,PasajerosArribadosPartidosxAeropuerto2020-2026,MovimientosxAeropuerto2020-2026
Colombia,BUN,SKBU,Gerardo Tobar López Airport,2025,4322,3866,0,0,8188,0,4322,3866,8188,398,395,2,0,793,2,400,395,795,12,12,anual_completo,PasajerosArribadosPartidosxAeropuerto2020-2026,MovimientosxAeropuerto2020-2026
Colombia,CLO,SKCL,Alfonso Bonilla Aragon International Airport,2025,2380345,2312924,446814,645126,4693269,1091940,2827159,2958050,5785209,32487,32696,4145,3955,65183,8100,36632,36651,73283,12,12,anual_completo,PasajerosArribadosPartidosxAeropuerto2020-2026,MovimientosxAeropuerto2020-2026
Colombia,CTG,SKCG,Rafael Nuñez International Airport,2025,2622771,2483692,650506,940017,5106463,1590523,3273277,3423709,6696986,23409,22868,5917,6514,46277,12431,29326,29382,58708,12,12,anual_completo,PasajerosArribadosPartidosxAeropuerto2020-2026,MovimientosxAeropuerto2020-2026
Colombia,CUC,SKCC,Camilo Daza International Airport,2025,585596,628457,57459,103629,1214053,161088,643055,732086,1375141,8630,8682,486,488,17312,974,9116,9170,18286,12,12,anual_completo,PasajerosArribadosPartidosxAeropuerto2020-2026,MovimientosxAeropuerto2020-2026
Colombia,CZU,SKCZ,Las Brujas Airport,2025,20663,25087,11,11,45750,22,20674,25098,45772,940,960,0,0,1900,0,940,960,1900,12,12,anual_completo,PasajerosArribadosPartidosxAeropuerto2020-2026,MovimientosxAeropuerto2020-2026
Colombia,EJA,SKEJ,Yariguíes Airport,2025,66110,62650,1,663,128760,664,66111,63313,129424,2392,2320,0,0,4712,0,2392,2320,4712,12,12,anual_completo,PasajerosArribadosPartidosxAeropuerto2020-2026,MovimientosxAeropuerto2020-2026
Colombia,EOH,SKMD,Enrique Olaya Herrera Airport,2025,599763,587875,44,88,1187638,132,599807,587963,1187770,34021,34075,63,74,68096,137,34084,34149,68233,12,12,anual_completo,PasajerosArribadosPartidosxAeropuerto2020-2026,MovimientosxAeropuerto2020-2026
Colombia,EYP,SKYP,El Alcaravan - Yopal Airport,2025,127779,170676,43,0,298455,43,127822,170676,298498,8740,8703,1,0,17443,1,8741,8703,17444,12,12,anual_completo,PasajerosArribadosPartidosxAeropuerto2020-2026,MovimientosxAeropuerto2020-2026
Colombia,FLA,SKFL,Gustavo Artunduaga Paredes Airport,2025,50315,51584,0,0,101899,0,50315,51584,101899,1894,2035,0,0,3929,0,1894,2035,3929,12,12,anual_completo,PasajerosArribadosPartidosxAeropuerto2020-2026,MovimientosxAeropuerto2020-2026
Colombia,GPI,SKGP,Guapi Airport,2025,35656,43808,0,0,79464,0,35656,43808,79464,1997,2006,0,0,4003,0,1997,2006,4003,12,12,anual_completo,PasajerosArribadosPartidosxAeropuerto2020-2026,MovimientosxAeropuerto2020-2026
Colombia,IBE,SKIB,Perales Airport,2025,109237,143305,0,0,252542,0,109237,143305,252542,3699,3693,0,0,7392,0,3699,3693,7392,12,12,anual_completo,PasajerosArribadosPartidosxAeropuerto2020-2026,MovimientosxAeropuerto2020-2026
Colombia,IPI,SKIP,San Luis Airport,2025,60889,102972,0,0,163861,0,60889,102972,163861,1084,1085,0,0,2169,0,1084,1085,2169,12,12,anual_completo,PasajerosArribadosPartidosxAeropuerto2020-2026,MovimientosxAeropuerto2020-2026
Colombia,LCR,SKHZ,Virgilio Barco Vargas (La Chorrera) Airport,2025,,,,,,,,,,394,394,0,0,788,0,394,394,788,0,12,parcial,PasajerosArribadosPartidosxAeropuerto2020-2026,MovimientosxAeropuerto2020-2026
Colombia,LET,SKLT,Alfredo Vásquez Cobo International Airport,2025,168414,171069,0,1633,339483,1633,168414,172702,341116,3019,3115,22,27,6134,49,3041,3142,6183,12,12,anual_completo,PasajerosArribadosPartidosxAeropuerto2020-2026,MovimientosxAeropuerto2020-2026
Colombia,LMC,SKNA,La Macarena Airport,2025,13775,14470,0,0,28245,0,13775,14470,28245,2631,2614,0,0,5245,0,2631,2614,5245,12,12,anual_completo,PasajerosArribadosPartidosxAeropuerto2020-2026,MovimientosxAeropuerto2020-2026
Colombia,LPD,SKLP,La Pedrera Airport,2025,2849,2614,0,0,5463,0,2849,2614,5463,606,541,0,0,1147,0,606,541,1147,12,12,anual_completo,PasajerosArribadosPartidosxAeropuerto2020-2026,MovimientosxAeropuerto2020-2026
Colombia,LQM,SKLG,Caucaya Airport,2025,9054,9535,0,0,18589,0,9054,9535,18589,464,427,2,1,891,3,466,428,894,12,12,anual_completo,PasajerosArribadosPartidosxAeropuerto2020-2026,MovimientosxAeropuerto2020-2026
Colombia,MDE,SKRG,Jose Maria Córdova International Airport,2025,4095275,4104944,1891890,2062343,8200219,3954233,5987165,6167287,12154452,39242,38681,16788,17271,77923,34059,56030,55952,111982,12,12,anual_completo,PasajerosArribadosPartidosxAeropuerto2020-2026,MovimientosxAeropuerto2020-2026
Colombia,MTR,SKMR,Los Garzones Airport,2025,585513,669592,0,12959,1255105,12959,585513,682551,1268064,8160,8169,5,6,16329,11,8165,8175,16340,12,12,anual_completo,PasajerosArribadosPartidosxAeropuerto2020-2026,MovimientosxAeropuerto2020-2026
Colombia,MVP,SKMU,Fabio Alberto Leon Bentley Airport,2025,30972,31797,6,2,62769,8,30978,31799,62777,9608,9596,0,0,19204,0,9608,9596,19204,12,12,anual_completo,PasajerosArribadosPartidosxAeropuerto2020-2026,MovimientosxAeropuerto2020-2026
Colombia,MZL,SKMZ,La Nubia Airport,2025,31816,24778,0,0,56594,0,31816,24778,56594,1326,1323,0,0,2649,0,1326,1323,2649,12,12,anual_completo,PasajerosArribadosPartidosxAeropuerto2020-2026,MovimientosxAeropuerto2020-2026
Colombia,NQU,SKNQ,Reyes Murillo Airport,2025,39567,38560,16,0,78127,16,39583,38560,78143,2007,2002,0,0,4009,0,2007,2002,4009,12,12,anual_completo,PasajerosArribadosPartidosxAeropuerto2020-2026,MovimientosxAeropuerto2020-2026
Colombia,NVA,SKNV,Benito Salas Airport,2025,146578,198015,0,0,344593,0,146578,198015,344593,5119,5128,0,0,10247,0,5119,5128,10247,12,12,anual_completo,PasajerosArribadosPartidosxAeropuerto2020-2026,MovimientosxAeropuerto2020-2026
Colombia,PCR,SKPC,German Olano Airport,2025,35556,36340,0,0,71896,0,35556,36340,71896,1538,1538,0,0,3076,0,1538,1538,3076,12,12,anual_completo,PasajerosArribadosPartidosxAeropuerto2020-2026,MovimientosxAeropuerto2020-2026
Colombia,PDA,SKPD,Obando Cesar Gaviria Trujillo Airport,2025,,,,,,,,,,2667,2687,0,0,5354,0,2667,2687,5354,0,12,parcial,PasajerosArribadosPartidosxAeropuerto2020-2026,MovimientosxAeropuerto2020-2026
Colombia,PEI,SKPE,Matecaña International Airport,2025,966110,1044964,95683,197247,2011074,292930,1061793,1242211,2304004,11478,11479,794,785,22957,1579,12272,12264,24536,12,12,anual_completo,PasajerosArribadosPartidosxAeropuerto2020-2026,MovimientosxAeropuerto2020-2026
Colombia,PPN,SKPP,Guillermo León Valencia Airport,2025,82277,103460,0,13,185737,13,82277,103473,185750,5110,5179,0,0,10289,0,5110,5179,10289,12,12,anual_completo,PasajerosArribadosPartidosxAeropuerto2020-2026,MovimientosxAeropuerto2020-2026
Colombia,PSO,SKPS,Antonio Nariño Airport,2025,301303,327443,0,8735,628746,8735,301303,336178,637481,4065,4056,0,0,8121,0,4065,4056,8121,12,12,anual_completo,PasajerosArribadosPartidosxAeropuerto2020-2026,MovimientosxAeropuerto2020-2026
Colombia,PUU,SKAS,Tres De Mayo Airport,2025,57466,55186,0,0,112652,0,57466,55186,112652,1667,1740,0,0,3407,0,1667,1740,3407,12,12,anual_completo,PasajerosArribadosPartidosxAeropuerto2020-2026,MovimientosxAeropuerto2020-2026
Colombia,PVA,SKPV,El Embrujo Airport,2025,47283,44102,0,0,91385,0,47283,44102,91385,1430,1426,0,0,2856,0,1430,1426,2856,12,12,anual_completo,PasajerosArribadosPartidosxAeropuerto2020-2026,MovimientosxAeropuerto2020-2026
Colombia,RCH,SKRH,Almirante Padilla Airport,2025,264980,260161,10,20151,525141,20161,264990,280312,545302,2494,2586,2,0,5080,2,2496,2586,5082,12,12,anual_completo,PasajerosArribadosPartidosxAeropuerto2020-2026,MovimientosxAeropuerto2020-2026
Colombia,RVE,SKSA,Los Colonizadores Airport,2025,28878,28300,0,0,57178,0,28878,28300,57178,2008,2168,0,0,4176,0,2008,2168,4176,12,12,anual_completo,PasajerosArribadosPartidosxAeropuerto2020-2026,MovimientosxAeropuerto2020-2026
Colombia,SJE,SKSJ,Jorge E. Gonzalez Torres Airport,2025,22840,23118,8,0,45958,8,22848,23118,45966,5089,5108,0,0,10197,0,5089,5108,10197,12,12,anual_completo,PasajerosArribadosPartidosxAeropuerto2020-2026,MovimientosxAeropuerto2020-2026
Colombia,SMR,SKSM,Simón Bolívar International Airport,2025,1667150,1616829,18072,40244,3283979,58316,1685222,1657073,3342295,14046,14139,219,209,28185,428,14265,14348,28613,12,12,anual_completo,PasajerosArribadosPartidosxAeropuerto2020-2026,MovimientosxAeropuerto2020-2026
Colombia,SVI,SKSV,Eduardo Falla Solano Airport,2025,3766,3932,0,0,7698,0,3766,3932,7698,368,340,0,0,708,0,368,340,708,12,12,anual_completo,PasajerosArribadosPartidosxAeropuerto2020-2026,MovimientosxAeropuerto2020-2026
Colombia,TCD,SKRA,Tarapacá Airport,2025,,,,,,,,,,261,233,0,0,494,0,261,233,494,0,12,parcial,PasajerosArribadosPartidosxAeropuerto2020-2026,MovimientosxAeropuerto2020-2026
Colombia,TCO,SKCO,La Florida Airport,2025,66468,65841,0,0,132309,0,66468,65841,132309,3051,3013,4,9,6064,13,3055,3022,6077,12,12,anual_completo,PasajerosArribadosPartidosxAeropuerto2020-2026,MovimientosxAeropuerto2020-2026
Colombia,TLU,SKTL,Golfo de Morrosquillo Airport,2025,24099,26519,0,0,50618,0,24099,26519,50618,794,790,0,0,1584,0,794,790,1584,9,11,parcial,PasajerosArribadosPartidosxAeropuerto2020-2026,MovimientosxAeropuerto2020-2026
Colombia,TME,SKTM,Gustavo Vargas Airport,2025,4124,4301,0,0,8425,0,4124,4301,8425,695,924,0,0,1619,0,695,924,1619,12,12,anual_completo,PasajerosArribadosPartidosxAeropuerto2020-2026,MovimientosxAeropuerto2020-2026
Colombia,UIB,SKUI,El Caraño Airport,2025,161828,161463,0,19,323291,19,161828,161482,323310,8660,8672,0,0,17332,0,8660,8672,17332,12,12,anual_completo,PasajerosArribadosPartidosxAeropuerto2020-2026,MovimientosxAeropuerto2020-2026
Colombia,VUP,SKVP,Alfonso López Pumarejo Airport,2025,175787,196927,0,10213,372714,10213,175787,207140,382927,3087,3122,10,10,6209,20,3097,3132,6229,12,12,anual_completo,PasajerosArribadosPartidosxAeropuerto2020-2026,MovimientosxAeropuerto2020-2026
Colombia,VVC,SKVV,Vanguardia Airport,2025,124066,164059,2,11,288125,13,124068,164070,288138,19068,19052,0,0,38120,0,19068,19052,38120,12,12,anual_completo,PasajerosArribadosPartidosxAeropuerto2020-2026,MovimientosxAeropuerto2020-2026
Colombia,ADZ,SKSP,Gustavo Rojas Pinilla International Airport,2026,625329,588766,15824,57287,1214095,73111,641153,646053,1287206,6707,6708,180,181,13415,361,6887,6889,13776,6,7,parcial,PasajerosArribadosPartidosxAeropuerto2020-2026,MovimientosxAeropuerto2020-2026
Colombia,APO,SKLC,Antonio Roldán Betancur Airport,2026,33777,42189,0,0,75966,0,33777,42189,75966,6054,6082,6,3,12136,9,6060,6085,12145,6,7,parcial,PasajerosArribadosPartidosxAeropuerto2020-2026,MovimientosxAeropuerto2020-2026
Colombia,AUC,SKUC,Santiago Perez Airport,2026,35238,39547,0,0,74785,0,35238,39547,74785,2145,2194,0,0,4339,0,2145,2194,4339,6,7,parcial,PasajerosArribadosPartidosxAeropuerto2020-2026,MovimientosxAeropuerto2020-2026
Colombia,AXM,SKAR,El Eden Airport,2026,122302,137265,8580,18770,259567,27350,130882,156035,286917,2242,2252,91,92,4494,183,2333,2344,4677,6,7,parcial,PasajerosArribadosPartidosxAeropuerto2020-2026,MovimientosxAeropuerto2020-2026
Colombia,BAQ,SKBQ,Ernesto Cortissoz International Airport,2026,549049,660526,130291,142255,1209575,272546,679340,802781,1482121,11600,11615,1469,1474,23215,2943,13069,13089,26158,6,7,parcial,PasajerosArribadosPartidosxAeropuerto2020-2026,MovimientosxAeropuerto2020-2026
Colombia,BGA,SKBG,Palonegro Airport,2026,410879,423277,18220,42320,834156,60540,429099,465597,894696,8476,8467,279,292,16943,571,8755,8759,17514,6,7,parcial,PasajerosArribadosPartidosxAeropuerto2020-2026,MovimientosxAeropuerto2020-2026
Colombia,BOG,SKBO,El Dorado International Airport,2026,5570839,4939952,3543855,3790358,10510791,7334213,9114694,8730310,17845004,78489,79017,38502,37979,157506,76481,116991,116996,233987,6,7,parcial,PasajerosArribadosPartidosxAeropuerto2020-2026,MovimientosxAeropuerto2020-2026
Colombia,BSC,SKBS,José Celestino Mutis Airport,2026,17520,19890,0,0,37410,0,17520,19890,37410,1700,1707,0,0,3407,0,1700,1707,3407,6,7,parcial,PasajerosArribadosPartidosxAeropuerto2020-2026,MovimientosxAeropuerto2020-2026
Colombia,BUN,SKBU,Gerardo Tobar López Airport,2026,2422,2206,0,0,4628,0,2422,2206,4628,307,300,0,0,607,0,307,300,607,6,7,parcial,PasajerosArribadosPartidosxAeropuerto2020-2026,MovimientosxAeropuerto2020-2026
Colombia,CLO,SKCL,Alfonso Bonilla Aragon International Airport,2026,1076482,1165336,236185,362019,2241818,598204,1312667,1527355,2840022,19096,19204,2465,2366,38300,4831,21561,21570,43131,6,7,parcial,PasajerosArribadosPartidosxAeropuerto2020-2026,MovimientosxAeropuerto2020-2026
Colombia,CTG,SKCG,Rafael Nuñez International Airport,2026,1304009,1237230,326490,476810,2541239,803300,1630499,1714040,3344539,13886,13687,3524,3800,27573,7324,17410,17487,34897,6,7,parcial,PasajerosArribadosPartidosxAeropuerto2020-2026,MovimientosxAeropuerto2020-2026
Colombia,CUC,SKCC,Camilo Daza International Airport,2026,313119,329204,21249,47343,642323,68592,334368,376547,710915,4985,4998,168,168,9983,336,5153,5166,10319,6,7,parcial,PasajerosArribadosPartidosxAeropuerto2020-2026,MovimientosxAeropuerto2020-2026
Colombia,CZU,SKCZ,Las Brujas Airport,2026,4571,6684,0,0,11255,0,4571,6684,11255,386,399,0,0,785,0,386,399,785,6,7,parcial,PasajerosArribadosPartidosxAeropuerto2020-2026,MovimientosxAeropuerto2020-2026
Colombia,EJA,SKEJ,Yariguíes Airport,2026,31872,34554,0,465,66426,465,31872,35019,66891,1551,1554,0,0,3105,0,1551,1554,3105,6,7,parcial,PasajerosArribadosPartidosxAeropuerto2020-2026,MovimientosxAeropuerto2020-2026
Colombia,EOH,SKMD,Enrique Olaya Herrera Airport,2026,266778,255624,13,7,522402,20,266791,255631,522422,19538,19572,47,56,39110,103,19585,19628,39213,6,7,parcial,PasajerosArribadosPartidosxAeropuerto2020-2026,MovimientosxAeropuerto2020-2026
Colombia,EYP,SKYP,El Alcaravan - Yopal Airport,2026,68695,93533,0,0,162228,0,68695,93533,162228,3883,3869,1,0,7752,1,3884,3869,7753,6,7,parcial,PasajerosArribadosPartidosxAeropuerto2020-2026,MovimientosxAeropuerto2020-2026
Colombia,FLA,SKFL,Gustavo Artunduaga Paredes Airport,2026,23142,24863,0,0,48005,0,23142,24863,48005,1114,1207,0,0,2321,0,1114,1207,2321,6,7,parcial,PasajerosArribadosPartidosxAeropuerto2020-2026,MovimientosxAeropuerto2020-2026
Colombia,GPI,SKGP,Guapi Airport,2026,19298,19893,0,0,39191,0,19298,19893,39191,913,918,0,0,1831,0,913,918,1831,6,7,parcial,PasajerosArribadosPartidosxAeropuerto2020-2026,MovimientosxAeropuerto2020-2026
Colombia,IBE,SKIB,Perales Airport,2026,35902,59767,0,0,95669,0,35902,59767,95669,2687,2683,2,2,5370,4,2689,2685,5374,6,7,parcial,PasajerosArribadosPartidosxAeropuerto2020-2026,MovimientosxAeropuerto2020-2026
Colombia,IPI,SKIP,San Luis Airport,2026,23693,54117,0,0,77810,0,23693,54117,77810,692,693,0,0,1385,0,692,693,1385,6,7,parcial,PasajerosArribadosPartidosxAeropuerto2020-2026,MovimientosxAeropuerto2020-2026
Colombia,LCR,SKHZ,Virgilio Barco Vargas (La Chorrera) Airport,2026,,,,,,,,,,241,235,0,0,476,0,241,235,476,0,7,parcial,PasajerosArribadosPartidosxAeropuerto2020-2026,MovimientosxAeropuerto2020-2026
Colombia,LET,SKLT,Alfredo Vásquez Cobo International Airport,2026,71861,80197,10,1070,152058,1080,71871,81267,153138,1637,1655,19,20,3292,39,1656,1675,3331,6,7,parcial,PasajerosArribadosPartidosxAeropuerto2020-2026,MovimientosxAeropuerto2020-2026
Colombia,LMC,SKNA,La Macarena Airport,2026,3424,3566,0,0,6990,0,3424,3566,6990,1310,1317,0,0,2627,0,1310,1317,2627,6,7,parcial,PasajerosArribadosPartidosxAeropuerto2020-2026,MovimientosxAeropuerto2020-2026
Colombia,LPD,SKLP,La Pedrera Airport,2026,1474,1347,0,0,2821,0,1474,1347,2821,327,328,0,0,655,0,327,328,655,6,7,parcial,PasajerosArribadosPartidosxAeropuerto2020-2026,MovimientosxAeropuerto2020-2026
Colombia,LQM,SKLG,Caucaya Airport,2026,4425,4221,0,0,8646,0,4425,4221,8646,366,329,1,0,695,1,367,329,696,6,7,parcial,PasajerosArribadosPartidosxAeropuerto2020-2026,MovimientosxAeropuerto2020-2026
Colombia,MDE,SKRG,Jose Maria Córdova International Airport,2026,1955161,2191978,916137,1083822,4147139,1999959,2871298,3275800,6147098,24187,23898,9723,9998,48085,19721,33910,33896,67806,6,7,parcial,PasajerosArribadosPartidosxAeropuerto2020-2026,MovimientosxAeropuerto2020-2026
Colombia,MTR,SKMR,Los Garzones Airport,2026,336139,346542,43,7893,682681,7936,336182,354435,690617,5625,5661,9,8,11286,17,5634,5669,11303,6,7,parcial,PasajerosArribadosPartidosxAeropuerto2020-2026,MovimientosxAeropuerto2020-2026
Colombia,MVP,SKMU,Fabio Alberto Leon Bentley Airport,2026,13609,13441,1,0,27050,1,13610,13441,27051,6068,6064,0,0,12132,0,6068,6064,12132,6,7,parcial,PasajerosArribadosPartidosxAeropuerto2020-2026,MovimientosxAeropuerto2020-2026
Colombia,MZL,SKMZ,La Nubia Airport,2026,13636,11965,0,0,25601,0,13636,11965,25601,743,744,0,0,1487,0,743,744,1487,6,7,parcial,PasajerosArribadosPartidosxAeropuerto2020-2026,MovimientosxAeropuerto2020-2026
Colombia,NQU,SKNQ,Reyes Murillo Airport,2026,12614,14034,0,0,26648,0,12614,14034,26648,1014,1014,0,0,2028,0,1014,1014,2028,6,7,parcial,PasajerosArribadosPartidosxAeropuerto2020-2026,MovimientosxAeropuerto2020-2026
Colombia,NVA,SKNV,Benito Salas Airport,2026,63112,82225,0,0,145337,0,63112,82225,145337,3102,3105,0,0,6207,0,3102,3105,6207,6,7,parcial,PasajerosArribadosPartidosxAeropuerto2020-2026,MovimientosxAeropuerto2020-2026
Colombia,PCR,SKPC,German Olano Airport,2026,14845,16492,0,0,31337,0,14845,16492,31337,884,878,0,0,1762,0,884,878,1762,6,7,parcial,PasajerosArribadosPartidosxAeropuerto2020-2026,MovimientosxAeropuerto2020-2026
Colombia,PDA,SKPD,Obando Cesar Gaviria Trujillo Airport,2026,,,,,,,,,,1707,1705,0,0,3412,0,1707,1705,3412,0,7,parcial,PasajerosArribadosPartidosxAeropuerto2020-2026,MovimientosxAeropuerto2020-2026
Colombia,PEI,SKPE,Matecaña International Airport,2026,457163,534665,47483,113862,991828,161345,504646,648527,1153173,7404,7402,523,525,14806,1048,7927,7927,15854,6,7,parcial,PasajerosArribadosPartidosxAeropuerto2020-2026,MovimientosxAeropuerto2020-2026
Colombia,PPN,SKPP,Guillermo León Valencia Airport,2026,38673,59151,0,0,97824,0,38673,59151,97824,2719,2778,0,0,5497,0,2719,2778,5497,6,7,parcial,PasajerosArribadosPartidosxAeropuerto2020-2026,MovimientosxAeropuerto2020-2026
Colombia,PSO,SKPS,Antonio Nariño Airport,2026,150196,168787,0,5599,318983,5599,150196,174386,324582,2251,2260,0,0,4511,0,2251,2260,4511,6,7,parcial,PasajerosArribadosPartidosxAeropuerto2020-2026,MovimientosxAeropuerto2020-2026
Colombia,PUU,SKAS,Tres De Mayo Airport,2026,22924,27765,0,0,50689,0,22924,27765,50689,994,1012,0,0,2006,0,994,1012,2006,6,7,parcial,PasajerosArribadosPartidosxAeropuerto2020-2026,MovimientosxAeropuerto2020-2026
Colombia,PVA,SKPV,El Embrujo Airport,2026,18934,25326,0,0,44260,0,18934,25326,44260,933,930,0,0,1863,0,933,930,1863,6,7,parcial,PasajerosArribadosPartidosxAeropuerto2020-2026,MovimientosxAeropuerto2020-2026
Colombia,RCH,SKRH,Almirante Padilla Airport,2026,129638,121703,0,7644,251341,7644,129638,129347,258985,1565,1593,2,3,3158,5,1567,1596,3163,6,7,parcial,PasajerosArribadosPartidosxAeropuerto2020-2026,MovimientosxAeropuerto2020-2026
Colombia,RVE,SKSA,Los Colonizadores Airport,2026,13382,13392,0,0,26774,0,13382,13392,26774,992,1001,0,0,1993,0,992,1001,1993,6,7,parcial,PasajerosArribadosPartidosxAeropuerto2020-2026,MovimientosxAeropuerto2020-2026
Colombia,SJE,SKSJ,Jorge E. Gonzalez Torres Airport,2026,10849,10768,0,0,21617,0,10849,10768,21617,3190,3185,0,0,6375,0,3190,3185,6375,6,7,parcial,PasajerosArribadosPartidosxAeropuerto2020-2026,MovimientosxAeropuerto2020-2026
Colombia,SMR,SKSM,Simón Bolívar International Airport,2026,853317,831147,9667,25164,1684464,34831,862984,856311,1719295,8110,8102,116,122,16212,238,8226,8224,16450,6,7,parcial,PasajerosArribadosPartidosxAeropuerto2020-2026,MovimientosxAeropuerto2020-2026
Colombia,SVI,SKSV,Eduardo Falla Solano Airport,2026,1436,1555,0,0,2991,0,1436,1555,2991,241,194,0,0,435,0,241,194,435,6,7,parcial,PasajerosArribadosPartidosxAeropuerto2020-2026,MovimientosxAeropuerto2020-2026
Colombia,TCD,SKRA,Tarapacá Airport,2026,,,,,,,,,,176,165,0,0,341,0,176,165,341,0,7,parcial,PasajerosArribadosPartidosxAeropuerto2020-2026,MovimientosxAeropuerto2020-2026
Colombia,TCO,SKCO,La Florida Airport,2026,28699,33660,0,0,62359,0,28699,33660,62359,1775,1725,2,4,3500,6,1777,1729,3506,6,7,parcial,PasajerosArribadosPartidosxAeropuerto2020-2026,MovimientosxAeropuerto2020-2026
Colombia,TLU,SKTL,Golfo de Morrosquillo Airport,2026,16882,19344,0,0,36226,0,16882,19344,36226,691,695,0,0,1386,0,691,695,1386,6,7,parcial,PasajerosArribadosPartidosxAeropuerto2020-2026,MovimientosxAeropuerto2020-2026
Colombia,TME,SKTM,Gustavo Vargas Airport,2026,1890,1914,0,0,3804,0,1890,1914,3804,359,473,0,0,832,0,359,473,832,6,7,parcial,PasajerosArribadosPartidosxAeropuerto2020-2026,MovimientosxAeropuerto2020-2026
Colombia,UIB,SKUI,El Caraño Airport,2026,70197,81755,0,0,151952,0,70197,81755,151952,5259,5256,0,0,10515,0,5259,5256,10515,6,7,parcial,PasajerosArribadosPartidosxAeropuerto2020-2026,MovimientosxAeropuerto2020-2026
Colombia,VUP,SKVP,Alfonso López Pumarejo Airport,2026,102066,89364,1,5936,191430,5937,102067,95300,197367,1906,1903,10,11,3809,21,1916,1914,3830,6,7,parcial,PasajerosArribadosPartidosxAeropuerto2020-2026,MovimientosxAeropuerto2020-2026
Colombia,VVC,SKVV,Vanguardia Airport,2026,51762,67583,0,1,119345,1,51762,67584,119346,10800,10795,0,0,21595,0,10800,10795,21595,6,7,parcial,PasajerosArribadosPartidosxAeropuerto2020-2026,MovimientosxAeropuerto2020-2026
