tabla_id;dataset;indicador;unidad;valor;valor_pax;anio;mes_nombre;mes;fecha;periodo_id;region;segmento;entidad_tipo;entidad_nombre;iata
2;pasajeros_comerciales_cabotaje_SNA;pasajeros;pax;498,196;498196;2001;Ene;1;2001-01-01;2001-01;cabotaje;comercial;SNA;SNA;SNA
2;pasajeros_comerciales_cabotaje_SNA;pasajeros;pax;464,827;464827;2001;Feb;2;2001-02-01;2001-02;cabotaje;comercial;SNA;SNA;SNA
2;pasajeros_comerciales_cabotaje_SNA;pasajeros;pax;484,229;484229;2001;Mar;3;2001-03-01;2001-03;cabotaje;comercial;SNA;SNA;SNA
2;pasajeros_comerciales_cabotaje_SNA;pasajeros;pax;425,905;425905;2001;Abr;4;2001-04-01;2001-04;cabotaje;comercial;SNA;SNA;SNA
2;pasajeros_comerciales_cabotaje_SNA;pasajeros;pax;380,54;380540;2001;May;5;2001-05-01;2001-05;cabotaje;comercial;SNA;SNA;SNA
2;pasajeros_comerciales_cabotaje_SNA;pasajeros;pax;349,687;349687;2001;Jun;6;2001-06-01;2001-06;cabotaje;comercial;SNA;SNA;SNA
2;pasajeros_comerciales_cabotaje_SNA;pasajeros;pax;427,785;427785;2001;Jul;7;2001-07-01;2001-07;cabotaje;comercial;SNA;SNA;SNA
2;pasajeros_comerciales_cabotaje_SNA;pasajeros;pax;417,257;417257;2001;Ago;8;2001-08-01;2001-08;cabotaje;comercial;SNA;SNA;SNA
2;pasajeros_comerciales_cabotaje_SNA;pasajeros;pax;375,645;375645;2001;Sep;9;2001-09-01;2001-09;cabotaje;comercial;SNA;SNA;SNA
2;pasajeros_comerciales_cabotaje_SNA;pasajeros;pax;381,353;381353;2001;Oct;10;2001-10-01;2001-10;cabotaje;comercial;SNA;SNA;SNA
2;pasajeros_comerciales_cabotaje_SNA;pasajeros;pax;481,238;481238;2001;Nov;11;2001-11-01;2001-11;cabotaje;comercial;SNA;SNA;SNA
2;pasajeros_comerciales_cabotaje_SNA;pasajeros;pax;451,456;451456;2001;Dic;12;2001-12-01;2001-12;cabotaje;comercial;SNA;SNA;SNA
2;pasajeros_comerciales_cabotaje_SNA;pasajeros;pax;353,706;353706;2002;Ene;1;2002-01-01;2002-01;cabotaje;comercial;SNA;SNA;SNA
2;pasajeros_comerciales_cabotaje_SNA;pasajeros;pax;355,169;355169;2002;Feb;2;2002-02-01;2002-02;cabotaje;comercial;SNA;SNA;SNA
2;pasajeros_comerciales_cabotaje_SNA;pasajeros;pax;399,926;399926;2002;Mar;3;2002-03-01;2002-03;cabotaje;comercial;SNA;SNA;SNA
2;pasajeros_comerciales_cabotaje_SNA;pasajeros;pax;352,879;352879;2002;Abr;4;2002-04-01;2002-04;cabotaje;comercial;SNA;SNA;SNA
2;pasajeros_comerciales_cabotaje_SNA;pasajeros;pax;335,688;335688;2002;May;5;2002-05-01;2002-05;cabotaje;comercial;SNA;SNA;SNA
2;pasajeros_comerciales_cabotaje_SNA;pasajeros;pax;319,726;319726;2002;Jun;6;2002-06-01;2002-06;cabotaje;comercial;SNA;SNA;SNA
2;pasajeros_comerciales_cabotaje_SNA;pasajeros;pax;420,995;420995;2002;Jul;7;2002-07-01;2002-07;cabotaje;comercial;SNA;SNA;SNA
2;pasajeros_comerciales_cabotaje_SNA;pasajeros;pax;425,116;425116;2002;Ago;8;2002-08-01;2002-08;cabotaje;comercial;SNA;SNA;SNA
2;pasajeros_comerciales_cabotaje_SNA;pasajeros;pax;379,926;379926;2002;Sep;9;2002-09-01;2002-09;cabotaje;comercial;SNA;SNA;SNA
2;pasajeros_comerciales_cabotaje_SNA;pasajeros;pax;375,835;375835;2002;Oct;10;2002-10-01;2002-10;cabotaje;comercial;SNA;SNA;SNA
2;pasajeros_comerciales_cabotaje_SNA;pasajeros;pax;386,319;386319;2002;Nov;11;2002-11-01;2002-11;cabotaje;comercial;SNA;SNA;SNA
2;pasajeros_comerciales_cabotaje_SNA;pasajeros;pax;392,394;392394;2002;Dic;12;2002-12-01;2002-12;cabotaje;comercial;SNA;SNA;SNA
2;pasajeros_comerciales_cabotaje_SNA;pasajeros;pax;387,8;387800;2003;Ene;1;2003-01-01;2003-01;cabotaje;comercial;SNA;SNA;SNA
2;pasajeros_comerciales_cabotaje_SNA;pasajeros;pax;368,76;368760;2003;Feb;2;2003-02-01;2003-02;cabotaje;comercial;SNA;SNA;SNA
2;pasajeros_comerciales_cabotaje_SNA;pasajeros;pax;388,35;388350;2003;Mar;3;2003-03-01;2003-03;cabotaje;comercial;SNA;SNA;SNA
2;pasajeros_comerciales_cabotaje_SNA;pasajeros;pax;359,111;359111;2003;Abr;4;2003-04-01;2003-04;cabotaje;comercial;SNA;SNA;SNA
2;pasajeros_comerciales_cabotaje_SNA;pasajeros;pax;312,903;312903;2003;May;5;2003-05-01;2003-05;cabotaje;comercial;SNA;SNA;SNA
2;pasajeros_comerciales_cabotaje_SNA;pasajeros;pax;312,554;312554;2003;Jun;6;2003-06-01;2003-06;cabotaje;comercial;SNA;SNA;SNA
2;pasajeros_comerciales_cabotaje_SNA;pasajeros;pax;400,08;400080;2003;Jul;7;2003-07-01;2003-07;cabotaje;comercial;SNA;SNA;SNA
2;pasajeros_comerciales_cabotaje_SNA;pasajeros;pax;411,257;411257;2003;Ago;8;2003-08-01;2003-08;cabotaje;comercial;SNA;SNA;SNA
2;pasajeros_comerciales_cabotaje_SNA;pasajeros;pax;387,798;387798;2003;Sep;9;2003-09-01;2003-09;cabotaje;comercial;SNA;SNA;SNA
2;pasajeros_comerciales_cabotaje_SNA;pasajeros;pax;433,955;433955;2003;Oct;10;2003-10-01;2003-10;cabotaje;comercial;SNA;SNA;SNA
2;pasajeros_comerciales_cabotaje_SNA;pasajeros;pax;453,969;453969;2003;Nov;11;2003-11-01;2003-11;cabotaje;comercial;SNA;SNA;SNA
2;pasajeros_comerciales_cabotaje_SNA;pasajeros;pax;440,311;440311;2003;Dic;12;2003-12-01;2003-12;cabotaje;comercial;SNA;SNA;SNA
2;pasajeros_comerciales_cabotaje_SNA;pasajeros;pax;425,796;425796;2004;Ene;1;2004-01-01;2004-01;cabotaje;comercial;SNA;SNA;SNA
2;pasajeros_comerciales_cabotaje_SNA;pasajeros;pax;426,347;426347;2004;Feb;2;2004-02-01;2004-02;cabotaje;comercial;SNA;SNA;SNA
2;pasajeros_comerciales_cabotaje_SNA;pasajeros;pax;461,056;461056;2004;Mar;3;2004-03-01;2004-03;cabotaje;comercial;SNA;SNA;SNA
2;pasajeros_comerciales_cabotaje_SNA;pasajeros;pax;427,356;427356;2004;Abr;4;2004-04-01;2004-04;cabotaje;comercial;SNA;SNA;SNA
2;pasajeros_comerciales_cabotaje_SNA;pasajeros;pax;372,48;372480;2004;May;5;2004-05-01;2004-05;cabotaje;comercial;SNA;SNA;SNA
2;pasajeros_comerciales_cabotaje_SNA;pasajeros;pax;359,613;359613;2004;Jun;6;2004-06-01;2004-06;cabotaje;comercial;SNA;SNA;SNA
2;pasajeros_comerciales_cabotaje_SNA;pasajeros;pax;460,803;460803;2004;Jul;7;2004-07-01;2004-07;cabotaje;comercial;SNA;SNA;SNA
2;pasajeros_comerciales_cabotaje_SNA;pasajeros;pax;463,664;463664;2004;Ago;8;2004-08-01;2004-08;cabotaje;comercial;SNA;SNA;SNA
2;pasajeros_comerciales_cabotaje_SNA;pasajeros;pax;430,75;430750;2004;Sep;9;2004-09-01;2004-09;cabotaje;comercial;SNA;SNA;SNA
2;pasajeros_comerciales_cabotaje_SNA;pasajeros;pax;479,532;479532;2004;Oct;10;2004-10-01;2004-10;cabotaje;comercial;SNA;SNA;SNA
2;pasajeros_comerciales_cabotaje_SNA;pasajeros;pax;491,136;491136;2004;Nov;11;2004-11-01;2004-11;cabotaje;comercial;SNA;SNA;SNA
2;pasajeros_comerciales_cabotaje_SNA;pasajeros;pax;479,556;479556;2004;Dic;12;2004-12-01;2004-12;cabotaje;comercial;SNA;SNA;SNA
2;pasajeros_comerciales_cabotaje_SNA;pasajeros;pax;452,859;452859;2005;Ene;1;2005-01-01;2005-01;cabotaje;comercial;SNA;SNA;SNA
2;pasajeros_comerciales_cabotaje_SNA;pasajeros;pax;427,801;427801;2005;Feb;2;2005-02-01;2005-02;cabotaje;comercial;SNA;SNA;SNA
2;pasajeros_comerciales_cabotaje_SNA;pasajeros;pax;474,402;474402;2005;Mar;3;2005-03-01;2005-03;cabotaje;comercial;SNA;SNA;SNA
2;pasajeros_comerciales_cabotaje_SNA;pasajeros;pax;407,183;407183;2005;Abr;4;2005-04-01;2005-04;cabotaje;comercial;SNA;SNA;SNA
2;pasajeros_comerciales_cabotaje_SNA;pasajeros;pax;370,913;370913;2005;May;5;2005-05-01;2005-05;cabotaje;comercial;SNA;SNA;SNA
2;pasajeros_comerciales_cabotaje_SNA;pasajeros;pax;378,68;378680;2005;Jun;6;2005-06-01;2005-06;cabotaje;comercial;SNA;SNA;SNA
2;pasajeros_comerciales_cabotaje_SNA;pasajeros;pax;450,743;450743;2005;Jul;7;2005-07-01;2005-07;cabotaje;comercial;SNA;SNA;SNA
2;pasajeros_comerciales_cabotaje_SNA;pasajeros;pax;491,446;491446;2005;Ago;8;2005-08-01;2005-08;cabotaje;comercial;SNA;SNA;SNA
2;pasajeros_comerciales_cabotaje_SNA;pasajeros;pax;475,342;475342;2005;Sep;9;2005-09-01;2005-09;cabotaje;comercial;SNA;SNA;SNA
2;pasajeros_comerciales_cabotaje_SNA;pasajeros;pax;518,15;518150;2005;Oct;10;2005-10-01;2005-10;cabotaje;comercial;SNA;SNA;SNA
2;pasajeros_comerciales_cabotaje_SNA;pasajeros;pax;497,573;497573;2005;Nov;11;2005-11-01;2005-11;cabotaje;comercial;SNA;SNA;SNA
2;pasajeros_comerciales_cabotaje_SNA;pasajeros;pax;488,085;488085;2005;Dic;12;2005-12-01;2005-12;cabotaje;comercial;SNA;SNA;SNA
2;pasajeros_comerciales_cabotaje_SNA;pasajeros;pax;486,657;486657;2006;Ene;1;2006-01-01;2006-01;cabotaje;comercial;SNA;SNA;SNA
2;pasajeros_comerciales_cabotaje_SNA;pasajeros;pax;450,114;450114;2006;Feb;2;2006-02-01;2006-02;cabotaje;comercial;SNA;SNA;SNA
2;pasajeros_comerciales_cabotaje_SNA;pasajeros;pax;479,089;479089;2006;Mar;3;2006-03-01;2006-03;cabotaje;comercial;SNA;SNA;SNA
2;pasajeros_comerciales_cabotaje_SNA;pasajeros;pax;440,839;440839;2006;Abr;4;2006-04-01;2006-04;cabotaje;comercial;SNA;SNA;SNA
2;pasajeros_comerciales_cabotaje_SNA;pasajeros;pax;392,933;392933;2006;May;5;2006-05-01;2006-05;cabotaje;comercial;SNA;SNA;SNA
2;pasajeros_comerciales_cabotaje_SNA;pasajeros;pax;372,139;372139;2006;Jun;6;2006-06-01;2006-06;cabotaje;comercial;SNA;SNA;SNA
2;pasajeros_comerciales_cabotaje_SNA;pasajeros;pax;429,582;429582;2006;Jul;7;2006-07-01;2006-07;cabotaje;comercial;SNA;SNA;SNA
2;pasajeros_comerciales_cabotaje_SNA;pasajeros;pax;473,613;473613;2006;Ago;8;2006-08-01;2006-08;cabotaje;comercial;SNA;SNA;SNA
2;pasajeros_comerciales_cabotaje_SNA;pasajeros;pax;453,691;453691;2006;Sep;9;2006-09-01;2006-09;cabotaje;comercial;SNA;SNA;SNA
2;pasajeros_comerciales_cabotaje_SNA;pasajeros;pax;498,609;498609;2006;Oct;10;2006-10-01;2006-10;cabotaje;comercial;SNA;SNA;SNA
2;pasajeros_comerciales_cabotaje_SNA;pasajeros;pax;523,097;523097;2006;Nov;11;2006-11-01;2006-11;cabotaje;comercial;SNA;SNA;SNA
2;pasajeros_comerciales_cabotaje_SNA;pasajeros;pax;491,157;491157;2006;Dic;12;2006-12-01;2006-12;cabotaje;comercial;SNA;SNA;SNA
2;pasajeros_comerciales_cabotaje_SNA;pasajeros;pax;475,503;475503;2007;Ene;1;2007-01-01;2007-01;cabotaje;comercial;SNA;SNA;SNA
2;pasajeros_comerciales_cabotaje_SNA;pasajeros;pax;457,722;457722;2007;Feb;2;2007-02-01;2007-02;cabotaje;comercial;SNA;SNA;SNA
2;pasajeros_comerciales_cabotaje_SNA;pasajeros;pax;498,241;498241;2007;Mar;3;2007-03-01;2007-03;cabotaje;comercial;SNA;SNA;SNA
2;pasajeros_comerciales_cabotaje_SNA;pasajeros;pax;439,453;439453;2007;Abr;4;2007-04-01;2007-04;cabotaje;comercial;SNA;SNA;SNA
2;pasajeros_comerciales_cabotaje_SNA;pasajeros;pax;389,164;389164;2007;May;5;2007-05-01;2007-05;cabotaje;comercial;SNA;SNA;SNA
2;pasajeros_comerciales_cabotaje_SNA;pasajeros;pax;327,921;327921;2007;Jun;6;2007-06-01;2007-06;cabotaje;comercial;SNA;SNA;SNA
2;pasajeros_comerciales_cabotaje_SNA;pasajeros;pax;459,672;459672;2007;Jul;7;2007-07-01;2007-07;cabotaje;comercial;SNA;SNA;SNA
2;pasajeros_comerciales_cabotaje_SNA;pasajeros;pax;499,631;499631;2007;Ago;8;2007-08-01;2007-08;cabotaje;comercial;SNA;SNA;SNA
2;pasajeros_comerciales_cabotaje_SNA;pasajeros;pax;484,047;484047;2007;Sep;9;2007-09-01;2007-09;cabotaje;comercial;SNA;SNA;SNA
2;pasajeros_comerciales_cabotaje_SNA;pasajeros;pax;545,361;545361;2007;Oct;10;2007-10-01;2007-10;cabotaje;comercial;SNA;SNA;SNA
2;pasajeros_comerciales_cabotaje_SNA;pasajeros;pax;565,321;565321;2007;Nov;11;2007-11-01;2007-11;cabotaje;comercial;SNA;SNA;SNA
2;pasajeros_comerciales_cabotaje_SNA;pasajeros;pax;533,134;533134;2007;Dic;12;2007-12-01;2007-12;cabotaje;comercial;SNA;SNA;SNA
2;pasajeros_comerciales_cabotaje_SNA;pasajeros;pax;531,844;531844;2008;Ene;1;2008-01-01;2008-01;cabotaje;comercial;SNA;SNA;SNA
2;pasajeros_comerciales_cabotaje_SNA;pasajeros;pax;511,639;511639;2008;Feb;2;2008-02-01;2008-02;cabotaje;comercial;SNA;SNA;SNA
2;pasajeros_comerciales_cabotaje_SNA;pasajeros;pax;548,521;548521;2008;Mar;3;2008-03-01;2008-03;cabotaje;comercial;SNA;SNA;SNA
2;pasajeros_comerciales_cabotaje_SNA;pasajeros;pax;453,955;453955;2008;Abr;4;2008-04-01;2008-04;cabotaje;comercial;SNA;SNA;SNA
2;pasajeros_comerciales_cabotaje_SNA;pasajeros;pax;365,643;365643;2008;May;5;2008-05-01;2008-05;cabotaje;comercial;SNA;SNA;SNA
2;pasajeros_comerciales_cabotaje_SNA;pasajeros;pax;370,457;370457;2008;Jun;6;2008-06-01;2008-06;cabotaje;comercial;SNA;SNA;SNA
2;pasajeros_comerciales_cabotaje_SNA;pasajeros;pax;453,177;453177;2008;Jul;7;2008-07-01;2008-07;cabotaje;comercial;SNA;SNA;SNA
2;pasajeros_comerciales_cabotaje_SNA;pasajeros;pax;494,485;494485;2008;Ago;8;2008-08-01;2008-08;cabotaje;comercial;SNA;SNA;SNA
2;pasajeros_comerciales_cabotaje_SNA;pasajeros;pax;478,816;478816;2008;Sep;9;2008-09-01;2008-09;cabotaje;comercial;SNA;SNA;SNA
2;pasajeros_comerciales_cabotaje_SNA;pasajeros;pax;534,38;534380;2008;Oct;10;2008-10-01;2008-10;cabotaje;comercial;SNA;SNA;SNA
2;pasajeros_comerciales_cabotaje_SNA;pasajeros;pax;547,517;547517;2008;Nov;11;2008-11-01;2008-11;cabotaje;comercial;SNA;SNA;SNA
2;pasajeros_comerciales_cabotaje_SNA;pasajeros;pax;534,23;534230;2008;Dic;12;2008-12-01;2008-12;cabotaje;comercial;SNA;SNA;SNA
2;pasajeros_comerciales_cabotaje_SNA;pasajeros;pax;498,5;498500;2009;Ene;1;2009-01-01;2009-01;cabotaje;comercial;SNA;SNA;SNA
2;pasajeros_comerciales_cabotaje_SNA;pasajeros;pax;486,013;486013;2009;Feb;2;2009-02-01;2009-02;cabotaje;comercial;SNA;SNA;SNA
2;pasajeros_comerciales_cabotaje_SNA;pasajeros;pax;509,334;509334;2009;Mar;3;2009-03-01;2009-03;cabotaje;comercial;SNA;SNA;SNA
2;pasajeros_comerciales_cabotaje_SNA;pasajeros;pax;503,636;503636;2009;Abr;4;2009-04-01;2009-04;cabotaje;comercial;SNA;SNA;SNA
2;pasajeros_comerciales_cabotaje_SNA;pasajeros;pax;454,617;454617;2009;May;5;2009-05-01;2009-05;cabotaje;comercial;SNA;SNA;SNA
2;pasajeros_comerciales_cabotaje_SNA;pasajeros;pax;448,078;448078;2009;Jun;6;2009-06-01;2009-06;cabotaje;comercial;SNA;SNA;SNA
2;pasajeros_comerciales_cabotaje_SNA;pasajeros;pax;525,169;525169;2009;Jul;7;2009-07-01;2009-07;cabotaje;comercial;SNA;SNA;SNA
2;pasajeros_comerciales_cabotaje_SNA;pasajeros;pax;583,317;583317;2009;Ago;8;2009-08-01;2009-08;cabotaje;comercial;SNA;SNA;SNA
2;pasajeros_comerciales_cabotaje_SNA;pasajeros;pax;606,738;606738;2009;Sep;9;2009-09-01;2009-09;cabotaje;comercial;SNA;SNA;SNA
2;pasajeros_comerciales_cabotaje_SNA;pasajeros;pax;643,58;643580;2009;Oct;10;2009-10-01;2009-10;cabotaje;comercial;SNA;SNA;SNA
2;pasajeros_comerciales_cabotaje_SNA;pasajeros;pax;634,533;634533;2009;Nov;11;2009-11-01;2009-11;cabotaje;comercial;SNA;SNA;SNA
2;pasajeros_comerciales_cabotaje_SNA;pasajeros;pax;601,953;601953;2009;Dic;12;2009-12-01;2009-12;cabotaje;comercial;SNA;SNA;SNA
2;pasajeros_comerciales_cabotaje_SNA;pasajeros;pax;581,978;581978;2010;Ene;1;2010-01-01;2010-01;cabotaje;comercial;SNA;SNA;SNA
2;pasajeros_comerciales_cabotaje_SNA;pasajeros;pax;522,593;522593;2010;Feb;2;2010-02-01;2010-02;cabotaje;comercial;SNA;SNA;SNA
2;pasajeros_comerciales_cabotaje_SNA;pasajeros;pax;605,834;605834;2010;Mar;3;2010-03-01;2010-03;cabotaje;comercial;SNA;SNA;SNA
2;pasajeros_comerciales_cabotaje_SNA;pasajeros;pax;554,302;554302;2010;Abr;4;2010-04-01;2010-04;cabotaje;comercial;SNA;SNA;SNA
2;pasajeros_comerciales_cabotaje_SNA;pasajeros;pax;532,519;532519;2010;May;5;2010-05-01;2010-05;cabotaje;comercial;SNA;SNA;SNA
2;pasajeros_comerciales_cabotaje_SNA;pasajeros;pax;484,282;484282;2010;Jun;6;2010-06-01;2010-06;cabotaje;comercial;SNA;SNA;SNA
2;pasajeros_comerciales_cabotaje_SNA;pasajeros;pax;607,555;607555;2010;Jul;7;2010-07-01;2010-07;cabotaje;comercial;SNA;SNA;SNA
2;pasajeros_comerciales_cabotaje_SNA;pasajeros;pax;616,941;616941;2010;Ago;8;2010-08-01;2010-08;cabotaje;comercial;SNA;SNA;SNA
2;pasajeros_comerciales_cabotaje_SNA;pasajeros;pax;612,44;612440;2010;Sep;9;2010-09-01;2010-09;cabotaje;comercial;SNA;SNA;SNA
2;pasajeros_comerciales_cabotaje_SNA;pasajeros;pax;642,193;642193;2010;Oct;10;2010-10-01;2010-10;cabotaje;comercial;SNA;SNA;SNA
2;pasajeros_comerciales_cabotaje_SNA;pasajeros;pax;535,715;535715;2010;Nov;11;2010-11-01;2010-11;cabotaje;comercial;SNA;SNA;SNA
2;pasajeros_comerciales_cabotaje_SNA;pasajeros;pax;619,312;619312;2010;Dic;12;2010-12-01;2010-12;cabotaje;comercial;SNA;SNA;SNA
2;pasajeros_comerciales_cabotaje_SNA;pasajeros;pax;637,191;637191;2011;Ene;1;2011-01-01;2011-01;cabotaje;comercial;SNA;SNA;SNA
2;pasajeros_comerciales_cabotaje_SNA;pasajeros;pax;584,893;584893;2011;Feb;2;2011-02-01;2011-02;cabotaje;comercial;SNA;SNA;SNA
2;pasajeros_comerciales_cabotaje_SNA;pasajeros;pax;625,915;625915;2011;Mar;3;2011-03-01;2011-03;cabotaje;comercial;SNA;SNA;SNA
2;pasajeros_comerciales_cabotaje_SNA;pasajeros;pax;582,986;582986;2011;Abr;4;2011-04-01;2011-04;cabotaje;comercial;SNA;SNA;SNA
2;pasajeros_comerciales_cabotaje_SNA;pasajeros;pax;531,61;531610;2011;May;5;2011-05-01;2011-05;cabotaje;comercial;SNA;SNA;SNA
2;pasajeros_comerciales_cabotaje_SNA;pasajeros;pax;267,565;267565;2011;Jun;6;2011-06-01;2011-06;cabotaje;comercial;SNA;SNA;SNA
2;pasajeros_comerciales_cabotaje_SNA;pasajeros;pax;386,365;386365;2011;Jul;7;2011-07-01;2011-07;cabotaje;comercial;SNA;SNA;SNA
2;pasajeros_comerciales_cabotaje_SNA;pasajeros;pax;488,801;488801;2011;Ago;8;2011-08-01;2011-08;cabotaje;comercial;SNA;SNA;SNA
2;pasajeros_comerciales_cabotaje_SNA;pasajeros;pax;538,942;538942;2011;Sep;9;2011-09-01;2011-09;cabotaje;comercial;SNA;SNA;SNA
2;pasajeros_comerciales_cabotaje_SNA;pasajeros;pax;580,035;580035;2011;Oct;10;2011-10-01;2011-10;cabotaje;comercial;SNA;SNA;SNA
2;pasajeros_comerciales_cabotaje_SNA;pasajeros;pax;610,735;610735;2011;Nov;11;2011-11-01;2011-11;cabotaje;comercial;SNA;SNA;SNA
2;pasajeros_comerciales_cabotaje_SNA;pasajeros;pax;626,513;626513;2011;Dic;12;2011-12-01;2011-12;cabotaje;comercial;SNA;SNA;SNA
2;pasajeros_comerciales_cabotaje_SNA;pasajeros;pax;639,459;639459;2012;Ene;1;2012-01-01;2012-01;cabotaje;comercial;SNA;SNA;SNA
2;pasajeros_comerciales_cabotaje_SNA;pasajeros;pax;596,838;596838;2012;Feb;2;2012-02-01;2012-02;cabotaje;comercial;SNA;SNA;SNA
2;pasajeros_comerciales_cabotaje_SNA;pasajeros;pax;646,956;646956;2012;Mar;3;2012-03-01;2012-03;cabotaje;comercial;SNA;SNA;SNA
2;pasajeros_comerciales_cabotaje_SNA;pasajeros;pax;573,243;573243;2012;Abr;4;2012-04-01;2012-04;cabotaje;comercial;SNA;SNA;SNA
2;pasajeros_comerciales_cabotaje_SNA;pasajeros;pax;533,047;533047;2012;May;5;2012-05-01;2012-05;cabotaje;comercial;SNA;SNA;SNA
2;pasajeros_comerciales_cabotaje_SNA;pasajeros;pax;497,035;497035;2012;Jun;6;2012-06-01;2012-06;cabotaje;comercial;SNA;SNA;SNA
2;pasajeros_comerciales_cabotaje_SNA;pasajeros;pax;646,668;646668;2012;Jul;7;2012-07-01;2012-07;cabotaje;comercial;SNA;SNA;SNA
2;pasajeros_comerciales_cabotaje_SNA;pasajeros;pax;619,36;619360;2012;Ago;8;2012-08-01;2012-08;cabotaje;comercial;SNA;SNA;SNA
2;pasajeros_comerciales_cabotaje_SNA;pasajeros;pax;645,018;645018;2012;Sep;9;2012-09-01;2012-09;cabotaje;comercial;SNA;SNA;SNA
2;pasajeros_comerciales_cabotaje_SNA;pasajeros;pax;699,701;699701;2012;Oct;10;2012-10-01;2012-10;cabotaje;comercial;SNA;SNA;SNA
2;pasajeros_comerciales_cabotaje_SNA;pasajeros;pax;729,786;729786;2012;Nov;11;2012-11-01;2012-11;cabotaje;comercial;SNA;SNA;SNA
2;pasajeros_comerciales_cabotaje_SNA;pasajeros;pax;705,597;705597;2012;Dic;12;2012-12-01;2012-12;cabotaje;comercial;SNA;SNA;SNA
2;pasajeros_comerciales_cabotaje_SNA;pasajeros;pax;690,727;690727;2013;Ene;1;2013-01-01;2013-01;cabotaje;comercial;SNA;SNA;SNA
2;pasajeros_comerciales_cabotaje_SNA;pasajeros;pax;631,334;631334;2013;Feb;2;2013-02-01;2013-02;cabotaje;comercial;SNA;SNA;SNA
2;pasajeros_comerciales_cabotaje_SNA;pasajeros;pax;703,073;703073;2013;Mar;3;2013-03-01;2013-03;cabotaje;comercial;SNA;SNA;SNA
2;pasajeros_comerciales_cabotaje_SNA;pasajeros;pax;644,344;644344;2013;Abr;4;2013-04-01;2013-04;cabotaje;comercial;SNA;SNA;SNA
2;pasajeros_comerciales_cabotaje_SNA;pasajeros;pax;614,657;614657;2013;May;5;2013-05-01;2013-05;cabotaje;comercial;SNA;SNA;SNA
2;pasajeros_comerciales_cabotaje_SNA;pasajeros;pax;601,207;601207;2013;Jun;6;2013-06-01;2013-06;cabotaje;comercial;SNA;SNA;SNA
2;pasajeros_comerciales_cabotaje_SNA;pasajeros;pax;744,37;744370;2013;Jul;7;2013-07-01;2013-07;cabotaje;comercial;SNA;SNA;SNA
2;pasajeros_comerciales_cabotaje_SNA;pasajeros;pax;710,722;710722;2013;Ago;8;2013-08-01;2013-08;cabotaje;comercial;SNA;SNA;SNA
2;pasajeros_comerciales_cabotaje_SNA;pasajeros;pax;720,703;720703;2013;Sep;9;2013-09-01;2013-09;cabotaje;comercial;SNA;SNA;SNA
2;pasajeros_comerciales_cabotaje_SNA;pasajeros;pax;746,212;746212;2013;Oct;10;2013-10-01;2013-10;cabotaje;comercial;SNA;SNA;SNA
2;pasajeros_comerciales_cabotaje_SNA;pasajeros;pax;787,21;787210;2013;Nov;11;2013-11-01;2013-11;cabotaje;comercial;SNA;SNA;SNA
2;pasajeros_comerciales_cabotaje_SNA;pasajeros;pax;757,251;757251;2013;Dic;12;2013-12-01;2013-12;cabotaje;comercial;SNA;SNA;SNA
2;pasajeros_comerciales_cabotaje_SNA;pasajeros;pax;760,92;760920;2014;Ene;1;2014-01-01;2014-01;cabotaje;comercial;SNA;SNA;SNA
2;pasajeros_comerciales_cabotaje_SNA;pasajeros;pax;703,522;703522;2014;Feb;2;2014-02-01;2014-02;cabotaje;comercial;SNA;SNA;SNA
2;pasajeros_comerciales_cabotaje_SNA;pasajeros;pax;751,867;751867;2014;Mar;3;2014-03-01;2014-03;cabotaje;comercial;SNA;SNA;SNA
2;pasajeros_comerciales_cabotaje_SNA;pasajeros;pax;702,3;702300;2014;Abr;4;2014-04-01;2014-04;cabotaje;comercial;SNA;SNA;SNA
2;pasajeros_comerciales_cabotaje_SNA;pasajeros;pax;677,54;677540;2014;May;5;2014-05-01;2014-05;cabotaje;comercial;SNA;SNA;SNA
2;pasajeros_comerciales_cabotaje_SNA;pasajeros;pax;609,713;609713;2014;Jun;6;2014-06-01;2014-06;cabotaje;comercial;SNA;SNA;SNA
2;pasajeros_comerciales_cabotaje_SNA;pasajeros;pax;793,369;793369;2014;Jul;7;2014-07-01;2014-07;cabotaje;comercial;SNA;SNA;SNA
2;pasajeros_comerciales_cabotaje_SNA;pasajeros;pax;783,324;783324;2014;Ago;8;2014-08-01;2014-08;cabotaje;comercial;SNA;SNA;SNA
2;pasajeros_comerciales_cabotaje_SNA;pasajeros;pax;787,991;787991;2014;Sep;9;2014-09-01;2014-09;cabotaje;comercial;SNA;SNA;SNA
2;pasajeros_comerciales_cabotaje_SNA;pasajeros;pax;854,113;854113;2014;Oct;10;2014-10-01;2014-10;cabotaje;comercial;SNA;SNA;SNA
2;pasajeros_comerciales_cabotaje_SNA;pasajeros;pax;866,68;866680;2014;Nov;11;2014-11-01;2014-11;cabotaje;comercial;SNA;SNA;SNA
2;pasajeros_comerciales_cabotaje_SNA;pasajeros;pax;854,696;854696;2014;Dic;12;2014-12-01;2014-12;cabotaje;comercial;SNA;SNA;SNA
2;pasajeros_comerciales_cabotaje_SNA;pasajeros;pax;855,345;855345;2015;Ene;1;2015-01-01;2015-01;cabotaje;comercial;SNA;SNA;SNA
2;pasajeros_comerciales_cabotaje_SNA;pasajeros;pax;790,56;790560;2015;Feb;2;2015-02-01;2015-02;cabotaje;comercial;SNA;SNA;SNA
2;pasajeros_comerciales_cabotaje_SNA;pasajeros;pax;827,489;827489;2015;Mar;3;2015-03-01;2015-03;cabotaje;comercial;SNA;SNA;SNA
2;pasajeros_comerciales_cabotaje_SNA;pasajeros;pax;767,663;767663;2015;Abr;4;2015-04-01;2015-04;cabotaje;comercial;SNA;SNA;SNA
2;pasajeros_comerciales_cabotaje_SNA;pasajeros;pax;725,908;725908;2015;May;5;2015-05-01;2015-05;cabotaje;comercial;SNA;SNA;SNA
2;pasajeros_comerciales_cabotaje_SNA;pasajeros;pax;659,753;659753;2015;Jun;6;2015-06-01;2015-06;cabotaje;comercial;SNA;SNA;SNA
2;pasajeros_comerciales_cabotaje_SNA;pasajeros;pax;947,035;947035;2015;Jul;7;2015-07-01;2015-07;cabotaje;comercial;SNA;SNA;SNA
2;pasajeros_comerciales_cabotaje_SNA;pasajeros;pax;937,653;937653;2015;Ago;8;2015-08-01;2015-08;cabotaje;comercial;SNA;SNA;SNA
2;pasajeros_comerciales_cabotaje_SNA;pasajeros;pax;946,119;946119;2015;Sep;9;2015-09-01;2015-09;cabotaje;comercial;SNA;SNA;SNA
2;pasajeros_comerciales_cabotaje_SNA;pasajeros;pax;954,689;954689;2015;Oct;10;2015-10-01;2015-10;cabotaje;comercial;SNA;SNA;SNA
2;pasajeros_comerciales_cabotaje_SNA;pasajeros;pax;953,349;953349;2015;Nov;11;2015-11-01;2015-11;cabotaje;comercial;SNA;SNA;SNA
2;pasajeros_comerciales_cabotaje_SNA;pasajeros;pax;953,623;953623;2015;Dic;12;2015-12-01;2015-12;cabotaje;comercial;SNA;SNA;SNA
2;pasajeros_comerciales_cabotaje_SNA;pasajeros;pax;1001,431;1001431;2016;Ene;1;2016-01-01;2016-01;cabotaje;comercial;SNA;SNA;SNA
2;pasajeros_comerciales_cabotaje_SNA;pasajeros;pax;916,724;916724;2016;Feb;2;2016-02-01;2016-02;cabotaje;comercial;SNA;SNA;SNA
2;pasajeros_comerciales_cabotaje_SNA;pasajeros;pax;906,123;906123;2016;Mar;3;2016-03-01;2016-03;cabotaje;comercial;SNA;SNA;SNA
2;pasajeros_comerciales_cabotaje_SNA;pasajeros;pax;753,015;753015;2016;Abr;4;2016-04-01;2016-04;cabotaje;comercial;SNA;SNA;SNA
2;pasajeros_comerciales_cabotaje_SNA;pasajeros;pax;721,124;721124;2016;May;5;2016-05-01;2016-05;cabotaje;comercial;SNA;SNA;SNA
2;pasajeros_comerciales_cabotaje_SNA;pasajeros;pax;700,435;700435;2016;Jun;6;2016-06-01;2016-06;cabotaje;comercial;SNA;SNA;SNA
2;pasajeros_comerciales_cabotaje_SNA;pasajeros;pax;983,082;983082;2016;Jul;7;2016-07-01;2016-07;cabotaje;comercial;SNA;SNA;SNA
2;pasajeros_comerciales_cabotaje_SNA;pasajeros;pax;975,505;975505;2016;Ago;8;2016-08-01;2016-08;cabotaje;comercial;SNA;SNA;SNA
2;pasajeros_comerciales_cabotaje_SNA;pasajeros;pax;933,207;933207;2016;Sep;9;2016-09-01;2016-09;cabotaje;comercial;SNA;SNA;SNA
2;pasajeros_comerciales_cabotaje_SNA;pasajeros;pax;1016,968;1016968;2016;Oct;10;2016-10-01;2016-10;cabotaje;comercial;SNA;SNA;SNA
2;pasajeros_comerciales_cabotaje_SNA;pasajeros;pax;998,037;998037;2016;Nov;11;2016-11-01;2016-11;cabotaje;comercial;SNA;SNA;SNA
2;pasajeros_comerciales_cabotaje_SNA;pasajeros;pax;1015,148;1015148;2016;Dic;12;2016-12-01;2016-12;cabotaje;comercial;SNA;SNA;SNA
2;pasajeros_comerciales_cabotaje_SNA;pasajeros;pax;1087,827;1087827;2017;Ene;1;2017-01-01;2017-01;cabotaje;comercial;SNA;SNA;SNA
2;pasajeros_comerciales_cabotaje_SNA;pasajeros;pax;977,719;977719;2017;Feb;2;2017-02-01;2017-02;cabotaje;comercial;SNA;SNA;SNA
2;pasajeros_comerciales_cabotaje_SNA;pasajeros;pax;998,882;998882;2017;Mar;3;2017-03-01;2017-03;cabotaje;comercial;SNA;SNA;SNA
2;pasajeros_comerciales_cabotaje_SNA;pasajeros;pax;918,63;918630;2017;Abr;4;2017-04-01;2017-04;cabotaje;comercial;SNA;SNA;SNA
2;pasajeros_comerciales_cabotaje_SNA;pasajeros;pax;902,542;902542;2017;May;5;2017-05-01;2017-05;cabotaje;comercial;SNA;SNA;SNA
2;pasajeros_comerciales_cabotaje_SNA;pasajeros;pax;866,841;866841;2017;Jun;6;2017-06-01;2017-06;cabotaje;comercial;SNA;SNA;SNA
2;pasajeros_comerciales_cabotaje_SNA;pasajeros;pax;1158,539;1158539;2017;Jul;7;2017-07-01;2017-07;cabotaje;comercial;SNA;SNA;SNA
2;pasajeros_comerciales_cabotaje_SNA;pasajeros;pax;1147,766;1147766;2017;Ago;8;2017-08-01;2017-08;cabotaje;comercial;SNA;SNA;SNA
2;pasajeros_comerciales_cabotaje_SNA;pasajeros;pax;1141,203;1141203;2017;Sep;9;2017-09-01;2017-09;cabotaje;comercial;SNA;SNA;SNA
2;pasajeros_comerciales_cabotaje_SNA;pasajeros;pax;1155,947;1155947;2017;Oct;10;2017-10-01;2017-10;cabotaje;comercial;SNA;SNA;SNA
2;pasajeros_comerciales_cabotaje_SNA;pasajeros;pax;1174,349;1174349;2017;Nov;11;2017-11-01;2017-11;cabotaje;comercial;SNA;SNA;SNA
2;pasajeros_comerciales_cabotaje_SNA;pasajeros;pax;1115,093;1115093;2017;Dic;12;2017-12-01;2017-12;cabotaje;comercial;SNA;SNA;SNA
2;pasajeros_comerciales_cabotaje_SNA;pasajeros;pax;1193,767;1193767;2018;Ene;1;2018-01-01;2018-01;cabotaje;comercial;SNA;SNA;SNA
2;pasajeros_comerciales_cabotaje_SNA;pasajeros;pax;1076,46;1076460;2018;Feb;2;2018-02-01;2018-02;cabotaje;comercial;SNA;SNA;SNA
2;pasajeros_comerciales_cabotaje_SNA;pasajeros;pax;1184,613;1184613;2018;Mar;3;2018-03-01;2018-03;cabotaje;comercial;SNA;SNA;SNA
2;pasajeros_comerciales_cabotaje_SNA;pasajeros;pax;1039,513;1039513;2018;Abr;4;2018-04-01;2018-04;cabotaje;comercial;SNA;SNA;SNA
2;pasajeros_comerciales_cabotaje_SNA;pasajeros;pax;1002,607;1002607;2018;May;5;2018-05-01;2018-05;cabotaje;comercial;SNA;SNA;SNA
2;pasajeros_comerciales_cabotaje_SNA;pasajeros;pax;948,919;948919;2018;Jun;6;2018-06-01;2018-06;cabotaje;comercial;SNA;SNA;SNA
2;pasajeros_comerciales_cabotaje_SNA;pasajeros;pax;1354,761;1354761;2018;Jul;7;2018-07-01;2018-07;cabotaje;comercial;SNA;SNA;SNA
2;pasajeros_comerciales_cabotaje_SNA;pasajeros;pax;1316,932;1316932;2018;Ago;8;2018-08-01;2018-08;cabotaje;comercial;SNA;SNA;SNA
2;pasajeros_comerciales_cabotaje_SNA;pasajeros;pax;1256,476;1256476;2018;Sep;9;2018-09-01;2018-09;cabotaje;comercial;SNA;SNA;SNA
2;pasajeros_comerciales_cabotaje_SNA;pasajeros;pax;1346,611;1346611;2018;Oct;10;2018-10-01;2018-10;cabotaje;comercial;SNA;SNA;SNA
2;pasajeros_comerciales_cabotaje_SNA;pasajeros;pax;1235,248;1235248;2018;Nov;11;2018-11-01;2018-11;cabotaje;comercial;SNA;SNA;SNA
2;pasajeros_comerciales_cabotaje_SNA;pasajeros;pax;1288,549;1288549;2018;Dic;12;2018-12-01;2018-12;cabotaje;comercial;SNA;SNA;SNA
2;pasajeros_comerciales_cabotaje_SNA;pasajeros;pax;1375,444;1375444;2019;Ene;1;2019-01-01;2019-01;cabotaje;comercial;SNA;SNA;SNA
2;pasajeros_comerciales_cabotaje_SNA;pasajeros;pax;1255,72;1255720;2019;Feb;2;2019-02-01;2019-02;cabotaje;comercial;SNA;SNA;SNA
2;pasajeros_comerciales_cabotaje_SNA;pasajeros;pax;1349,39;1349390;2019;Mar;3;2019-03-01;2019-03;cabotaje;comercial;SNA;SNA;SNA
2;pasajeros_comerciales_cabotaje_SNA;pasajeros;pax;1213,157;1213157;2019;Abr;4;2019-04-01;2019-04;cabotaje;comercial;SNA;SNA;SNA
2;pasajeros_comerciales_cabotaje_SNA;pasajeros;pax;1242,375;1242375;2019;May;5;2019-05-01;2019-05;cabotaje;comercial;SNA;SNA;SNA
2;pasajeros_comerciales_cabotaje_SNA;pasajeros;pax;1207,976;1207976;2019;Jun;6;2019-06-01;2019-06;cabotaje;comercial;SNA;SNA;SNA
2;pasajeros_comerciales_cabotaje_SNA;pasajeros;pax;1531,041;1531041;2019;Jul;7;2019-07-01;2019-07;cabotaje;comercial;SNA;SNA;SNA
2;pasajeros_comerciales_cabotaje_SNA;pasajeros;pax;1473,928;1473928;2019;Ago;8;2019-08-01;2019-08;cabotaje;comercial;SNA;SNA;SNA
2;pasajeros_comerciales_cabotaje_SNA;pasajeros;pax;1352,452;1352452;2019;Sep;9;2019-09-01;2019-09;cabotaje;comercial;SNA;SNA;SNA
2;pasajeros_comerciales_cabotaje_SNA;pasajeros;pax;1385,835;1385835;2019;Oct;10;2019-10-01;2019-10;cabotaje;comercial;SNA;SNA;SNA
2;pasajeros_comerciales_cabotaje_SNA;pasajeros;pax;1331,729;1331729;2019;Nov;11;2019-11-01;2019-11;cabotaje;comercial;SNA;SNA;SNA
2;pasajeros_comerciales_cabotaje_SNA;pasajeros;pax;1353,934;1353934;2019;Dic;12;2019-12-01;2019-12;cabotaje;comercial;SNA;SNA;SNA
2;pasajeros_comerciales_cabotaje_SNA;pasajeros;pax;1387,483;1387483;2020;Ene;1;2020-01-01;2020-01;cabotaje;comercial;SNA;SNA;SNA
2;pasajeros_comerciales_cabotaje_SNA;pasajeros;pax;1272,654;1272654;2020;Feb;2;2020-02-01;2020-02;cabotaje;comercial;SNA;SNA;SNA
2;pasajeros_comerciales_cabotaje_SNA;pasajeros;pax;682,451;682451;2020;Mar;3;2020-03-01;2020-03;cabotaje;comercial;SNA;SNA;SNA
2;pasajeros_comerciales_cabotaje_SNA;pasajeros;pax;3,703;3703;2020;Abr;4;2020-04-01;2020-04;cabotaje;comercial;SNA;SNA;SNA
2;pasajeros_comerciales_cabotaje_SNA;pasajeros;pax;7,031;7031;2020;May;5;2020-05-01;2020-05;cabotaje;comercial;SNA;SNA;SNA
2;pasajeros_comerciales_cabotaje_SNA;pasajeros;pax;5,587;5587;2020;Jun;6;2020-06-01;2020-06;cabotaje;comercial;SNA;SNA;SNA
2;pasajeros_comerciales_cabotaje_SNA;pasajeros;pax;4,068;4068;2020;Jul;7;2020-07-01;2020-07;cabotaje;comercial;SNA;SNA;SNA
2;pasajeros_comerciales_cabotaje_SNA;pasajeros;pax;4,372;4372;2020;Ago;8;2020-08-01;2020-08;cabotaje;comercial;SNA;SNA;SNA
2;pasajeros_comerciales_cabotaje_SNA;pasajeros;pax;4,851;4851;2020;Sep;9;2020-09-01;2020-09;cabotaje;comercial;SNA;SNA;SNA
2;pasajeros_comerciales_cabotaje_SNA;pasajeros;pax;13,07;13070;2020;Oct;10;2020-10-01;2020-10;cabotaje;comercial;SNA;SNA;SNA
2;pasajeros_comerciales_cabotaje_SNA;pasajeros;pax;78,709;78709;2020;Nov;11;2020-11-01;2020-11;cabotaje;comercial;SNA;SNA;SNA
2;pasajeros_comerciales_cabotaje_SNA;pasajeros;pax;207,16;207160;2020;Dic;12;2020-12-01;2020-12;cabotaje;comercial;SNA;SNA;SNA
2;pasajeros_comerciales_cabotaje_SNA;pasajeros;pax;411,896;411896;2021;Ene;1;2021-01-01;2021-01;cabotaje;comercial;SNA;SNA;SNA
2;pasajeros_comerciales_cabotaje_SNA;pasajeros;pax;399,081;399081;2021;Feb;2;2021-02-01;2021-02;cabotaje;comercial;SNA;SNA;SNA
2;pasajeros_comerciales_cabotaje_SNA;pasajeros;pax;453,689;453689;2021;Mar;3;2021-03-01;2021-03;cabotaje;comercial;SNA;SNA;SNA
2;pasajeros_comerciales_cabotaje_SNA;pasajeros;pax;354,139;354139;2021;Abr;4;2021-04-01;2021-04;cabotaje;comercial;SNA;SNA;SNA
2;pasajeros_comerciales_cabotaje_SNA;pasajeros;pax;197,122;197122;2021;May;5;2021-05-01;2021-05;cabotaje;comercial;SNA;SNA;SNA
2;pasajeros_comerciales_cabotaje_SNA;pasajeros;pax;190,644;190644;2021;Jun;6;2021-06-01;2021-06;cabotaje;comercial;SNA;SNA;SNA
2;pasajeros_comerciales_cabotaje_SNA;pasajeros;pax;427,2;427200;2021;Jul;7;2021-07-01;2021-07;cabotaje;comercial;SNA;SNA;SNA
2;pasajeros_comerciales_cabotaje_SNA;pasajeros;pax;557,641;557641;2021;Ago;8;2021-08-01;2021-08;cabotaje;comercial;SNA;SNA;SNA
2;pasajeros_comerciales_cabotaje_SNA;pasajeros;pax;646,733;646733;2021;Sep;9;2021-09-01;2021-09;cabotaje;comercial;SNA;SNA;SNA
2;pasajeros_comerciales_cabotaje_SNA;pasajeros;pax;753,833;753833;2021;Oct;10;2021-10-01;2021-10;cabotaje;comercial;SNA;SNA;SNA
2;pasajeros_comerciales_cabotaje_SNA;pasajeros;pax;871,723;871723;2021;Nov;11;2021-11-01;2021-11;cabotaje;comercial;SNA;SNA;SNA
2;pasajeros_comerciales_cabotaje_SNA;pasajeros;pax;917,377;917377;2021;Dic;12;2021-12-01;2021-12;cabotaje;comercial;SNA;SNA;SNA
2;pasajeros_comerciales_cabotaje_SNA;pasajeros;pax;954,552;954552;2022;Ene;1;2022-01-01;2022-01;cabotaje;comercial;SNA;SNA;SNA
2;pasajeros_comerciales_cabotaje_SNA;pasajeros;pax;964,392;964392;2022;Feb;2;2022-02-01;2022-02;cabotaje;comercial;SNA;SNA;SNA
2;pasajeros_comerciales_cabotaje_SNA;pasajeros;pax;1038,75;1038750;2022;Mar;3;2022-03-01;2022-03;cabotaje;comercial;SNA;SNA;SNA
2;pasajeros_comerciales_cabotaje_SNA;pasajeros;pax;1033,534;1033534;2022;Abr;4;2022-04-01;2022-04;cabotaje;comercial;SNA;SNA;SNA
2;pasajeros_comerciales_cabotaje_SNA;pasajeros;pax;1005,405;1005405;2022;May;5;2022-05-01;2022-05;cabotaje;comercial;SNA;SNA;SNA
2;pasajeros_comerciales_cabotaje_SNA;pasajeros;pax;997,393;997393;2022;Jun;6;2022-06-01;2022-06;cabotaje;comercial;SNA;SNA;SNA
2;pasajeros_comerciales_cabotaje_SNA;pasajeros;pax;1221,526;1221526;2022;Jul;7;2022-07-01;2022-07;cabotaje;comercial;SNA;SNA;SNA
2;pasajeros_comerciales_cabotaje_SNA;pasajeros;pax;1237,27;1237270;2022;Ago;8;2022-08-01;2022-08;cabotaje;comercial;SNA;SNA;SNA
2;pasajeros_comerciales_cabotaje_SNA;pasajeros;pax;1193,697;1193697;2022;Sep;9;2022-09-01;2022-09;cabotaje;comercial;SNA;SNA;SNA
2;pasajeros_comerciales_cabotaje_SNA;pasajeros;pax;1333,632;1333632;2022;Oct;10;2022-10-01;2022-10;cabotaje;comercial;SNA;SNA;SNA
2;pasajeros_comerciales_cabotaje_SNA;pasajeros;pax;1288,444;1288444;2022;Nov;11;2022-11-01;2022-11;cabotaje;comercial;SNA;SNA;SNA
2;pasajeros_comerciales_cabotaje_SNA;pasajeros;pax;1310,837;1310837;2022;Dic;12;2022-12-01;2022-12;cabotaje;comercial;SNA;SNA;SNA
2;pasajeros_comerciales_cabotaje_SNA;pasajeros;pax;1396,334;1396334;2023;Ene;1;2023-01-01;2023-01;cabotaje;comercial;SNA;SNA;SNA
2;pasajeros_comerciales_cabotaje_SNA;pasajeros;pax;1243,424;1243424;2023;Feb;2;2023-02-01;2023-02;cabotaje;comercial;SNA;SNA;SNA
2;pasajeros_comerciales_cabotaje_SNA;pasajeros;pax;1373,711;1373711;2023;Mar;3;2023-03-01;2023-03;cabotaje;comercial;SNA;SNA;SNA
2;pasajeros_comerciales_cabotaje_SNA;pasajeros;pax;1322,826;1322826;2023;Abr;4;2023-04-01;2023-04;cabotaje;comercial;SNA;SNA;SNA
2;pasajeros_comerciales_cabotaje_SNA;pasajeros;pax;1371,79;1371790;2023;May;5;2023-05-01;2023-05;cabotaje;comercial;SNA;SNA;SNA
2;pasajeros_comerciales_cabotaje_SNA;pasajeros;pax;1398,114;1398114;2023;Jun;6;2023-06-01;2023-06;cabotaje;comercial;SNA;SNA;SNA
2;pasajeros_comerciales_cabotaje_SNA;pasajeros;pax;1570,395;1570395;2023;Jul;7;2023-07-01;2023-07;cabotaje;comercial;SNA;SNA;SNA
2;pasajeros_comerciales_cabotaje_SNA;pasajeros;pax;1533,149;1533149;2023;Ago;8;2023-08-01;2023-08;cabotaje;comercial;SNA;SNA;SNA
2;pasajeros_comerciales_cabotaje_SNA;pasajeros;pax;1458,21;1458210;2023;Sep;9;2023-09-01;2023-09;cabotaje;comercial;SNA;SNA;SNA
2;pasajeros_comerciales_cabotaje_SNA;pasajeros;pax;1575,055;1575055;2023;Oct;10;2023-10-01;2023-10;cabotaje;comercial;SNA;SNA;SNA
2;pasajeros_comerciales_cabotaje_SNA;pasajeros;pax;1581,031;1581031;2023;Nov;11;2023-11-01;2023-11;cabotaje;comercial;SNA;SNA;SNA
2;pasajeros_comerciales_cabotaje_SNA;pasajeros;pax;1518,586;1518586;2023;Dic;12;2023-12-01;2023-12;cabotaje;comercial;SNA;SNA;SNA
2;pasajeros_comerciales_cabotaje_SNA;pasajeros;pax;1422,355;1422355;2024;Ene;1;2024-01-01;2024-01;cabotaje;comercial;SNA;SNA;SNA
2;pasajeros_comerciales_cabotaje_SNA;pasajeros;pax;1309,678;1309678;2024;Feb;2;2024-02-01;2024-02;cabotaje;comercial;SNA;SNA;SNA
2;pasajeros_comerciales_cabotaje_SNA;pasajeros;pax;1388,209;1388209;2024;Mar;3;2024-03-01;2024-03;cabotaje;comercial;SNA;SNA;SNA
2;pasajeros_comerciales_cabotaje_SNA;pasajeros;pax;1191,013;1191013;2024;Abr;4;2024-04-01;2024-04;cabotaje;comercial;SNA;SNA;SNA
2;pasajeros_comerciales_cabotaje_SNA;pasajeros;pax;1060,097;1060097;2024;May;5;2024-05-01;2024-05;cabotaje;comercial;SNA;SNA;SNA
2;pasajeros_comerciales_cabotaje_SNA;pasajeros;pax;1103,069;1103069;2024;Jun;6;2024-06-01;2024-06;cabotaje;comercial;SNA;SNA;SNA
2;pasajeros_comerciales_cabotaje_SNA;pasajeros;pax;1414,493;1414493;2024;Jul;7;2024-07-01;2024-07;cabotaje;comercial;SNA;SNA;SNA
2;pasajeros_comerciales_cabotaje_SNA;pasajeros;pax;1363,307;1363307;2024;Ago;8;2024-08-01;2024-08;cabotaje;comercial;SNA;SNA;SNA
2;pasajeros_comerciales_cabotaje_SNA;pasajeros;pax;1282,969;1282969;2024;Sep;9;2024-09-01;2024-09;cabotaje;comercial;SNA;SNA;SNA
2;pasajeros_comerciales_cabotaje_SNA;pasajeros;pax;1381,105;1381105;2024;Oct;10;2024-10-01;2024-10;cabotaje;comercial;SNA;SNA;SNA
2;pasajeros_comerciales_cabotaje_SNA;pasajeros;pax;1450,634;1450634;2024;Nov;11;2024-11-01;2024-11;cabotaje;comercial;SNA;SNA;SNA
2;pasajeros_comerciales_cabotaje_SNA;pasajeros;pax;1543,103;1543103;2024;Dic;12;2024-12-01;2024-12;cabotaje;comercial;SNA;SNA;SNA
2;pasajeros_comerciales_cabotaje_SNA;pasajeros;pax;1525,939;1525939;2025;Ene;1;2025-01-01;2025-01;cabotaje;comercial;SNA;SNA;SNA
2;pasajeros_comerciales_cabotaje_SNA;pasajeros;pax;1356,434;1356434;2025;Feb;2;2025-02-01;2025-02;cabotaje;comercial;SNA;SNA;SNA
2;pasajeros_comerciales_cabotaje_SNA;pasajeros;pax;1536,693;1536693;2025;Mar;3;2025-03-01;2025-03;cabotaje;comercial;SNA;SNA;SNA
2;pasajeros_comerciales_cabotaje_SNA;pasajeros;pax;1346,075;1346075;2025;Abr;4;2025-04-01;2025-04;cabotaje;comercial;SNA;SNA;SNA
2;pasajeros_comerciales_cabotaje_SNA;pasajeros;pax;1289,55;1289550;2025;May;5;2025-05-01;2025-05;cabotaje;comercial;SNA;SNA;SNA
2;pasajeros_comerciales_cabotaje_SNA;pasajeros;pax;1233,55;1233550;2025;Jun;6;2025-06-01;2025-06;cabotaje;comercial;SNA;SNA;SNA
2;pasajeros_comerciales_cabotaje_SNA;pasajeros;pax;1535,7;1535700;2025;Jul;7;2025-07-01;2025-07;cabotaje;comercial;SNA;SNA;SNA
2;pasajeros_comerciales_cabotaje_SNA;pasajeros;pax;1514,391;1514391;2025;Ago;8;2025-08-01;2025-08;cabotaje;comercial;SNA;SNA;SNA
2;pasajeros_comerciales_cabotaje_SNA;pasajeros;pax;1436,555;1436555;2025;Sep;9;2025-09-01;2025-09;cabotaje;comercial;SNA;SNA;SNA
2;pasajeros_comerciales_cabotaje_SNA;pasajeros;pax;1504,986;1504986;2025;Oct;10;2025-10-01;2025-10;cabotaje;comercial;SNA;SNA;SNA
2;pasajeros_comerciales_cabotaje_SNA;pasajeros;pax;1527,291;1527291;2025;Nov;11;2025-11-01;2025-11;cabotaje;comercial;SNA;SNA;SNA
2;pasajeros_comerciales_cabotaje_SNA;pasajeros;pax;1605,431;1605431;2025;Dic;12;2025-12-01;2025-12;cabotaje;comercial;SNA;SNA;SNA
2;pasajeros_comerciales_cabotaje_SNA;pasajeros;pax;1547,805;1547805;2026;Ene;1;2026-01-01;2026-01;cabotaje;comercial;SNA;SNA;SNA
2;pasajeros_comerciales_cabotaje_SNA;pasajeros;pax;1365,936;1365936;2026;Feb;2;2026-02-01;2026-02;cabotaje;comercial;SNA;SNA;SNA
2;pasajeros_comerciales_cabotaje_SNA;pasajeros;pax;1495,493;1495493;2026;Mar;3;2026-03-01;2026-03;cabotaje;comercial;SNA;SNA;SNA
2;pasajeros_comerciales_cabotaje_SNA;pasajeros;pax;1295,09;1295090;2026;Abr;4;2026-04-01;2026-04;cabotaje;comercial;SNA;SNA;SNA
2;pasajeros_comerciales_cabotaje_SNA;pasajeros;pax;1136,503;1136503;2026;May;5;2026-05-01;2026-05;cabotaje;comercial;SNA;SNA;SNA
2;pasajeros_comerciales_cabotaje_SNA;pasajeros;pax;1026,086;1026086;2026;Jun;6;2026-06-01;2026-06;cabotaje;comercial;SNA;SNA;SNA
2;pasajeros_comerciales_internacional_SNA;pasajeros;pax;803,29;803290;2001;Ene;1;2001-01-01;2001-01;internacional;comercial;SNA;SNA;SNA
2;pasajeros_comerciales_internacional_SNA;pasajeros;pax;714,903;714903;2001;Feb;2;2001-02-01;2001-02;internacional;comercial;SNA;SNA;SNA
2;pasajeros_comerciales_internacional_SNA;pasajeros;pax;657,694;657694;2001;Mar;3;2001-03-01;2001-03;internacional;comercial;SNA;SNA;SNA
2;pasajeros_comerciales_internacional_SNA;pasajeros;pax;549,244;549244;2001;Abr;4;2001-04-01;2001-04;internacional;comercial;SNA;SNA;SNA
2;pasajeros_comerciales_internacional_SNA;pasajeros;pax;496,486;496486;2001;May;5;2001-05-01;2001-05;internacional;comercial;SNA;SNA;SNA
2;pasajeros_comerciales_internacional_SNA;pasajeros;pax;454,908;454908;2001;Jun;6;2001-06-01;2001-06;internacional;comercial;SNA;SNA;SNA
2;pasajeros_comerciales_internacional_SNA;pasajeros;pax;517,05;517050;2001;Jul;7;2001-07-01;2001-07;internacional;comercial;SNA;SNA;SNA
2;pasajeros_comerciales_internacional_SNA;pasajeros;pax;496,005;496005;2001;Ago;8;2001-08-01;2001-08;internacional;comercial;SNA;SNA;SNA
2;pasajeros_comerciales_internacional_SNA;pasajeros;pax;427,257;427257;2001;Sep;9;2001-09-01;2001-09;internacional;comercial;SNA;SNA;SNA
2;pasajeros_comerciales_internacional_SNA;pasajeros;pax;403,315;403315;2001;Oct;10;2001-10-01;2001-10;internacional;comercial;SNA;SNA;SNA
2;pasajeros_comerciales_internacional_SNA;pasajeros;pax;433,96;433960;2001;Nov;11;2001-11-01;2001-11;internacional;comercial;SNA;SNA;SNA
2;pasajeros_comerciales_internacional_SNA;pasajeros;pax;479,722;479722;2001;Dic;12;2001-12-01;2001-12;internacional;comercial;SNA;SNA;SNA
2;pasajeros_comerciales_internacional_SNA;pasajeros;pax;478,768;478768;2002;Ene;1;2002-01-01;2002-01;internacional;comercial;SNA;SNA;SNA
2;pasajeros_comerciales_internacional_SNA;pasajeros;pax;385,95;385950;2002;Feb;2;2002-02-01;2002-02;internacional;comercial;SNA;SNA;SNA
2;pasajeros_comerciales_internacional_SNA;pasajeros;pax;411,614;411614;2002;Mar;3;2002-03-01;2002-03;internacional;comercial;SNA;SNA;SNA
2;pasajeros_comerciales_internacional_SNA;pasajeros;pax;377,782;377782;2002;Abr;4;2002-04-01;2002-04;internacional;comercial;SNA;SNA;SNA
2;pasajeros_comerciales_internacional_SNA;pasajeros;pax;387,881;387881;2002;May;5;2002-05-01;2002-05;internacional;comercial;SNA;SNA;SNA
2;pasajeros_comerciales_internacional_SNA;pasajeros;pax;382,388;382388;2002;Jun;6;2002-06-01;2002-06;internacional;comercial;SNA;SNA;SNA
2;pasajeros_comerciales_internacional_SNA;pasajeros;pax;447,189;447189;2002;Jul;7;2002-07-01;2002-07;internacional;comercial;SNA;SNA;SNA
2;pasajeros_comerciales_internacional_SNA;pasajeros;pax;433,747;433747;2002;Ago;8;2002-08-01;2002-08;internacional;comercial;SNA;SNA;SNA
2;pasajeros_comerciales_internacional_SNA;pasajeros;pax;403,509;403509;2002;Sep;9;2002-09-01;2002-09;internacional;comercial;SNA;SNA;SNA
2;pasajeros_comerciales_internacional_SNA;pasajeros;pax;431,324;431324;2002;Oct;10;2002-10-01;2002-10;internacional;comercial;SNA;SNA;SNA
2;pasajeros_comerciales_internacional_SNA;pasajeros;pax;448,701;448701;2002;Nov;11;2002-11-01;2002-11;internacional;comercial;SNA;SNA;SNA
2;pasajeros_comerciales_internacional_SNA;pasajeros;pax;495,677;495677;2002;Dic;12;2002-12-01;2002-12;internacional;comercial;SNA;SNA;SNA
2;pasajeros_comerciales_internacional_SNA;pasajeros;pax;529,391;529391;2003;Ene;1;2003-01-01;2003-01;internacional;comercial;SNA;SNA;SNA
2;pasajeros_comerciales_internacional_SNA;pasajeros;pax;479,68;479680;2003;Feb;2;2003-02-01;2003-02;internacional;comercial;SNA;SNA;SNA
2;pasajeros_comerciales_internacional_SNA;pasajeros;pax;486,857;486857;2003;Mar;3;2003-03-01;2003-03;internacional;comercial;SNA;SNA;SNA
2;pasajeros_comerciales_internacional_SNA;pasajeros;pax;430,325;430325;2003;Abr;4;2003-04-01;2003-04;internacional;comercial;SNA;SNA;SNA
2;pasajeros_comerciales_internacional_SNA;pasajeros;pax;411,422;411422;2003;May;5;2003-05-01;2003-05;internacional;comercial;SNA;SNA;SNA
2;pasajeros_comerciales_internacional_SNA;pasajeros;pax;441,641;441641;2003;Jun;6;2003-06-01;2003-06;internacional;comercial;SNA;SNA;SNA
2;pasajeros_comerciales_internacional_SNA;pasajeros;pax;545,909;545909;2003;Jul;7;2003-07-01;2003-07;internacional;comercial;SNA;SNA;SNA
2;pasajeros_comerciales_internacional_SNA;pasajeros;pax;531,022;531022;2003;Ago;8;2003-08-01;2003-08;internacional;comercial;SNA;SNA;SNA
2;pasajeros_comerciales_internacional_SNA;pasajeros;pax;487,614;487614;2003;Sep;9;2003-09-01;2003-09;internacional;comercial;SNA;SNA;SNA
2;pasajeros_comerciales_internacional_SNA;pasajeros;pax;502,863;502863;2003;Oct;10;2003-10-01;2003-10;internacional;comercial;SNA;SNA;SNA
2;pasajeros_comerciales_internacional_SNA;pasajeros;pax;517,734;517734;2003;Nov;11;2003-11-01;2003-11;internacional;comercial;SNA;SNA;SNA
2;pasajeros_comerciales_internacional_SNA;pasajeros;pax;538,921;538921;2003;Dic;12;2003-12-01;2003-12;internacional;comercial;SNA;SNA;SNA
2;pasajeros_comerciales_internacional_SNA;pasajeros;pax;605,529;605529;2004;Ene;1;2004-01-01;2004-01;internacional;comercial;SNA;SNA;SNA
2;pasajeros_comerciales_internacional_SNA;pasajeros;pax;591,082;591082;2004;Feb;2;2004-02-01;2004-02;internacional;comercial;SNA;SNA;SNA
2;pasajeros_comerciales_internacional_SNA;pasajeros;pax;569,929;569929;2004;Mar;3;2004-03-01;2004-03;internacional;comercial;SNA;SNA;SNA
2;pasajeros_comerciales_internacional_SNA;pasajeros;pax;532,647;532647;2004;Abr;4;2004-04-01;2004-04;internacional;comercial;SNA;SNA;SNA
2;pasajeros_comerciales_internacional_SNA;pasajeros;pax;475,178;475178;2004;May;5;2004-05-01;2004-05;internacional;comercial;SNA;SNA;SNA
2;pasajeros_comerciales_internacional_SNA;pasajeros;pax;472,59;472590;2004;Jun;6;2004-06-01;2004-06;internacional;comercial;SNA;SNA;SNA
2;pasajeros_comerciales_internacional_SNA;pasajeros;pax;585,816;585816;2004;Jul;7;2004-07-01;2004-07;internacional;comercial;SNA;SNA;SNA
2;pasajeros_comerciales_internacional_SNA;pasajeros;pax;550,604;550604;2004;Ago;8;2004-08-01;2004-08;internacional;comercial;SNA;SNA;SNA
2;pasajeros_comerciales_internacional_SNA;pasajeros;pax;518,375;518375;2004;Sep;9;2004-09-01;2004-09;internacional;comercial;SNA;SNA;SNA
2;pasajeros_comerciales_internacional_SNA;pasajeros;pax;575,003;575003;2004;Oct;10;2004-10-01;2004-10;internacional;comercial;SNA;SNA;SNA
2;pasajeros_comerciales_internacional_SNA;pasajeros;pax;581,461;581461;2004;Nov;11;2004-11-01;2004-11;internacional;comercial;SNA;SNA;SNA
2;pasajeros_comerciales_internacional_SNA;pasajeros;pax;603,897;603897;2004;Dic;12;2004-12-01;2004-12;internacional;comercial;SNA;SNA;SNA
2;pasajeros_comerciales_internacional_SNA;pasajeros;pax;703,5;703500;2005;Ene;1;2005-01-01;2005-01;internacional;comercial;SNA;SNA;SNA
2;pasajeros_comerciales_internacional_SNA;pasajeros;pax;636,277;636277;2005;Feb;2;2005-02-01;2005-02;internacional;comercial;SNA;SNA;SNA
2;pasajeros_comerciales_internacional_SNA;pasajeros;pax;673,34;673340;2005;Mar;3;2005-03-01;2005-03;internacional;comercial;SNA;SNA;SNA
2;pasajeros_comerciales_internacional_SNA;pasajeros;pax;549,69;549690;2005;Abr;4;2005-04-01;2005-04;internacional;comercial;SNA;SNA;SNA
2;pasajeros_comerciales_internacional_SNA;pasajeros;pax;542,21;542210;2005;May;5;2005-05-01;2005-05;internacional;comercial;SNA;SNA;SNA
2;pasajeros_comerciales_internacional_SNA;pasajeros;pax;529,482;529482;2005;Jun;6;2005-06-01;2005-06;internacional;comercial;SNA;SNA;SNA
2;pasajeros_comerciales_internacional_SNA;pasajeros;pax;687,549;687549;2005;Jul;7;2005-07-01;2005-07;internacional;comercial;SNA;SNA;SNA
2;pasajeros_comerciales_internacional_SNA;pasajeros;pax;624,351;624351;2005;Ago;8;2005-08-01;2005-08;internacional;comercial;SNA;SNA;SNA
2;pasajeros_comerciales_internacional_SNA;pasajeros;pax;614,888;614888;2005;Sep;9;2005-09-01;2005-09;internacional;comercial;SNA;SNA;SNA
2;pasajeros_comerciales_internacional_SNA;pasajeros;pax;642,963;642963;2005;Oct;10;2005-10-01;2005-10;internacional;comercial;SNA;SNA;SNA
2;pasajeros_comerciales_internacional_SNA;pasajeros;pax;638,645;638645;2005;Nov;11;2005-11-01;2005-11;internacional;comercial;SNA;SNA;SNA
2;pasajeros_comerciales_internacional_SNA;pasajeros;pax;658,833;658833;2005;Dic;12;2005-12-01;2005-12;internacional;comercial;SNA;SNA;SNA
2;pasajeros_comerciales_internacional_SNA;pasajeros;pax;752,171;752171;2006;Ene;1;2006-01-01;2006-01;internacional;comercial;SNA;SNA;SNA
2;pasajeros_comerciales_internacional_SNA;pasajeros;pax;674,006;674006;2006;Feb;2;2006-02-01;2006-02;internacional;comercial;SNA;SNA;SNA
2;pasajeros_comerciales_internacional_SNA;pasajeros;pax;692,344;692344;2006;Mar;3;2006-03-01;2006-03;internacional;comercial;SNA;SNA;SNA
2;pasajeros_comerciales_internacional_SNA;pasajeros;pax;638,302;638302;2006;Abr;4;2006-04-01;2006-04;internacional;comercial;SNA;SNA;SNA
2;pasajeros_comerciales_internacional_SNA;pasajeros;pax;583,03;583030;2006;May;5;2006-05-01;2006-05;internacional;comercial;SNA;SNA;SNA
2;pasajeros_comerciales_internacional_SNA;pasajeros;pax;558,439;558439;2006;Jun;6;2006-06-01;2006-06;internacional;comercial;SNA;SNA;SNA
2;pasajeros_comerciales_internacional_SNA;pasajeros;pax;697,739;697739;2006;Jul;7;2006-07-01;2006-07;internacional;comercial;SNA;SNA;SNA
2;pasajeros_comerciales_internacional_SNA;pasajeros;pax;649,681;649681;2006;Ago;8;2006-08-01;2006-08;internacional;comercial;SNA;SNA;SNA
2;pasajeros_comerciales_internacional_SNA;pasajeros;pax;646,398;646398;2006;Sep;9;2006-09-01;2006-09;internacional;comercial;SNA;SNA;SNA
2;pasajeros_comerciales_internacional_SNA;pasajeros;pax;698,095;698095;2006;Oct;10;2006-10-01;2006-10;internacional;comercial;SNA;SNA;SNA
2;pasajeros_comerciales_internacional_SNA;pasajeros;pax;704,07;704070;2006;Nov;11;2006-11-01;2006-11;internacional;comercial;SNA;SNA;SNA
2;pasajeros_comerciales_internacional_SNA;pasajeros;pax;730,07;730070;2006;Dic;12;2006-12-01;2006-12;internacional;comercial;SNA;SNA;SNA
2;pasajeros_comerciales_internacional_SNA;pasajeros;pax;849,464;849464;2007;Ene;1;2007-01-01;2007-01;internacional;comercial;SNA;SNA;SNA
2;pasajeros_comerciales_internacional_SNA;pasajeros;pax;801,922;801922;2007;Feb;2;2007-02-01;2007-02;internacional;comercial;SNA;SNA;SNA
2;pasajeros_comerciales_internacional_SNA;pasajeros;pax;785,969;785969;2007;Mar;3;2007-03-01;2007-03;internacional;comercial;SNA;SNA;SNA
2;pasajeros_comerciales_internacional_SNA;pasajeros;pax;718,107;718107;2007;Abr;4;2007-04-01;2007-04;internacional;comercial;SNA;SNA;SNA
2;pasajeros_comerciales_internacional_SNA;pasajeros;pax;647,934;647934;2007;May;5;2007-05-01;2007-05;internacional;comercial;SNA;SNA;SNA
2;pasajeros_comerciales_internacional_SNA;pasajeros;pax;643,75;643750;2007;Jun;6;2007-06-01;2007-06;internacional;comercial;SNA;SNA;SNA
2;pasajeros_comerciales_internacional_SNA;pasajeros;pax;812,948;812948;2007;Jul;7;2007-07-01;2007-07;internacional;comercial;SNA;SNA;SNA
2;pasajeros_comerciales_internacional_SNA;pasajeros;pax;732,948;732948;2007;Ago;8;2007-08-01;2007-08;internacional;comercial;SNA;SNA;SNA
2;pasajeros_comerciales_internacional_SNA;pasajeros;pax;707,056;707056;2007;Sep;9;2007-09-01;2007-09;internacional;comercial;SNA;SNA;SNA
2;pasajeros_comerciales_internacional_SNA;pasajeros;pax;743,43;743430;2007;Oct;10;2007-10-01;2007-10;internacional;comercial;SNA;SNA;SNA
2;pasajeros_comerciales_internacional_SNA;pasajeros;pax;751,882;751882;2007;Nov;11;2007-11-01;2007-11;internacional;comercial;SNA;SNA;SNA
2;pasajeros_comerciales_internacional_SNA;pasajeros;pax;797,53;797530;2007;Dic;12;2007-12-01;2007-12;internacional;comercial;SNA;SNA;SNA
2;pasajeros_comerciales_internacional_SNA;pasajeros;pax;919,573;919573;2008;Ene;1;2008-01-01;2008-01;internacional;comercial;SNA;SNA;SNA
2;pasajeros_comerciales_internacional_SNA;pasajeros;pax;859,634;859634;2008;Feb;2;2008-02-01;2008-02;internacional;comercial;SNA;SNA;SNA
2;pasajeros_comerciales_internacional_SNA;pasajeros;pax;874,619;874619;2008;Mar;3;2008-03-01;2008-03;internacional;comercial;SNA;SNA;SNA
2;pasajeros_comerciales_internacional_SNA;pasajeros;pax;694,833;694833;2008;Abr;4;2008-04-01;2008-04;internacional;comercial;SNA;SNA;SNA
2;pasajeros_comerciales_internacional_SNA;pasajeros;pax;712,246;712246;2008;May;5;2008-05-01;2008-05;internacional;comercial;SNA;SNA;SNA
2;pasajeros_comerciales_internacional_SNA;pasajeros;pax;680,18;680180;2008;Jun;6;2008-06-01;2008-06;internacional;comercial;SNA;SNA;SNA
2;pasajeros_comerciales_internacional_SNA;pasajeros;pax;835,023;835023;2008;Jul;7;2008-07-01;2008-07;internacional;comercial;SNA;SNA;SNA
2;pasajeros_comerciales_internacional_SNA;pasajeros;pax;779,106;779106;2008;Ago;8;2008-08-01;2008-08;internacional;comercial;SNA;SNA;SNA
2;pasajeros_comerciales_internacional_SNA;pasajeros;pax;718,577;718577;2008;Sep;9;2008-09-01;2008-09;internacional;comercial;SNA;SNA;SNA
2;pasajeros_comerciales_internacional_SNA;pasajeros;pax;720,01;720010;2008;Oct;10;2008-10-01;2008-10;internacional;comercial;SNA;SNA;SNA
2;pasajeros_comerciales_internacional_SNA;pasajeros;pax;705,079;705079;2008;Nov;11;2008-11-01;2008-11;internacional;comercial;SNA;SNA;SNA
2;pasajeros_comerciales_internacional_SNA;pasajeros;pax;759,41;759410;2008;Dic;12;2008-12-01;2008-12;internacional;comercial;SNA;SNA;SNA
2;pasajeros_comerciales_internacional_SNA;pasajeros;pax;862,133;862133;2009;Ene;1;2009-01-01;2009-01;internacional;comercial;SNA;SNA;SNA
2;pasajeros_comerciales_internacional_SNA;pasajeros;pax;772,67;772670;2009;Feb;2;2009-02-01;2009-02;internacional;comercial;SNA;SNA;SNA
2;pasajeros_comerciales_internacional_SNA;pasajeros;pax;756,32;756320;2009;Mar;3;2009-03-01;2009-03;internacional;comercial;SNA;SNA;SNA
2;pasajeros_comerciales_internacional_SNA;pasajeros;pax;713,398;713398;2009;Abr;4;2009-04-01;2009-04;internacional;comercial;SNA;SNA;SNA
2;pasajeros_comerciales_internacional_SNA;pasajeros;pax;637,192;637192;2009;May;5;2009-05-01;2009-05;internacional;comercial;SNA;SNA;SNA
2;pasajeros_comerciales_internacional_SNA;pasajeros;pax;629,757;629757;2009;Jun;6;2009-06-01;2009-06;internacional;comercial;SNA;SNA;SNA
2;pasajeros_comerciales_internacional_SNA;pasajeros;pax;640,943;640943;2009;Jul;7;2009-07-01;2009-07;internacional;comercial;SNA;SNA;SNA
2;pasajeros_comerciales_internacional_SNA;pasajeros;pax;640,262;640262;2009;Ago;8;2009-08-01;2009-08;internacional;comercial;SNA;SNA;SNA
2;pasajeros_comerciales_internacional_SNA;pasajeros;pax;698,995;698995;2009;Sep;9;2009-09-01;2009-09;internacional;comercial;SNA;SNA;SNA
2;pasajeros_comerciales_internacional_SNA;pasajeros;pax;789,846;789846;2009;Oct;10;2009-10-01;2009-10;internacional;comercial;SNA;SNA;SNA
2;pasajeros_comerciales_internacional_SNA;pasajeros;pax;785,954;785954;2009;Nov;11;2009-11-01;2009-11;internacional;comercial;SNA;SNA;SNA
2;pasajeros_comerciales_internacional_SNA;pasajeros;pax;831,32;831320;2009;Dic;12;2009-12-01;2009-12;internacional;comercial;SNA;SNA;SNA
2;pasajeros_comerciales_internacional_SNA;pasajeros;pax;959,923;959923;2010;Ene;1;2010-01-01;2010-01;internacional;comercial;SNA;SNA;SNA
2;pasajeros_comerciales_internacional_SNA;pasajeros;pax;859,334;859334;2010;Feb;2;2010-02-01;2010-02;internacional;comercial;SNA;SNA;SNA
2;pasajeros_comerciales_internacional_SNA;pasajeros;pax;847,105;847105;2010;Mar;3;2010-03-01;2010-03;internacional;comercial;SNA;SNA;SNA
2;pasajeros_comerciales_internacional_SNA;pasajeros;pax;771,156;771156;2010;Abr;4;2010-04-01;2010-04;internacional;comercial;SNA;SNA;SNA
2;pasajeros_comerciales_internacional_SNA;pasajeros;pax;781,698;781698;2010;May;5;2010-05-01;2010-05;internacional;comercial;SNA;SNA;SNA
2;pasajeros_comerciales_internacional_SNA;pasajeros;pax;768,277;768277;2010;Jun;6;2010-06-01;2010-06;internacional;comercial;SNA;SNA;SNA
2;pasajeros_comerciales_internacional_SNA;pasajeros;pax;955,809;955809;2010;Jul;7;2010-07-01;2010-07;internacional;comercial;SNA;SNA;SNA
2;pasajeros_comerciales_internacional_SNA;pasajeros;pax;879,389;879389;2010;Ago;8;2010-08-01;2010-08;internacional;comercial;SNA;SNA;SNA
2;pasajeros_comerciales_internacional_SNA;pasajeros;pax;898,552;898552;2010;Sep;9;2010-09-01;2010-09;internacional;comercial;SNA;SNA;SNA
2;pasajeros_comerciales_internacional_SNA;pasajeros;pax;915,063;915063;2010;Oct;10;2010-10-01;2010-10;internacional;comercial;SNA;SNA;SNA
2;pasajeros_comerciales_internacional_SNA;pasajeros;pax;869,674;869674;2010;Nov;11;2010-11-01;2010-11;internacional;comercial;SNA;SNA;SNA
2;pasajeros_comerciales_internacional_SNA;pasajeros;pax;927,096;927096;2010;Dic;12;2010-12-01;2010-12;internacional;comercial;SNA;SNA;SNA
2;pasajeros_comerciales_internacional_SNA;pasajeros;pax;1136,613;1136613;2011;Ene;1;2011-01-01;2011-01;internacional;comercial;SNA;SNA;SNA
2;pasajeros_comerciales_internacional_SNA;pasajeros;pax;1000,596;1000596;2011;Feb;2;2011-02-01;2011-02;internacional;comercial;SNA;SNA;SNA
2;pasajeros_comerciales_internacional_SNA;pasajeros;pax;998,762;998762;2011;Mar;3;2011-03-01;2011-03;internacional;comercial;SNA;SNA;SNA
2;pasajeros_comerciales_internacional_SNA;pasajeros;pax;912,794;912794;2011;Abr;4;2011-04-01;2011-04;internacional;comercial;SNA;SNA;SNA
2;pasajeros_comerciales_internacional_SNA;pasajeros;pax;870,851;870851;2011;May;5;2011-05-01;2011-05;internacional;comercial;SNA;SNA;SNA
2;pasajeros_comerciales_internacional_SNA;pasajeros;pax;741,311;741311;2011;Jun;6;2011-06-01;2011-06;internacional;comercial;SNA;SNA;SNA
2;pasajeros_comerciales_internacional_SNA;pasajeros;pax;1004,006;1004006;2011;Jul;7;2011-07-01;2011-07;internacional;comercial;SNA;SNA;SNA
2;pasajeros_comerciales_internacional_SNA;pasajeros;pax;924,822;924822;2011;Ago;8;2011-08-01;2011-08;internacional;comercial;SNA;SNA;SNA
2;pasajeros_comerciales_internacional_SNA;pasajeros;pax;965,471;965471;2011;Sep;9;2011-09-01;2011-09;internacional;comercial;SNA;SNA;SNA
2;pasajeros_comerciales_internacional_SNA;pasajeros;pax;940,778;940778;2011;Oct;10;2011-10-01;2011-10;internacional;comercial;SNA;SNA;SNA
2;pasajeros_comerciales_internacional_SNA;pasajeros;pax;939,514;939514;2011;Nov;11;2011-11-01;2011-11;internacional;comercial;SNA;SNA;SNA
2;pasajeros_comerciales_internacional_SNA;pasajeros;pax;975,288;975288;2011;Dic;12;2011-12-01;2011-12;internacional;comercial;SNA;SNA;SNA
2;pasajeros_comerciales_internacional_SNA;pasajeros;pax;1195,242;1195242;2012;Ene;1;2012-01-01;2012-01;internacional;comercial;SNA;SNA;SNA
2;pasajeros_comerciales_internacional_SNA;pasajeros;pax;1077,722;1077722;2012;Feb;2;2012-02-01;2012-02;internacional;comercial;SNA;SNA;SNA
2;pasajeros_comerciales_internacional_SNA;pasajeros;pax;1066,355;1066355;2012;Mar;3;2012-03-01;2012-03;internacional;comercial;SNA;SNA;SNA
2;pasajeros_comerciales_internacional_SNA;pasajeros;pax;972,661;972661;2012;Abr;4;2012-04-01;2012-04;internacional;comercial;SNA;SNA;SNA
2;pasajeros_comerciales_internacional_SNA;pasajeros;pax;901,379;901379;2012;May;5;2012-05-01;2012-05;internacional;comercial;SNA;SNA;SNA
2;pasajeros_comerciales_internacional_SNA;pasajeros;pax;858,441;858441;2012;Jun;6;2012-06-01;2012-06;internacional;comercial;SNA;SNA;SNA
2;pasajeros_comerciales_internacional_SNA;pasajeros;pax;993,047;993047;2012;Jul;7;2012-07-01;2012-07;internacional;comercial;SNA;SNA;SNA
2;pasajeros_comerciales_internacional_SNA;pasajeros;pax;895,703;895703;2012;Ago;8;2012-08-01;2012-08;internacional;comercial;SNA;SNA;SNA
2;pasajeros_comerciales_internacional_SNA;pasajeros;pax;907,649;907649;2012;Sep;9;2012-09-01;2012-09;internacional;comercial;SNA;SNA;SNA
2;pasajeros_comerciales_internacional_SNA;pasajeros;pax;901,475;901475;2012;Oct;10;2012-10-01;2012-10;internacional;comercial;SNA;SNA;SNA
2;pasajeros_comerciales_internacional_SNA;pasajeros;pax;882,692;882692;2012;Nov;11;2012-11-01;2012-11;internacional;comercial;SNA;SNA;SNA
2;pasajeros_comerciales_internacional_SNA;pasajeros;pax;915,319;915319;2012;Dic;12;2012-12-01;2012-12;internacional;comercial;SNA;SNA;SNA
2;pasajeros_comerciales_internacional_SNA;pasajeros;pax;1104,96;1104960;2013;Ene;1;2013-01-01;2013-01;internacional;comercial;SNA;SNA;SNA
2;pasajeros_comerciales_internacional_SNA;pasajeros;pax;974,771;974771;2013;Feb;2;2013-02-01;2013-02;internacional;comercial;SNA;SNA;SNA
2;pasajeros_comerciales_internacional_SNA;pasajeros;pax;1030,705;1030705;2013;Mar;3;2013-03-01;2013-03;internacional;comercial;SNA;SNA;SNA
2;pasajeros_comerciales_internacional_SNA;pasajeros;pax;898,552;898552;2013;Abr;4;2013-04-01;2013-04;internacional;comercial;SNA;SNA;SNA
2;pasajeros_comerciales_internacional_SNA;pasajeros;pax;797,165;797165;2013;May;5;2013-05-01;2013-05;internacional;comercial;SNA;SNA;SNA
2;pasajeros_comerciales_internacional_SNA;pasajeros;pax;867,316;867316;2013;Jun;6;2013-06-01;2013-06;internacional;comercial;SNA;SNA;SNA
2;pasajeros_comerciales_internacional_SNA;pasajeros;pax;1006,613;1006613;2013;Jul;7;2013-07-01;2013-07;internacional;comercial;SNA;SNA;SNA
2;pasajeros_comerciales_internacional_SNA;pasajeros;pax;928,336;928336;2013;Ago;8;2013-08-01;2013-08;internacional;comercial;SNA;SNA;SNA
2;pasajeros_comerciales_internacional_SNA;pasajeros;pax;926,87;926870;2013;Sep;9;2013-09-01;2013-09;internacional;comercial;SNA;SNA;SNA
2;pasajeros_comerciales_internacional_SNA;pasajeros;pax;946,413;946413;2013;Oct;10;2013-10-01;2013-10;internacional;comercial;SNA;SNA;SNA
2;pasajeros_comerciales_internacional_SNA;pasajeros;pax;942,724;942724;2013;Nov;11;2013-11-01;2013-11;internacional;comercial;SNA;SNA;SNA
2;pasajeros_comerciales_internacional_SNA;pasajeros;pax;966,093;966093;2013;Dic;12;2013-12-01;2013-12;internacional;comercial;SNA;SNA;SNA
2;pasajeros_comerciales_internacional_SNA;pasajeros;pax;1086,107;1086107;2014;Ene;1;2014-01-01;2014-01;internacional;comercial;SNA;SNA;SNA
2;pasajeros_comerciales_internacional_SNA;pasajeros;pax;977,987;977987;2014;Feb;2;2014-02-01;2014-02;internacional;comercial;SNA;SNA;SNA
2;pasajeros_comerciales_internacional_SNA;pasajeros;pax;995,285;995285;2014;Mar;3;2014-03-01;2014-03;internacional;comercial;SNA;SNA;SNA
2;pasajeros_comerciales_internacional_SNA;pasajeros;pax;897,169;897169;2014;Abr;4;2014-04-01;2014-04;internacional;comercial;SNA;SNA;SNA
2;pasajeros_comerciales_internacional_SNA;pasajeros;pax;902,506;902506;2014;May;5;2014-05-01;2014-05;internacional;comercial;SNA;SNA;SNA
2;pasajeros_comerciales_internacional_SNA;pasajeros;pax;898,702;898702;2014;Jun;6;2014-06-01;2014-06;internacional;comercial;SNA;SNA;SNA
2;pasajeros_comerciales_internacional_SNA;pasajeros;pax;1002,524;1002524;2014;Jul;7;2014-07-01;2014-07;internacional;comercial;SNA;SNA;SNA
2;pasajeros_comerciales_internacional_SNA;pasajeros;pax;937,622;937622;2014;Ago;8;2014-08-01;2014-08;internacional;comercial;SNA;SNA;SNA
2;pasajeros_comerciales_internacional_SNA;pasajeros;pax;900,772;900772;2014;Sep;9;2014-09-01;2014-09;internacional;comercial;SNA;SNA;SNA
2;pasajeros_comerciales_internacional_SNA;pasajeros;pax;942,296;942296;2014;Oct;10;2014-10-01;2014-10;internacional;comercial;SNA;SNA;SNA
2;pasajeros_comerciales_internacional_SNA;pasajeros;pax;914,266;914266;2014;Nov;11;2014-11-01;2014-11;internacional;comercial;SNA;SNA;SNA
2;pasajeros_comerciales_internacional_SNA;pasajeros;pax;1043,656;1043656;2014;Dic;12;2014-12-01;2014-12;internacional;comercial;SNA;SNA;SNA
2;pasajeros_comerciales_internacional_SNA;pasajeros;pax;1069,513;1069513;2015;Ene;1;2015-01-01;2015-01;internacional;comercial;SNA;SNA;SNA
2;pasajeros_comerciales_internacional_SNA;pasajeros;pax;962,236;962236;2015;Feb;2;2015-02-01;2015-02;internacional;comercial;SNA;SNA;SNA
2;pasajeros_comerciales_internacional_SNA;pasajeros;pax;994,748;994748;2015;Mar;3;2015-03-01;2015-03;internacional;comercial;SNA;SNA;SNA
2;pasajeros_comerciales_internacional_SNA;pasajeros;pax;914,523;914523;2015;Abr;4;2015-04-01;2015-04;internacional;comercial;SNA;SNA;SNA
2;pasajeros_comerciales_internacional_SNA;pasajeros;pax;914,1;914100;2015;May;5;2015-05-01;2015-05;internacional;comercial;SNA;SNA;SNA
2;pasajeros_comerciales_internacional_SNA;pasajeros;pax;869,438;869438;2015;Jun;6;2015-06-01;2015-06;internacional;comercial;SNA;SNA;SNA
2;pasajeros_comerciales_internacional_SNA;pasajeros;pax;1018,035;1018035;2015;Jul;7;2015-07-01;2015-07;internacional;comercial;SNA;SNA;SNA
2;pasajeros_comerciales_internacional_SNA;pasajeros;pax;999,908;999908;2015;Ago;8;2015-08-01;2015-08;internacional;comercial;SNA;SNA;SNA
2;pasajeros_comerciales_internacional_SNA;pasajeros;pax;979,856;979856;2015;Sep;9;2015-09-01;2015-09;internacional;comercial;SNA;SNA;SNA
2;pasajeros_comerciales_internacional_SNA;pasajeros;pax;1005,17;1005170;2015;Oct;10;2015-10-01;2015-10;internacional;comercial;SNA;SNA;SNA
2;pasajeros_comerciales_internacional_SNA;pasajeros;pax;985,354;985354;2015;Nov;11;2015-11-01;2015-11;internacional;comercial;SNA;SNA;SNA
2;pasajeros_comerciales_internacional_SNA;pasajeros;pax;1037,641;1037641;2015;Dic;12;2015-12-01;2015-12;internacional;comercial;SNA;SNA;SNA
2;pasajeros_comerciales_internacional_SNA;pasajeros;pax;1173,595;1173595;2016;Ene;1;2016-01-01;2016-01;internacional;comercial;SNA;SNA;SNA
2;pasajeros_comerciales_internacional_SNA;pasajeros;pax;1100,989;1100989;2016;Feb;2;2016-02-01;2016-02;internacional;comercial;SNA;SNA;SNA
2;pasajeros_comerciales_internacional_SNA;pasajeros;pax;1096,684;1096684;2016;Mar;3;2016-03-01;2016-03;internacional;comercial;SNA;SNA;SNA
2;pasajeros_comerciales_internacional_SNA;pasajeros;pax;974,447;974447;2016;Abr;4;2016-04-01;2016-04;internacional;comercial;SNA;SNA;SNA
2;pasajeros_comerciales_internacional_SNA;pasajeros;pax;992,296;992296;2016;May;5;2016-05-01;2016-05;internacional;comercial;SNA;SNA;SNA
2;pasajeros_comerciales_internacional_SNA;pasajeros;pax;959,973;959973;2016;Jun;6;2016-06-01;2016-06;internacional;comercial;SNA;SNA;SNA
2;pasajeros_comerciales_internacional_SNA;pasajeros;pax;1105,108;1105108;2016;Jul;7;2016-07-01;2016-07;internacional;comercial;SNA;SNA;SNA
2;pasajeros_comerciales_internacional_SNA;pasajeros;pax;1072,242;1072242;2016;Ago;8;2016-08-01;2016-08;internacional;comercial;SNA;SNA;SNA
2;pasajeros_comerciales_internacional_SNA;pasajeros;pax;1060,798;1060798;2016;Sep;9;2016-09-01;2016-09;internacional;comercial;SNA;SNA;SNA
2;pasajeros_comerciales_internacional_SNA;pasajeros;pax;1096,927;1096927;2016;Oct;10;2016-10-01;2016-10;internacional;comercial;SNA;SNA;SNA
2;pasajeros_comerciales_internacional_SNA;pasajeros;pax;1066,91;1066910;2016;Nov;11;2016-11-01;2016-11;internacional;comercial;SNA;SNA;SNA
2;pasajeros_comerciales_internacional_SNA;pasajeros;pax;1150,545;1150545;2016;Dic;12;2016-12-01;2016-12;internacional;comercial;SNA;SNA;SNA
2;pasajeros_comerciales_internacional_SNA;pasajeros;pax;1335,135;1335135;2017;Ene;1;2017-01-01;2017-01;internacional;comercial;SNA;SNA;SNA
2;pasajeros_comerciales_internacional_SNA;pasajeros;pax;1228,625;1228625;2017;Feb;2;2017-02-01;2017-02;internacional;comercial;SNA;SNA;SNA
2;pasajeros_comerciales_internacional_SNA;pasajeros;pax;1263,14;1263140;2017;Mar;3;2017-03-01;2017-03;internacional;comercial;SNA;SNA;SNA
2;pasajeros_comerciales_internacional_SNA;pasajeros;pax;1152,835;1152835;2017;Abr;4;2017-04-01;2017-04;internacional;comercial;SNA;SNA;SNA
2;pasajeros_comerciales_internacional_SNA;pasajeros;pax;1145,244;1145244;2017;May;5;2017-05-01;2017-05;internacional;comercial;SNA;SNA;SNA
2;pasajeros_comerciales_internacional_SNA;pasajeros;pax;1080,129;1080129;2017;Jun;6;2017-06-01;2017-06;internacional;comercial;SNA;SNA;SNA
2;pasajeros_comerciales_internacional_SNA;pasajeros;pax;1300,683;1300683;2017;Jul;7;2017-07-01;2017-07;internacional;comercial;SNA;SNA;SNA
2;pasajeros_comerciales_internacional_SNA;pasajeros;pax;1216,683;1216683;2017;Ago;8;2017-08-01;2017-08;internacional;comercial;SNA;SNA;SNA
2;pasajeros_comerciales_internacional_SNA;pasajeros;pax;1200,783;1200783;2017;Sep;9;2017-09-01;2017-09;internacional;comercial;SNA;SNA;SNA
2;pasajeros_comerciales_internacional_SNA;pasajeros;pax;1247,624;1247624;2017;Oct;10;2017-10-01;2017-10;internacional;comercial;SNA;SNA;SNA
2;pasajeros_comerciales_internacional_SNA;pasajeros;pax;1212,851;1212851;2017;Nov;11;2017-11-01;2017-11;internacional;comercial;SNA;SNA;SNA
2;pasajeros_comerciales_internacional_SNA;pasajeros;pax;1304,438;1304438;2017;Dic;12;2017-12-01;2017-12;internacional;comercial;SNA;SNA;SNA
2;pasajeros_comerciales_internacional_SNA;pasajeros;pax;1539,029;1539029;2018;Ene;1;2018-01-01;2018-01;internacional;comercial;SNA;SNA;SNA
2;pasajeros_comerciales_internacional_SNA;pasajeros;pax;1371,197;1371197;2018;Feb;2;2018-02-01;2018-02;internacional;comercial;SNA;SNA;SNA
2;pasajeros_comerciales_internacional_SNA;pasajeros;pax;1408,464;1408464;2018;Mar;3;2018-03-01;2018-03;internacional;comercial;SNA;SNA;SNA
2;pasajeros_comerciales_internacional_SNA;pasajeros;pax;1285,696;1285696;2018;Abr;4;2018-04-01;2018-04;internacional;comercial;SNA;SNA;SNA
2;pasajeros_comerciales_internacional_SNA;pasajeros;pax;1208,48;1208480;2018;May;5;2018-05-01;2018-05;internacional;comercial;SNA;SNA;SNA
2;pasajeros_comerciales_internacional_SNA;pasajeros;pax;1040,898;1040898;2018;Jun;6;2018-06-01;2018-06;internacional;comercial;SNA;SNA;SNA
2;pasajeros_comerciales_internacional_SNA;pasajeros;pax;1276,211;1276211;2018;Jul;7;2018-07-01;2018-07;internacional;comercial;SNA;SNA;SNA
2;pasajeros_comerciales_internacional_SNA;pasajeros;pax;1168,179;1168179;2018;Ago;8;2018-08-01;2018-08;internacional;comercial;SNA;SNA;SNA
2;pasajeros_comerciales_internacional_SNA;pasajeros;pax;1152,279;1152279;2018;Sep;9;2018-09-01;2018-09;internacional;comercial;SNA;SNA;SNA
2;pasajeros_comerciales_internacional_SNA;pasajeros;pax;1153,848;1153848;2018;Oct;10;2018-10-01;2018-10;internacional;comercial;SNA;SNA;SNA
2;pasajeros_comerciales_internacional_SNA;pasajeros;pax;1128,245;1128245;2018;Nov;11;2018-11-01;2018-11;internacional;comercial;SNA;SNA;SNA
2;pasajeros_comerciales_internacional_SNA;pasajeros;pax;1303,964;1303964;2018;Dic;12;2018-12-01;2018-12;internacional;comercial;SNA;SNA;SNA
2;pasajeros_comerciales_internacional_SNA;pasajeros;pax;1487,138;1487138;2019;Ene;1;2019-01-01;2019-01;internacional;comercial;SNA;SNA;SNA
2;pasajeros_comerciales_internacional_SNA;pasajeros;pax;1315,053;1315053;2019;Feb;2;2019-02-01;2019-02;internacional;comercial;SNA;SNA;SNA
2;pasajeros_comerciales_internacional_SNA;pasajeros;pax;1331,294;1331294;2019;Mar;3;2019-03-01;2019-03;internacional;comercial;SNA;SNA;SNA
2;pasajeros_comerciales_internacional_SNA;pasajeros;pax;1154,911;1154911;2019;Abr;4;2019-04-01;2019-04;internacional;comercial;SNA;SNA;SNA
2;pasajeros_comerciales_internacional_SNA;pasajeros;pax;1134,887;1134887;2019;May;5;2019-05-01;2019-05;internacional;comercial;SNA;SNA;SNA
2;pasajeros_comerciales_internacional_SNA;pasajeros;pax;1096,385;1096385;2019;Jun;6;2019-06-01;2019-06;internacional;comercial;SNA;SNA;SNA
2;pasajeros_comerciales_internacional_SNA;pasajeros;pax;1245,395;1245395;2019;Jul;7;2019-07-01;2019-07;internacional;comercial;SNA;SNA;SNA
2;pasajeros_comerciales_internacional_SNA;pasajeros;pax;1182,237;1182237;2019;Ago;8;2019-08-01;2019-08;internacional;comercial;SNA;SNA;SNA
2;pasajeros_comerciales_internacional_SNA;pasajeros;pax;1125,41;1125410;2019;Sep;9;2019-09-01;2019-09;internacional;comercial;SNA;SNA;SNA
2;pasajeros_comerciales_internacional_SNA;pasajeros;pax;1124,832;1124832;2019;Oct;10;2019-10-01;2019-10;internacional;comercial;SNA;SNA;SNA
2;pasajeros_comerciales_internacional_SNA;pasajeros;pax;1036,729;1036729;2019;Nov;11;2019-11-01;2019-11;internacional;comercial;SNA;SNA;SNA
2;pasajeros_comerciales_internacional_SNA;pasajeros;pax;1142,135;1142135;2019;Dic;12;2019-12-01;2019-12;internacional;comercial;SNA;SNA;SNA
2;pasajeros_comerciales_internacional_SNA;pasajeros;pax;1248,44;1248440;2020;Ene;1;2020-01-01;2020-01;internacional;comercial;SNA;SNA;SNA
2;pasajeros_comerciales_internacional_SNA;pasajeros;pax;1149,094;1149094;2020;Feb;2;2020-02-01;2020-02;internacional;comercial;SNA;SNA;SNA
2;pasajeros_comerciales_internacional_SNA;pasajeros;pax;638,827;638827;2020;Mar;3;2020-03-01;2020-03;internacional;comercial;SNA;SNA;SNA
2;pasajeros_comerciales_internacional_SNA;pasajeros;pax;14,08;14080;2020;Abr;4;2020-04-01;2020-04;internacional;comercial;SNA;SNA;SNA
2;pasajeros_comerciales_internacional_SNA;pasajeros;pax;18,018;18018;2020;May;5;2020-05-01;2020-05;internacional;comercial;SNA;SNA;SNA
2;pasajeros_comerciales_internacional_SNA;pasajeros;pax;12,021;12021;2020;Jun;6;2020-06-01;2020-06;internacional;comercial;SNA;SNA;SNA
2;pasajeros_comerciales_internacional_SNA;pasajeros;pax;11,235;11235;2020;Jul;7;2020-07-01;2020-07;internacional;comercial;SNA;SNA;SNA
2;pasajeros_comerciales_internacional_SNA;pasajeros;pax;11,943;11943;2020;Ago;8;2020-08-01;2020-08;internacional;comercial;SNA;SNA;SNA
2;pasajeros_comerciales_internacional_SNA;pasajeros;pax;24,06;24060;2020;Sep;9;2020-09-01;2020-09;internacional;comercial;SNA;SNA;SNA
2;pasajeros_comerciales_internacional_SNA;pasajeros;pax;44,723;44723;2020;Oct;10;2020-10-01;2020-10;internacional;comercial;SNA;SNA;SNA
2;pasajeros_comerciales_internacional_SNA;pasajeros;pax;88,649;88649;2020;Nov;11;2020-11-01;2020-11;internacional;comercial;SNA;SNA;SNA
2;pasajeros_comerciales_internacional_SNA;pasajeros;pax;182,887;182887;2020;Dic;12;2020-12-01;2020-12;internacional;comercial;SNA;SNA;SNA
2;pasajeros_comerciales_internacional_SNA;pasajeros;pax;204,19;204190;2021;Ene;1;2021-01-01;2021-01;internacional;comercial;SNA;SNA;SNA
2;pasajeros_comerciales_internacional_SNA;pasajeros;pax;145,521;145521;2021;Feb;2;2021-02-01;2021-02;internacional;comercial;SNA;SNA;SNA
2;pasajeros_comerciales_internacional_SNA;pasajeros;pax;162,259;162259;2021;Mar;3;2021-03-01;2021-03;internacional;comercial;SNA;SNA;SNA
2;pasajeros_comerciales_internacional_SNA;pasajeros;pax;80,962;80962;2021;Abr;4;2021-04-01;2021-04;internacional;comercial;SNA;SNA;SNA
2;pasajeros_comerciales_internacional_SNA;pasajeros;pax;93,633;93633;2021;May;5;2021-05-01;2021-05;internacional;comercial;SNA;SNA;SNA
2;pasajeros_comerciales_internacional_SNA;pasajeros;pax;109,055;109055;2021;Jun;6;2021-06-01;2021-06;internacional;comercial;SNA;SNA;SNA
2;pasajeros_comerciales_internacional_SNA;pasajeros;pax;74,534;74534;2021;Jul;7;2021-07-01;2021-07;internacional;comercial;SNA;SNA;SNA
2;pasajeros_comerciales_internacional_SNA;pasajeros;pax;100,727;100727;2021;Ago;8;2021-08-01;2021-08;internacional;comercial;SNA;SNA;SNA
2;pasajeros_comerciales_internacional_SNA;pasajeros;pax;114,472;114472;2021;Sep;9;2021-09-01;2021-09;internacional;comercial;SNA;SNA;SNA
2;pasajeros_comerciales_internacional_SNA;pasajeros;pax;180,967;180967;2021;Oct;10;2021-10-01;2021-10;internacional;comercial;SNA;SNA;SNA
2;pasajeros_comerciales_internacional_SNA;pasajeros;pax;300,237;300237;2021;Nov;11;2021-11-01;2021-11;internacional;comercial;SNA;SNA;SNA
2;pasajeros_comerciales_internacional_SNA;pasajeros;pax;430,961;430961;2021;Dic;12;2021-12-01;2021-12;internacional;comercial;SNA;SNA;SNA
2;pasajeros_comerciales_internacional_SNA;pasajeros;pax;415,4;415400;2022;Ene;1;2022-01-01;2022-01;internacional;comercial;SNA;SNA;SNA
2;pasajeros_comerciales_internacional_SNA;pasajeros;pax;425,677;425677;2022;Feb;2;2022-02-01;2022-02;internacional;comercial;SNA;SNA;SNA
2;pasajeros_comerciales_internacional_SNA;pasajeros;pax;496,34;496340;2022;Mar;3;2022-03-01;2022-03;internacional;comercial;SNA;SNA;SNA
2;pasajeros_comerciales_internacional_SNA;pasajeros;pax;589,232;589232;2022;Abr;4;2022-04-01;2022-04;internacional;comercial;SNA;SNA;SNA
2;pasajeros_comerciales_internacional_SNA;pasajeros;pax;652,953;652953;2022;May;5;2022-05-01;2022-05;internacional;comercial;SNA;SNA;SNA
2;pasajeros_comerciales_internacional_SNA;pasajeros;pax;627,778;627778;2022;Jun;6;2022-06-01;2022-06;internacional;comercial;SNA;SNA;SNA
2;pasajeros_comerciales_internacional_SNA;pasajeros;pax;806,323;806323;2022;Jul;7;2022-07-01;2022-07;internacional;comercial;SNA;SNA;SNA
2;pasajeros_comerciales_internacional_SNA;pasajeros;pax;804,212;804212;2022;Ago;8;2022-08-01;2022-08;internacional;comercial;SNA;SNA;SNA
2;pasajeros_comerciales_internacional_SNA;pasajeros;pax;799,434;799434;2022;Sep;9;2022-09-01;2022-09;internacional;comercial;SNA;SNA;SNA
2;pasajeros_comerciales_internacional_SNA;pasajeros;pax;840,002;840002;2022;Oct;10;2022-10-01;2022-10;internacional;comercial;SNA;SNA;SNA
2;pasajeros_comerciales_internacional_SNA;pasajeros;pax;820,874;820874;2022;Nov;11;2022-11-01;2022-11;internacional;comercial;SNA;SNA;SNA
2;pasajeros_comerciales_internacional_SNA;pasajeros;pax;880,572;880572;2022;Dic;12;2022-12-01;2022-12;internacional;comercial;SNA;SNA;SNA
2;pasajeros_comerciales_internacional_SNA;pasajeros;pax;1075,927;1075927;2023;Ene;1;2023-01-01;2023-01;internacional;comercial;SNA;SNA;SNA
2;pasajeros_comerciales_internacional_SNA;pasajeros;pax;931,772;931772;2023;Feb;2;2023-02-01;2023-02;internacional;comercial;SNA;SNA;SNA
2;pasajeros_comerciales_internacional_SNA;pasajeros;pax;959,971;959971;2023;Mar;3;2023-03-01;2023-03;internacional;comercial;SNA;SNA;SNA
2;pasajeros_comerciales_internacional_SNA;pasajeros;pax;869,031;869031;2023;Abr;4;2023-04-01;2023-04;internacional;comercial;SNA;SNA;SNA
2;pasajeros_comerciales_internacional_SNA;pasajeros;pax;891,768;891768;2023;May;5;2023-05-01;2023-05;internacional;comercial;SNA;SNA;SNA
2;pasajeros_comerciales_internacional_SNA;pasajeros;pax;853,689;853689;2023;Jun;6;2023-06-01;2023-06;internacional;comercial;SNA;SNA;SNA
2;pasajeros_comerciales_internacional_SNA;pasajeros;pax;1007,613;1007613;2023;Jul;7;2023-07-01;2023-07;internacional;comercial;SNA;SNA;SNA
2;pasajeros_comerciales_internacional_SNA;pasajeros;pax;1005,251;1005251;2023;Ago;8;2023-08-01;2023-08;internacional;comercial;SNA;SNA;SNA
2;pasajeros_comerciales_internacional_SNA;pasajeros;pax;988,825;988825;2023;Sep;9;2023-09-01;2023-09;internacional;comercial;SNA;SNA;SNA
2;pasajeros_comerciales_internacional_SNA;pasajeros;pax;1022,947;1022947;2023;Oct;10;2023-10-01;2023-10;internacional;comercial;SNA;SNA;SNA
2;pasajeros_comerciales_internacional_SNA;pasajeros;pax;1045,047;1045047;2023;Nov;11;2023-11-01;2023-11;internacional;comercial;SNA;SNA;SNA
2;pasajeros_comerciales_internacional_SNA;pasajeros;pax;1090,975;1090975;2023;Dic;12;2023-12-01;2023-12;internacional;comercial;SNA;SNA;SNA
2;pasajeros_comerciales_internacional_SNA;pasajeros;pax;1241,681;1241681;2024;Ene;1;2024-01-01;2024-01;internacional;comercial;SNA;SNA;SNA
2;pasajeros_comerciales_internacional_SNA;pasajeros;pax;1140,66;1140660;2024;Feb;2;2024-02-01;2024-02;internacional;comercial;SNA;SNA;SNA
2;pasajeros_comerciales_internacional_SNA;pasajeros;pax;1130,787;1130787;2024;Mar;3;2024-03-01;2024-03;internacional;comercial;SNA;SNA;SNA
2;pasajeros_comerciales_internacional_SNA;pasajeros;pax;975,714;975714;2024;Abr;4;2024-04-01;2024-04;internacional;comercial;SNA;SNA;SNA
2;pasajeros_comerciales_internacional_SNA;pasajeros;pax;958,154;958154;2024;May;5;2024-05-01;2024-05;internacional;comercial;SNA;SNA;SNA
2;pasajeros_comerciales_internacional_SNA;pasajeros;pax;983,6;983600;2024;Jun;6;2024-06-01;2024-06;internacional;comercial;SNA;SNA;SNA
2;pasajeros_comerciales_internacional_SNA;pasajeros;pax;1207,486;1207486;2024;Jul;7;2024-07-01;2024-07;internacional;comercial;SNA;SNA;SNA
2;pasajeros_comerciales_internacional_SNA;pasajeros;pax;1102,13;1102130;2024;Ago;8;2024-08-01;2024-08;internacional;comercial;SNA;SNA;SNA
2;pasajeros_comerciales_internacional_SNA;pasajeros;pax;1065,228;1065228;2024;Sep;9;2024-09-01;2024-09;internacional;comercial;SNA;SNA;SNA
2;pasajeros_comerciales_internacional_SNA;pasajeros;pax;1094,487;1094487;2024;Oct;10;2024-10-01;2024-10;internacional;comercial;SNA;SNA;SNA
2;pasajeros_comerciales_internacional_SNA;pasajeros;pax;1159,098;1159098;2024;Nov;11;2024-11-01;2024-11;internacional;comercial;SNA;SNA;SNA
2;pasajeros_comerciales_internacional_SNA;pasajeros;pax;1315,604;1315604;2024;Dic;12;2024-12-01;2024-12;internacional;comercial;SNA;SNA;SNA
2;pasajeros_comerciales_internacional_SNA;pasajeros;pax;1523,661;1523661;2025;Ene;1;2025-01-01;2025-01;internacional;comercial;SNA;SNA;SNA
2;pasajeros_comerciales_internacional_SNA;pasajeros;pax;1401,105;1401105;2025;Feb;2;2025-02-01;2025-02;internacional;comercial;SNA;SNA;SNA
2;pasajeros_comerciales_internacional_SNA;pasajeros;pax;1421,211;1421211;2025;Mar;3;2025-03-01;2025-03;internacional;comercial;SNA;SNA;SNA
2;pasajeros_comerciales_internacional_SNA;pasajeros;pax;1190,482;1190482;2025;Abr;4;2025-04-01;2025-04;internacional;comercial;SNA;SNA;SNA
2;pasajeros_comerciales_internacional_SNA;pasajeros;pax;1154,473;1154473;2025;May;5;2025-05-01;2025-05;internacional;comercial;SNA;SNA;SNA
2;pasajeros_comerciales_internacional_SNA;pasajeros;pax;1130,231;1130231;2025;Jun;6;2025-06-01;2025-06;internacional;comercial;SNA;SNA;SNA
2;pasajeros_comerciales_internacional_SNA;pasajeros;pax;1386,015;1386015;2025;Jul;7;2025-07-01;2025-07;internacional;comercial;SNA;SNA;SNA
2;pasajeros_comerciales_internacional_SNA;pasajeros;pax;1306,604;1306604;2025;Ago;8;2025-08-01;2025-08;internacional;comercial;SNA;SNA;SNA
2;pasajeros_comerciales_internacional_SNA;pasajeros;pax;1239,412;1239412;2025;Sep;9;2025-09-01;2025-09;internacional;comercial;SNA;SNA;SNA
2;pasajeros_comerciales_internacional_SNA;pasajeros;pax;1287,406;1287406;2025;Oct;10;2025-10-01;2025-10;internacional;comercial;SNA;SNA;SNA
2;pasajeros_comerciales_internacional_SNA;pasajeros;pax;1350,014;1350014;2025;Nov;11;2025-11-01;2025-11;internacional;comercial;SNA;SNA;SNA
2;pasajeros_comerciales_internacional_SNA;pasajeros;pax;1531,506;1531506;2025;Dic;12;2025-12-01;2025-12;internacional;comercial;SNA;SNA;SNA
2;pasajeros_comerciales_internacional_SNA;pasajeros;pax;1881,284;1881284;2026;Ene;1;2026-01-01;2026-01;internacional;comercial;SNA;SNA;SNA
2;pasajeros_comerciales_internacional_SNA;pasajeros;pax;1658,434;1658434;2026;Feb;2;2026-02-01;2026-02;internacional;comercial;SNA;SNA;SNA
2;pasajeros_comerciales_internacional_SNA;pasajeros;pax;1660,155;1660155;2026;Mar;3;2026-03-01;2026-03;internacional;comercial;SNA;SNA;SNA
2;pasajeros_comerciales_internacional_SNA;pasajeros;pax;1328,162;1328162;2026;Abr;4;2026-04-01;2026-04;internacional;comercial;SNA;SNA;SNA
2;pasajeros_comerciales_internacional_SNA;pasajeros;pax;1253,037;1253037;2026;May;5;2026-05-01;2026-05;internacional;comercial;SNA;SNA;SNA
2;pasajeros_comerciales_internacional_SNA;pasajeros;pax;1103,488;1103488;2026;Jun;6;2026-06-01;2026-06;internacional;comercial;SNA;SNA;SNA
