IATA,Aeropuerto,PaxTotal_2025,PaxTotal_2026,VarPaxTotal_pct,PaxComercial_2025,PaxComercial_2026,VarPaxComercial_pct,PaxAvGeneral_2025,PaxAvGeneral_2026,VarPaxAvGeneral_pct,PaxCabotaje_2025,PaxCabotaje_2026,VarPaxCabotaje_pct,PaxInternacional_2025,PaxInternacional_2026,VarPaxInternacional_pct,Registros_2025,Registros_2026
AEP,Aeroparque Jorge Newbery,8685268.0,8424610.0,-3.0,8680622.5,8419117.5,-3.0,4645.5,5492.5,18.2,6164514.0,5603078.0,-9.1,2520754.0,2821532.0,11.9,2717,3284
AFA,San Rafael,21750.5,22755.5,4.6,21668.5,22689.0,4.7,82.0,66.5,-18.9,21750.5,22575.5,3.8,0.0,180.0,,195,181
AOL,Paso de los Libres,2.0,0.5,-75.0,0.0,0.0,,2.0,0.5,-75.0,2.0,0.5,-75.0,0.0,0.0,,3,5
BHI,Bahía Blanca,117744.5,125567.5,6.6,115315.0,122934.0,6.6,2429.5,2633.5,8.4,117739.5,125491.5,6.6,5.0,76.0,1420.0,405,480
BRC,Bariloche,1120697.0,985955.5,-12.0,1118477.5,983702.0,-12.0,2219.5,2253.5,1.5,1087993.0,955564.5,-12.2,32704.0,30391.0,-7.1,700,730
CNQ,Corrientes,106784.0,87074.0,-18.5,106043.5,86229.5,-18.7,740.5,844.5,14.0,106509.0,86901.0,-18.4,275.0,173.0,-37.1,303,364
COC,Concordia,0.0,513.0,,0.0,440.5,,0.0,72.5,,0.0,510.0,,0.0,3.0,,0,145
COR,Córdoba,1540436.5,1730770.0,12.4,1536816.0,1726431.0,12.3,3620.5,4339.0,19.8,1110364.5,1072462.0,-3.4,430072.0,658308.0,53.1,1208,1462
CPC,San Martín de los Andes,159333.5,149509.5,-6.2,158998.0,149282.0,-6.1,335.5,227.5,-32.2,159201.5,149411.5,-6.1,132.0,98.0,-25.8,295,322
CRD,Comodoro Rivadavia,279196.5,255453.0,-8.5,277761.0,253729.0,-8.7,1435.5,1724.0,20.1,279151.5,255127.0,-8.6,45.0,326.0,624.4,497,511
CTC,Catamarca,40583.5,41117.5,1.3,39867.0,40084.5,0.5,716.5,1033.0,44.2,40582.5,41117.5,1.3,1.0,0.0,-100.0,195,218
EPA,El Palomar,1750.5,1379.0,-21.2,6.5,17.5,169.2,1744.0,1361.5,-21.9,1568.5,1345.0,-14.2,182.0,34.0,-81.3,401,365
EQS,Esquel,37957.5,38240.5,0.7,37643.5,37364.0,-0.7,314.0,876.5,179.1,37906.5,38163.5,0.7,51.0,77.0,51.0,240,331
EZE,Ezeiza,5693080.0,6264222.0,10.0,5691949.0,6262481.0,10.0,1131.0,1741.0,53.9,1420893.0,1595626.0,12.3,4272187.0,4668596.0,9.3,2790,3217
FDO,San Fernando,14174.0,13609.0,-4.0,5818.5,6067.5,4.3,8355.5,7541.5,-9.7,9124.0,9142.0,0.2,5050.0,4467.0,-11.5,1894,2578
FMA,Formosa,42200.5,37489.0,-11.2,42028.0,37336.0,-11.2,172.5,153.0,-11.3,42171.5,37452.0,-11.2,29.0,37.0,27.6,170,182
FTE,El Calafate,469853.0,490171.5,4.3,468784.5,489716.5,4.5,1068.5,455.0,-57.4,464397.0,484976.5,4.4,5456.0,5195.0,-4.8,427,369
GNR,General Roca,48.5,71.5,47.4,26.0,43.5,67.3,22.5,28.0,24.4,48.5,71.5,47.4,0.0,0.0,,58,82
GPO,General Pico,95.5,216.5,126.7,29.0,179.0,517.2,66.5,37.5,-43.6,95.5,216.5,126.7,0.0,0.0,,122,111
IGR,Iguazú,884829.0,788607.0,-10.9,884664.5,788478.5,-10.9,164.5,128.5,-21.9,883195.0,783493.0,-11.3,1634.0,5114.0,213.0,362,396
IRJ,La Rioja,39615.0,37421.5,-5.5,39293.0,37207.0,-5.3,322.0,214.5,-33.4,39537.0,37412.5,-5.4,78.0,9.0,-88.5,170,202
JNI,Junín,25.5,57.0,123.5,13.0,49.0,276.9,12.5,8.0,-36.0,25.5,57.0,123.5,0.0,0.0,,46,41
JUJ,Jujuy,239201.0,213984.0,-10.5,238637.5,213471.0,-10.5,563.5,513.0,-9.0,237621.0,211981.0,-10.8,1580.0,2003.0,26.8,282,303
LGS,Malargüe,57.5,57.0,-0.9,6.5,20.5,215.4,51.0,36.5,-28.4,57.5,57.0,-0.9,0.0,0.0,,78,59
LPG,La Plata,169.0,172.0,1.8,60.0,55.5,-7.5,109.0,116.5,6.9,169.0,172.0,1.8,0.0,0.0,,155,175
LUQ,San Luis,28282.5,28572.0,1.0,28090.0,28434.5,1.2,192.5,137.5,-28.6,28282.5,28561.0,1.0,0.0,11.0,,157,154
MDQ,Mar del Plata,171381.0,156674.5,-8.6,168798.5,153774.0,-8.9,2582.5,2900.5,12.3,171139.0,156336.5,-8.6,242.0,338.0,39.7,506,528
MDZ,Mendoza,1277771.5,1190312.0,-6.8,1275410.5,1187458.0,-6.9,2361.0,2854.0,20.9,931363.5,820039.0,-12.0,346408.0,370273.0,6.9,981,1101
NEC,Necochea,12.5,29.0,132.0,2.5,8.5,240.0,10.0,20.5,105.0,12.5,29.0,132.0,0.0,0.0,,31,40
NQN,Neuquén,656222.5,671329.0,2.3,655278.5,669911.5,2.2,944.0,1417.5,50.2,656159.5,663285.0,1.1,63.0,8044.0,12668.3,690,889
PMQ,Perito Moreno,1976.0,2378.5,20.4,1639.5,1828.0,11.5,336.5,550.5,63.6,1976.0,2378.5,20.4,0.0,0.0,,98,106
PMY,Puerto Madryn,71444.0,59960.5,-16.1,71373.0,59913.5,-16.1,71.0,47.0,-33.8,71444.0,59960.5,-16.1,0.0,0.0,,189,209
PRA,Paraná,21820.5,21589.5,-1.1,21346.0,20990.0,-1.7,474.5,599.5,26.3,21781.5,21556.5,-1.0,39.0,33.0,-15.4,366,402
PSS,Posadas,160635.5,137903.0,-14.2,159979.5,137428.5,-14.1,656.0,474.5,-27.7,160468.5,137787.0,-14.1,167.0,116.0,-30.5,368,393
RCQ,Reconquista,475.5,276.5,-41.9,132.5,71.0,-46.4,343.0,205.5,-40.1,475.5,276.5,-41.9,0.0,0.0,,215,193
RCU,Río Cuarto,7816.5,12479.0,59.6,7499.5,11852.0,58.0,317.0,627.0,97.8,7816.5,12479.0,59.6,0.0,0.0,,216,242
REL,Trelew,129069.5,146530.5,13.5,128680.5,146094.5,13.5,389.0,436.0,12.1,129068.5,146530.5,13.5,1.0,0.0,-100.0,323,365
RES,Resistencia,97169.0,132493.5,36.4,96676.0,132241.5,36.8,493.0,252.0,-48.9,96891.0,131560.5,35.8,278.0,933.0,235.6,315,315
RGA,Río Grande,71503.0,24254.0,-66.1,71207.0,24182.0,-66.0,296.0,72.0,-75.7,71499.0,24248.0,-66.1,4.0,6.0,50.0,239,117
RGL,Río Gallegos,96311.5,72880.0,-24.3,94877.0,71326.0,-24.8,1434.5,1554.0,8.3,95685.5,71568.0,-25.2,626.0,1312.0,109.6,456,463
RHD,Termas de Río Hondo,11110.5,8368.5,-24.7,11014.0,8313.0,-24.5,96.5,55.5,-42.5,11084.5,8359.5,-24.6,26.0,9.0,-65.4,99,101
RLO,Merlo,5570.0,8154.5,46.4,5522.0,8090.0,46.5,48.0,64.5,34.4,5565.0,8154.5,46.5,5.0,0.0,-100.0,84,121
ROS,Rosario,279244.0,336995.5,20.7,277693.5,335327.5,20.8,1550.5,1668.0,7.6,122392.0,106384.5,-13.1,156852.0,230611.0,47.0,686,831
RSA,Santa Rosa,21888.5,19654.5,-10.2,21326.5,19241.5,-9.8,562.0,413.0,-26.5,21875.5,19654.5,-10.2,13.0,0.0,-100.0,248,269
RYO,El Turbio/28 de noviembre,7.5,88.0,1073.3,6.5,80.0,1130.8,1.0,8.0,700.0,7.5,88.0,1073.3,0.0,0.0,,12,23
SDE,Santiago del Estero,109523.5,87715.0,-19.9,108522.0,86740.0,-20.1,1001.5,975.0,-2.6,109159.5,87705.0,-19.7,364.0,10.0,-97.3,362,340
SFN,Santa Fe,38279.0,38596.0,0.8,37800.0,38239.0,1.2,479.0,357.0,-25.5,37371.0,38527.0,3.1,908.0,69.0,-92.4,275,327
SLA,Salta,692501.0,707568.0,2.2,690889.0,706014.0,2.2,1612.0,1554.0,-3.6,650193.0,650640.0,0.1,42308.0,56928.0,34.6,654,726
SST,Santa Teresita,7.5,7.0,-6.7,0.0,2.0,,7.5,5.0,-33.3,7.5,7.0,-6.7,0.0,0.0,,23,24
TDL,Tandil,524.5,255.0,-51.4,115.0,1.5,-98.7,409.5,253.5,-38.1,524.5,255.0,-51.4,0.0,0.0,,131,43
TTG,Tartagal,173.0,168.0,-2.9,50.0,103.0,106.0,123.0,65.0,-47.2,173.0,168.0,-2.9,0.0,0.0,,36,43
TUC,Tucumán,412600.5,463541.5,12.3,411280.0,462239.0,12.4,1320.5,1302.5,-1.4,404882.5,421846.5,4.2,7718.0,41695.0,440.2,495,541
UAQ,San Juan,96346.0,101550.5,5.4,96186.0,101149.5,5.2,160.0,401.0,150.6,96308.0,101316.5,5.2,38.0,234.0,515.8,211,296
USH,Ushuaia,529884.0,565105.5,6.6,529132.5,564562.5,6.7,751.5,543.0,-27.7,528684.0,562907.5,6.5,1200.0,2198.0,83.2,404,404
VDM,Viedma,17385.5,17578.0,1.1,17281.0,17422.5,0.8,104.5,155.5,48.8,17385.5,17578.0,1.1,0.0,0.0,,184,240
VLG,Villa Gesell,43.5,477.0,996.6,10.5,381.5,3533.3,33.0,95.5,189.4,43.5,477.0,996.6,0.0,0.0,,31,92
VME,Villa Mercedes,158.0,289.0,82.9,8.5,158.0,1758.8,149.5,131.0,-12.4,158.0,289.0,82.9,0.0,0.0,,150,145
