IATA;AñoMes;segmento;valor_pax;movimientos
TTG;2015-01;cabotaje;39;18,5
TTG;2015-02;cabotaje;45;17,5
TTG;2015-03;cabotaje;66,5;21,5
TTG;2015-04;cabotaje;70;31
TTG;2015-05;cabotaje;58,5;20,5
TTG;2015-06;cabotaje;80;26,5
TTG;2015-07;cabotaje;154,5;25,5
TTG;2015-08;cabotaje;51;22,5
TTG;2015-09;cabotaje;37;14,5
TTG;2015-10;cabotaje;46,5;17,5
TTG;2015-11;cabotaje;18;12,5
TTG;2015-12;cabotaje;30;10,5
TTG;2016-01;cabotaje;53,5;18
TTG;2016-02;cabotaje;7,5;6,5
TTG;2016-03;cabotaje;67;20
TTG;2016-04;cabotaje;67,5;19,5
TTG;2016-05;cabotaje;66,5;19
TTG;2016-06;cabotaje;53,5;17,5
TTG;2016-07;cabotaje;43;13,5
TTG;2016-08;cabotaje;21,5;8,5
TTG;2016-09;cabotaje;56;22
TTG;2016-10;cabotaje;47;23,5
TTG;2016-11;cabotaje;39;12
TTG;2016-12;cabotaje;42;14,5
TTG;2017-01;cabotaje;38;10,5
TTG;2017-02;cabotaje;21;6,5
TTG;2017-03;cabotaje;54;17
TTG;2017-04;cabotaje;75;23,5
TTG;2017-05;cabotaje;25;15,5
TTG;2017-06;cabotaje;89,5;26
TTG;2017-07;cabotaje;79,5;22
TTG;2017-08;cabotaje;62;18
TTG;2017-09;cabotaje;44,5;14,5
TTG;2017-10;cabotaje;111,5;33,5
TTG;2017-11;cabotaje;67;22
TTG;2017-12;cabotaje;50;16,5
TTG;2018-01;cabotaje;70,5;17,5
TTG;2018-02;cabotaje;66,5;20,5
TTG;2018-03;cabotaje;73,5;18,5
TTG;2018-04;cabotaje;28,5;13,5
TTG;2018-05;cabotaje;93,5;17,5
TTG;2018-06;cabotaje;119,5;22
TTG;2018-07;cabotaje;56;17
TTG;2018-08;cabotaje;48,5;13,5
TTG;2018-09;cabotaje;47;16,5
TTG;2018-10;cabotaje;54;17
TTG;2018-11;cabotaje;65,5;19
TTG;2018-12;cabotaje;44,5;15
TTG;2019-01;cabotaje;65;17
TTG;2019-02;cabotaje;49;13,5
TTG;2019-03;cabotaje;21,5;8,5
TTG;2019-04;cabotaje;27;8
TTG;2019-05;cabotaje;60;19,5
TTG;2019-06;cabotaje;54,5;18,5
TTG;2019-07;cabotaje;63,5;22,5
TTG;2019-08;cabotaje;32,5;11
TTG;2019-09;cabotaje;47,5;19,5
TTG;2019-10;cabotaje;43;18,5
TTG;2019-11;cabotaje;45;14
TTG;2019-12;cabotaje;43,5;13
TTG;2020-01;cabotaje;63;20,5
TTG;2020-02;cabotaje;64;19
TTG;2020-03;cabotaje;58,5;19
TTG;2020-04;cabotaje;21,5;8,5
TTG;2020-05;cabotaje;19,5;8,5
TTG;2020-06;cabotaje;17,5;6
TTG;2020-07;cabotaje;6;3,5
TTG;2020-08;cabotaje;17;8,5
TTG;2020-09;cabotaje;42;12,5
TTG;2020-10;cabotaje;21,5;8,5
TTG;2020-11;cabotaje;32;7,5
TTG;2020-12;cabotaje;40,5;15
TTG;2021-01;cabotaje;18;5
TTG;2021-02;cabotaje;26;9,5
TTG;2021-03;cabotaje;22,5;7,5
TTG;2021-04;cabotaje;26;8
TTG;2021-05;cabotaje;28;12
TTG;2021-06;cabotaje;29;9,5
TTG;2021-07;cabotaje;63;20
TTG;2021-08;cabotaje;58;21
TTG;2021-09;cabotaje;69;20
TTG;2021-10;cabotaje;73;22
TTG;2021-11;cabotaje;58;15,5
TTG;2021-12;cabotaje;48;16
TTG;2022-01;cabotaje;54;19,5
TTG;2022-02;cabotaje;45,5;16
TTG;2022-03;cabotaje;59;19
TTG;2022-04;cabotaje;78;22
TTG;2022-05;cabotaje;139;35
TTG;2022-06;cabotaje;65;27
TTG;2022-07;cabotaje;36;11
TTG;2022-08;cabotaje;51;22
TTG;2022-09;cabotaje;31,5;14,5
TTG;2022-10;cabotaje;67;24,5
TTG;2022-11;cabotaje;60;24,5
TTG;2022-12;cabotaje;70,5;22,5
TTG;2023-01;cabotaje;31,5;14,5
TTG;2023-02;cabotaje;46,5;17
TTG;2023-03;cabotaje;50,5;21,5
TTG;2023-04;cabotaje;29;14,5
TTG;2023-05;cabotaje;45,5;17,5
TTG;2023-06;cabotaje;24;12
TTG;2023-07;cabotaje;26;11,5
TTG;2023-08;cabotaje;46;17
TTG;2023-09;cabotaje;28;10,5
TTG;2023-10;cabotaje;13,5;9
TTG;2023-11;cabotaje;24;14
TTG;2023-12;cabotaje;19,5;8,5
TTG;2024-01;cabotaje;62;9
TTG;2024-02;cabotaje;59,5;17
TTG;2024-03;cabotaje;62;9
TTG;2024-04;cabotaje;83,5;14,5
TTG;2024-05;cabotaje;98,5;14,5
TTG;2024-06;cabotaje;101;20,5
TTG;2024-07;cabotaje;41,5;12
TTG;2024-08;cabotaje;40,5;18
TTG;2024-09;cabotaje;19,5;10,5
TTG;2024-10;cabotaje;19,5;11
TTG;2024-11;cabotaje;35;10,5
TTG;2024-12;cabotaje;15;9,5
TTG;2025-01;cabotaje;14;7,5
TTG;2025-02;cabotaje;23;9
TTG;2025-03;cabotaje;18,5;6,5
TTG;2025-04;cabotaje;74;13,5
TTG;2025-05;cabotaje;16,5;8
TTG;2025-06;cabotaje;27;13
TTG;2025-07;cabotaje;24,5;13,5
TTG;2025-08;cabotaje;33;13,5
TTG;2025-09;cabotaje;49,5;15,5
TTG;2025-10;cabotaje;43,5;18
TTG;2025-11;cabotaje;20,5;16,5
TTG;2025-12;cabotaje;21;15
RYO;2015-01;cabotaje;112,5;8
RYO;2015-02;cabotaje;95;6,5
RYO;2015-03;cabotaje;107,5;6
RYO;2015-04;cabotaje;5,5;4,5
RYO;2015-05;cabotaje;1;4
RYO;2015-06;cabotaje;6,5;2,5
RYO;2015-07;cabotaje;8;1,5
RYO;2015-08;cabotaje;4;2
RYO;2015-09;cabotaje;38,5;10
RYO;2015-10;cabotaje;7;3
RYO;2015-11;cabotaje;4,5;4,5
RYO;2015-12;cabotaje;3,5;4
RYO;2016-01;cabotaje;0;0,5
RYO;2016-02;cabotaje;5,5;5,5
RYO;2016-03;cabotaje;0;2,5
RYO;2016-04;cabotaje;3;4
RYO;2016-05;cabotaje;2;1
RYO;2016-06;cabotaje;0;2,5
RYO;2016-08;cabotaje;0;1
RYO;2016-09;cabotaje;1;2
RYO;2016-10;cabotaje;0,5;1
RYO;2016-12;cabotaje;16;1
RYO;2017-01;cabotaje;1,5;1,5
RYO;2017-02;cabotaje;1;2,5
RYO;2017-04;cabotaje;4;3
RYO;2017-05;cabotaje;4;1,5
RYO;2017-06;cabotaje;0;1
RYO;2017-07;cabotaje;0;1
RYO;2017-08;cabotaje;0;1,5
RYO;2017-09;cabotaje;0;0,5
RYO;2017-10;cabotaje;2,5;3,5
RYO;2017-11;cabotaje;2,5;1
RYO;2017-12;cabotaje;2,5;1,5
RYO;2018-01;cabotaje;7;3,5
RYO;2018-02;cabotaje;3;2,5
RYO;2018-03;cabotaje;0;0,5
RYO;2018-04;cabotaje;9,5;3,5
RYO;2018-05;cabotaje;1,5;1,5
RYO;2018-10;cabotaje;0;2
RYO;2018-11;cabotaje;1;1,5
RYO;2018-12;cabotaje;2;2
RYO;2019-01;cabotaje;3;2,5
RYO;2019-02;cabotaje;0,5;1,5
RYO;2019-03;cabotaje;2;0,5
RYO;2019-05;cabotaje;3;1
RYO;2019-09;cabotaje;6;2
RYO;2019-10;cabotaje;3,5;1,5
RYO;2019-11;cabotaje;0;2,5
RYO;2019-12;cabotaje;63;3,5
RYO;2020-02;cabotaje;0;0,5
RYO;2020-12;cabotaje;20,5;1
RYO;2021-02;cabotaje;3,5;1,5
RYO;2021-03;cabotaje;3;1
RYO;2021-06;cabotaje;6,5;1
RYO;2021-07;cabotaje;2;0,5
RYO;2021-09;cabotaje;0;0,5
RYO;2021-11;cabotaje;0;1,5
RYO;2022-01;cabotaje;0,5;0,5
RYO;2022-03;cabotaje;5;2
RYO;2022-04;cabotaje;2,5;2,5
RYO;2022-06;cabotaje;0;0,5
RYO;2022-07;cabotaje;0;1
RYO;2022-09;cabotaje;0;0,5
RYO;2022-10;cabotaje;2;1,5
RYO;2022-11;cabotaje;0,5;0,5
RYO;2022-12;cabotaje;3,5;1
RYO;2023-02;cabotaje;0;1
RYO;2023-03;cabotaje;0;1
RYO;2023-04;cabotaje;0,5;2,5
RYO;2023-05;cabotaje;70,5;2,5
RYO;2023-06;cabotaje;3;1
RYO;2023-08;cabotaje;0;1,5
RYO;2023-10;cabotaje;0,5;0,5
RYO;2023-12;cabotaje;3;2
RYO;2024-01;cabotaje;0;1
RYO;2024-02;cabotaje;4,5;2
RYO;2024-03;cabotaje;0;0,5
RYO;2024-04;cabotaje;0;0,5
RYO;2024-06;cabotaje;2,5;0,5
RYO;2024-07;cabotaje;0,5;4,5
RYO;2024-08;cabotaje;6,5;2
RYO;2024-09;cabotaje;0,5;0,5
RYO;2024-10;cabotaje;3;2
RYO;2024-11;cabotaje;8;1,5
RYO;2024-12;cabotaje;0;1,5
RYO;2025-02;cabotaje;1,5;1
RYO;2025-03;cabotaje;0;1
RYO;2025-04;cabotaje;5;2,5
RYO;2025-05;cabotaje;0;1
RYO;2025-06;cabotaje;1;0,5
RYO;2025-07;cabotaje;1;2
RYO;2025-08;cabotaje;0;2
RYO;2025-09;cabotaje;2,5;1,5
RYO;2025-10;cabotaje;2;1,5
RYO;2025-11;cabotaje;2;2
RYO;2025-12;cabotaje;1,5;2,5
SST;2015-01;cabotaje;18;57
SST;2015-02;cabotaje;19;67,5
SST;2015-03;cabotaje;13,5;15,5
SST;2015-04;cabotaje;13,5;33
SST;2015-05;cabotaje;2;26
SST;2015-06;cabotaje;0;18,5
SST;2015-07;cabotaje;5;17,5
SST;2015-08;cabotaje;3;9,5
SST;2015-09;cabotaje;19,5;14,5
SST;2015-10;cabotaje;12,5;12
SST;2015-11;cabotaje;0,5;8
SST;2015-12;cabotaje;16,5;21
SST;2016-01;cabotaje;28,5;46,5
SST;2016-02;cabotaje;8,5;13
SST;2016-03;cabotaje;0,5;4,5
SST;2016-04;cabotaje;2;8,5
SST;2016-05;cabotaje;7,5;5,5
SST;2016-06;cabotaje;11,5;11
SST;2016-07;cabotaje;4;11
SST;2016-08;cabotaje;2;13
SST;2016-09;cabotaje;2;2
SST;2016-10;cabotaje;2;8,5
SST;2016-11;cabotaje;8;6,5
SST;2016-12;cabotaje;0;4
SST;2017-01;cabotaje;13;120
SST;2017-02;cabotaje;3;58
SST;2017-03;cabotaje;2,5;9
SST;2017-04;cabotaje;8,5;12
SST;2017-05;cabotaje;0,5;3
SST;2017-06;cabotaje;3,5;7
SST;2017-07;cabotaje;9,5;6,5
SST;2017-08;cabotaje;0;9,5
SST;2017-09;cabotaje;11,5;10
SST;2017-10;cabotaje;10;4,5
SST;2017-11;cabotaje;9;7
SST;2017-12;cabotaje;5,5;4,5
SST;2018-01;cabotaje;35;96,5
SST;2018-02;cabotaje;10,5;51,5
SST;2018-03;cabotaje;13,5;9,5
SST;2018-04;cabotaje;1;6,5
SST;2018-05;cabotaje;7;3,5
SST;2018-06;cabotaje;4;8,5
SST;2018-07;cabotaje;32,5;3
SST;2018-08;cabotaje;13;9,5
SST;2018-09;cabotaje;9;11
SST;2018-10;cabotaje;0;2
SST;2018-11;cabotaje;4;3
SST;2018-12;cabotaje;8,5;6
SST;2019-01;cabotaje;7,5;106
SST;2019-02;cabotaje;27;78
SST;2019-03;cabotaje;0;4,5
SST;2019-04;cabotaje;1;3,5
SST;2019-05;cabotaje;3;9,5
SST;2019-06;cabotaje;1;7
SST;2019-07;cabotaje;0;6,5
SST;2019-08;cabotaje;0;0,5
SST;2019-09;cabotaje;1,5;2
SST;2019-10;cabotaje;0;2,5
SST;2019-11;cabotaje;1;4,5
SST;2019-12;cabotaje;1,5;6,5
SST;2020-01;cabotaje;0,5;8,5
SST;2020-02;cabotaje;5,5;12
SST;2020-03;cabotaje;0;1
SST;2020-11;cabotaje;1,5;5,5
SST;2020-12;cabotaje;3;5,5
SST;2021-01;cabotaje;8,5;10,5
SST;2021-02;cabotaje;1;11,5
SST;2021-03;cabotaje;3;7
SST;2021-04;cabotaje;3;3,5
SST;2021-05;cabotaje;1;2,5
SST;2021-06;cabotaje;1,5;2
SST;2021-07;cabotaje;0,5;1,5
SST;2021-08;cabotaje;0;1
SST;2021-09;cabotaje;0;3
SST;2021-10;cabotaje;0;2
SST;2021-12;cabotaje;4,5;9
SST;2022-01;cabotaje;6;10,5
SST;2022-02;cabotaje;21;8
SST;2022-03;cabotaje;0;5
SST;2022-04;cabotaje;0;7
SST;2022-05;cabotaje;6,5;14,5
SST;2022-06;cabotaje;0;4
SST;2022-07;cabotaje;0;4
SST;2022-08;cabotaje;0,5;6
SST;2022-09;cabotaje;3;4
SST;2022-10;cabotaje;0;3
SST;2022-11;cabotaje;10,5;1
SST;2022-12;cabotaje;1;1
SST;2023-01;cabotaje;2,5;5,5
SST;2023-02;cabotaje;1;9
SST;2023-03;cabotaje;0;13
SST;2023-04;cabotaje;1;3,5
SST;2023-05;cabotaje;0;0,5
SST;2023-06;cabotaje;0;2
SST;2023-07;cabotaje;0,5;3
SST;2023-08;cabotaje;0;4,5
SST;2023-09;cabotaje;0;2,5
SST;2023-10;cabotaje;0;2
SST;2023-11;cabotaje;0;3
SST;2023-12;cabotaje;0;4,5
SST;2024-01;cabotaje;2;25
SST;2024-02;cabotaje;4;22
SST;2024-03;cabotaje;4,5;8
SST;2024-04;cabotaje;2;4
SST;2024-05;cabotaje;0;12
SST;2024-06;cabotaje;0;3
SST;2024-07;cabotaje;5,5;4
SST;2024-08;cabotaje;4;3,5
SST;2024-09;cabotaje;3;10,5
SST;2024-10;cabotaje;0;0,5
SST;2024-11;cabotaje;1,5;4,5
SST;2024-12;cabotaje;0;9
SST;2025-01;cabotaje;6;7
SST;2025-02;cabotaje;0,5;1
SST;2025-03;cabotaje;1;1,5
SST;2025-04;cabotaje;0;1
SST;2025-05;cabotaje;0;4,5
SST;2025-06;cabotaje;0;3
SST;2025-07;cabotaje;0;3
SST;2025-08;cabotaje;0;1
SST;2025-09;cabotaje;0;5
SST;2025-10;cabotaje;2;2
SST;2025-11;cabotaje;0;5,5
SST;2025-12;cabotaje;1;6,5
NEC;2015-01;cabotaje;47;18
NEC;2015-02;cabotaje;31,5;16,5
NEC;2015-03;cabotaje;28,5;15,5
NEC;2015-04;cabotaje;8,5;4
NEC;2015-05;cabotaje;36,5;16,5
NEC;2015-06;cabotaje;23,5;8,5
NEC;2015-07;cabotaje;74;15
NEC;2015-08;cabotaje;34;13
NEC;2015-09;cabotaje;37,5;8,5
NEC;2015-10;cabotaje;30,5;10
NEC;2015-11;cabotaje;37;12
NEC;2015-12;cabotaje;76,5;17
NEC;2016-01;cabotaje;36;22
NEC;2016-02;cabotaje;28;11,5
NEC;2016-03;cabotaje;35;13,5
NEC;2016-04;cabotaje;36;14
NEC;2016-05;cabotaje;17;9,5
NEC;2016-06;cabotaje;14;8
NEC;2016-07;cabotaje;28;13
NEC;2016-08;cabotaje;30;12,5
NEC;2016-09;cabotaje;28;11,5
NEC;2016-10;cabotaje;33;11,5
NEC;2016-11;cabotaje;34;14
NEC;2016-12;cabotaje;26;11,5
NEC;2017-01;cabotaje;21,5;15
NEC;2017-02;cabotaje;39;16,5
NEC;2017-03;cabotaje;115;14,5
NEC;2017-04;cabotaje;28;12,5
NEC;2017-05;cabotaje;24;13
NEC;2017-06;cabotaje;36;12,5
NEC;2017-07;cabotaje;49;5
NEC;2017-08;cabotaje;12;4
NEC;2017-09;cabotaje;17,5;5,5
NEC;2017-10;cabotaje;11,5;3,5
NEC;2017-11;cabotaje;2;4
NEC;2017-12;cabotaje;15;6,5
NEC;2018-01;cabotaje;13;9
NEC;2018-02;cabotaje;16,5;9
NEC;2018-03;cabotaje;2,5;5
NEC;2018-04;cabotaje;9;5
NEC;2018-05;cabotaje;13,5;9,5
NEC;2018-06;cabotaje;1;2,5
NEC;2018-07;cabotaje;4;4
NEC;2018-08;cabotaje;17;6
NEC;2018-10;cabotaje;30;14
NEC;2018-11;cabotaje;5,5;4,5
NEC;2018-12;cabotaje;0;1,5
NEC;2019-01;cabotaje;2;4
NEC;2019-02;cabotaje;7;5
NEC;2019-03;cabotaje;3;2,5
NEC;2019-05;cabotaje;3;3
NEC;2019-06;cabotaje;3;1
NEC;2019-07;cabotaje;3,5;11,5
NEC;2019-08;cabotaje;5,5;7
NEC;2019-09;cabotaje;4;3
NEC;2019-10;cabotaje;19,5;7
NEC;2019-11;cabotaje;2,5;4,5
NEC;2019-12;cabotaje;2;2,5
NEC;2020-01;cabotaje;9;8
NEC;2020-02;cabotaje;6;7
NEC;2020-03;cabotaje;12;5,5
NEC;2020-09;cabotaje;1;1
NEC;2020-12;cabotaje;0,5;3,5
NEC;2021-01;cabotaje;13,5;12,5
NEC;2021-02;cabotaje;15,5;10
NEC;2021-03;cabotaje;4;2
NEC;2021-04;cabotaje;1,5;2
NEC;2021-05;cabotaje;5;4
NEC;2021-06;cabotaje;9,5;7
NEC;2021-07;cabotaje;6,5;3
NEC;2021-08;cabotaje;6;6
NEC;2021-10;cabotaje;0;0,5
NEC;2021-11;cabotaje;0;1,5
NEC;2021-12;cabotaje;1,5;1,5
NEC;2022-01;cabotaje;3;0,5
NEC;2022-03;cabotaje;0;1
NEC;2022-08;cabotaje;2;1,5
NEC;2022-09;cabotaje;1;1
NEC;2022-10;cabotaje;0;0,5
NEC;2022-11;cabotaje;5,5;3,5
NEC;2022-12;cabotaje;7,5;5,5
NEC;2023-01;cabotaje;10,5;7
NEC;2023-02;cabotaje;6,5;7
NEC;2023-03;cabotaje;4,5;4
NEC;2023-04;cabotaje;2,5;1,5
NEC;2023-05;cabotaje;1;3
NEC;2023-06;cabotaje;14;9
NEC;2023-07;cabotaje;11,5;9,5
NEC;2023-08;cabotaje;11;7,5
NEC;2023-09;cabotaje;8,5;3,5
NEC;2023-10;cabotaje;8,5;5,5
NEC;2023-11;cabotaje;7;3,5
NEC;2023-12;cabotaje;4;5
NEC;2024-01;cabotaje;13;10
NEC;2024-02;cabotaje;3,5;3,5
NEC;2024-03;cabotaje;1,5;4,5
NEC;2024-04;cabotaje;0,5;5,5
NEC;2024-05;cabotaje;2;2,5
NEC;2024-06;cabotaje;0;3,5
NEC;2024-07;cabotaje;2;2
NEC;2024-08;cabotaje;1;1,5
NEC;2024-09;cabotaje;2;4
NEC;2024-10;cabotaje;0;1,5
NEC;2024-11;cabotaje;0;1
NEC;2024-12;cabotaje;0;5
NEC;2025-01;cabotaje;5,5;5,5
NEC;2025-02;cabotaje;4;2,5
NEC;2025-03;cabotaje;1,5;3,5
NEC;2025-04;cabotaje;1,5;4
NEC;2025-05;cabotaje;0;2
NEC;2025-06;cabotaje;0;1
NEC;2025-07;cabotaje;1;3
NEC;2025-08;cabotaje;1,5;3,5
NEC;2025-09;cabotaje;2;2
NEC;2025-10;cabotaje;3;2
NEC;2025-11;cabotaje;0,5;2,5
NEC;2025-12;cabotaje;10,5;6,5
LPG;2015-01;cabotaje;96;128
LPG;2015-02;cabotaje;113;110
LPG;2015-03;cabotaje;69;111
LPG;2015-04;cabotaje;120;135
LPG;2015-05;cabotaje;107;146,5
LPG;2015-06;cabotaje;109;113,5
LPG;2015-07;cabotaje;100;113,5
LPG;2015-08;cabotaje;43;78,5
LPG;2015-09;cabotaje;37;52
LPG;2015-10;cabotaje;91,5;254
LPG;2015-11;cabotaje;79,5;189
LPG;2015-12;cabotaje;47;156
LPG;2016-01;cabotaje;18,5;97
LPG;2016-02;cabotaje;20,5;114
LPG;2016-03;cabotaje;38;114,5
LPG;2016-04;cabotaje;34,5;108
LPG;2016-05;cabotaje;20,5;65
LPG;2016-06;cabotaje;8,5;67,5
LPG;2016-07;cabotaje;10;86
LPG;2016-08;cabotaje;24;196
LPG;2016-09;cabotaje;35;135
LPG;2016-10;cabotaje;13;104
LPG;2016-11;cabotaje;13;134
LPG;2016-12;cabotaje;33,5;120
LPG;2017-01;cabotaje;22,5;77
LPG;2017-02;cabotaje;32;148,5
LPG;2017-03;cabotaje;24;152,5
LPG;2017-04;cabotaje;33;169
LPG;2017-05;cabotaje;43;129,5
LPG;2017-06;cabotaje;82;186
LPG;2017-07;cabotaje;25;161,5
LPG;2017-08;cabotaje;21;155,5
LPG;2017-09;cabotaje;19,5;148,5
LPG;2017-10;cabotaje;17,5;297
LPG;2017-11;cabotaje;30;209,5
LPG;2017-12;cabotaje;19,5;160,5
LPG;2018-01;cabotaje;36;108
LPG;2018-02;cabotaje;17;81
LPG;2018-03;cabotaje;28,5;102,5
LPG;2018-04;cabotaje;16,5;72
LPG;2018-05;cabotaje;13;63,5
LPG;2018-06;cabotaje;21;62
LPG;2018-07;cabotaje;5,5;54,5
LPG;2018-08;cabotaje;7;80
LPG;2018-09;cabotaje;9;66
LPG;2018-10;cabotaje;18,5;90,5
LPG;2018-11;cabotaje;25,5;78,5
LPG;2018-12;cabotaje;32;63
LPG;2019-01;cabotaje;21,5;62
LPG;2019-02;cabotaje;8,5;69
LPG;2019-03;cabotaje;10,5;68,5
LPG;2019-04;cabotaje;7;79
LPG;2019-05;cabotaje;8,5;61
LPG;2019-06;cabotaje;13;69,5
LPG;2019-07;cabotaje;9,5;74
LPG;2019-08;cabotaje;10,5;85
LPG;2019-09;cabotaje;14,5;90,5
LPG;2019-10;cabotaje;8;79,5
LPG;2019-11;cabotaje;8,5;79,5
LPG;2019-12;cabotaje;19;78,5
LPG;2020-01;cabotaje;15;67,5
LPG;2020-02;cabotaje;9,5;69,5
LPG;2020-03;cabotaje;12,5;37
LPG;2020-04;cabotaje;0;3
LPG;2020-05;cabotaje;3,5;7,5
LPG;2020-06;cabotaje;3;10
LPG;2020-07;cabotaje;5,5;9,5
LPG;2020-08;cabotaje;1,5;14
LPG;2020-09;cabotaje;0;12
LPG;2020-10;cabotaje;7;18,5
LPG;2020-11;cabotaje;12,5;60,5
LPG;2020-12;cabotaje;24,5;59
LPG;2021-01;cabotaje;17;47
LPG;2021-02;cabotaje;8,5;54,5
LPG;2021-03;cabotaje;8,5;53
LPG;2021-04;cabotaje;9;48
LPG;2021-05;cabotaje;11,5;46
LPG;2021-06;cabotaje;8,5;43,5
LPG;2021-07;cabotaje;20;67,5
LPG;2021-08;cabotaje;14;76,5
LPG;2021-09;cabotaje;7,5;45,5
LPG;2021-10;cabotaje;22;69
LPG;2021-11;cabotaje;35;55,5
LPG;2021-12;cabotaje;15,5;68,5
LPG;2022-01;cabotaje;16;45,5
LPG;2022-02;cabotaje;20;41,5
LPG;2022-03;cabotaje;33;57,5
LPG;2022-04;cabotaje;26,5;58
LPG;2022-05;cabotaje;16;74
LPG;2022-06;cabotaje;37,5;59,5
LPG;2022-07;cabotaje;12,5;58
LPG;2022-08;cabotaje;32,5;85,5
LPG;2022-09;cabotaje;43;75
LPG;2022-10;cabotaje;26;49,5
LPG;2022-11;cabotaje;24;36
LPG;2022-12;cabotaje;27,5;43
LPG;2023-01;cabotaje;27;46
LPG;2023-02;cabotaje;30,5;67
LPG;2023-03;cabotaje;18;75,5
LPG;2023-04;cabotaje;27;68
LPG;2023-05;cabotaje;33,5;58
LPG;2023-06;cabotaje;24,5;60,5
LPG;2023-07;cabotaje;15,5;35
LPG;2023-08;cabotaje;31;55
LPG;2023-09;cabotaje;14,5;35,5
LPG;2023-10;cabotaje;6,5;36,5
LPG;2023-11;cabotaje;19;26
LPG;2023-12;cabotaje;22,5;44,5
LPG;2024-01;cabotaje;22,5;51,5
LPG;2024-02;cabotaje;16;42
LPG;2024-03;cabotaje;25;83
LPG;2024-04;cabotaje;15;50,5
LPG;2024-05;cabotaje;41,5;68,5
LPG;2024-06;cabotaje;21;54
LPG;2024-07;cabotaje;25,5;66,5
LPG;2024-08;cabotaje;25,5;49,5
LPG;2024-09;cabotaje;31,5;62
LPG;2024-10;cabotaje;21,5;55
LPG;2024-11;cabotaje;44;55,5
LPG;2024-12;cabotaje;31,5;57
LPG;2025-01;cabotaje;25,5;64,5
LPG;2025-02;cabotaje;19,5;46,5
LPG;2025-03;cabotaje;56,5;75,5
LPG;2025-04;cabotaje;26,5;75,5
LPG;2025-05;cabotaje;19,5;62,5
LPG;2025-06;cabotaje;21,5;78,5
LPG;2025-07;cabotaje;6,5;54,5
LPG;2025-08;cabotaje;21;58,5
LPG;2025-09;cabotaje;21,5;64,5
LPG;2025-10;cabotaje;21;88,5
LPG;2025-11;cabotaje;96,5;61
LPG;2025-12;cabotaje;44,5;59,5
GNR;2015-01;cabotaje;7,5;6
GNR;2015-02;cabotaje;40;13
GNR;2015-03;cabotaje;57;17
GNR;2015-04;cabotaje;4,5;7
GNR;2015-05;cabotaje;57,5;8,5
GNR;2015-06;cabotaje;30,5;27,5
GNR;2015-07;cabotaje;16,5;9
GNR;2015-08;cabotaje;23,5;11,5
GNR;2015-09;cabotaje;82;14
GNR;2015-10;cabotaje;106,5;8,5
GNR;2015-11;cabotaje;16,5;11,5
GNR;2015-12;cabotaje;5,5;13
GNR;2016-01;cabotaje;8,5;14
GNR;2016-02;cabotaje;23;19,5
GNR;2016-03;cabotaje;17,5;17,5
GNR;2016-04;cabotaje;15,5;19,5
GNR;2016-05;cabotaje;8;6
GNR;2016-06;cabotaje;11;10
GNR;2016-07;cabotaje;5;7,5
GNR;2016-08;cabotaje;20;16
GNR;2016-09;cabotaje;16;5
GNR;2016-10;cabotaje;23,5;17,5
GNR;2016-11;cabotaje;20,5;11,5
GNR;2016-12;cabotaje;17;8,5
GNR;2017-01;cabotaje;9,5;6
GNR;2017-02;cabotaje;5;7
GNR;2017-03;cabotaje;16,5;14
GNR;2017-04;cabotaje;23;15,5
GNR;2017-05;cabotaje;24,5;14
GNR;2017-06;cabotaje;9;10,5
GNR;2017-07;cabotaje;16,5;9
GNR;2017-08;cabotaje;18;10,5
GNR;2017-09;cabotaje;35,5;6,5
GNR;2017-10;cabotaje;15,5;16
GNR;2017-11;cabotaje;29;30
GNR;2017-12;cabotaje;17,5;17,5
GNR;2018-01;cabotaje;10,5;20
GNR;2018-02;cabotaje;31,5;17,5
GNR;2018-03;cabotaje;11,5;21
GNR;2018-04;cabotaje;26,5;35
GNR;2018-05;cabotaje;24;16
GNR;2018-06;cabotaje;42;21,5
GNR;2018-07;cabotaje;21,5;10,5
GNR;2018-08;cabotaje;22,5;16
GNR;2018-09;cabotaje;7,5;11
GNR;2018-10;cabotaje;14,5;22
GNR;2018-11;cabotaje;19,5;16,5
GNR;2018-12;cabotaje;9;11
GNR;2019-01;cabotaje;17,5;14,5
GNR;2019-02;cabotaje;30;21,5
GNR;2019-03;cabotaje;30;24,5
GNR;2019-04;cabotaje;70;16,5
GNR;2019-05;cabotaje;3;4
GNR;2019-06;cabotaje;12;6
GNR;2019-07;cabotaje;20;15,5
GNR;2019-08;cabotaje;34;18,5
GNR;2019-09;cabotaje;23,5;14,5
GNR;2019-10;cabotaje;27,5;16
GNR;2019-11;cabotaje;35;21
GNR;2019-12;cabotaje;17;16,5
GNR;2020-01;cabotaje;19;11
GNR;2020-02;cabotaje;40,5;23,5
GNR;2020-03;cabotaje;14,5;9
GNR;2020-04;cabotaje;8;3
GNR;2020-05;cabotaje;10;5
GNR;2020-06;cabotaje;10,5;6
GNR;2020-07;cabotaje;10,5;10,5
GNR;2020-08;cabotaje;3,5;5
GNR;2020-09;cabotaje;7;6,5
GNR;2020-10;cabotaje;22;14,5
GNR;2020-11;cabotaje;12;11,5
GNR;2020-12;cabotaje;19,5;15
GNR;2021-01;cabotaje;20,5;14
GNR;2021-02;cabotaje;21;12,5
GNR;2021-03;cabotaje;13,5;11
GNR;2021-04;cabotaje;13,5;15
GNR;2021-05;cabotaje;24;14
GNR;2021-06;cabotaje;25;18
GNR;2021-07;cabotaje;28;20,5
GNR;2021-08;cabotaje;27;18
GNR;2021-09;cabotaje;37;23
GNR;2021-10;cabotaje;47;28,5
GNR;2021-11;cabotaje;24,5;15
GNR;2021-12;cabotaje;36;22,5
GNR;2022-01;cabotaje;11,5;16
GNR;2022-02;cabotaje;21;19
GNR;2022-03;cabotaje;15,5;11
GNR;2022-04;cabotaje;5;10,5
GNR;2022-05;cabotaje;15,5;10,5
GNR;2022-06;cabotaje;20;18,5
GNR;2022-07;cabotaje;7;8
GNR;2022-08;cabotaje;13;13
GNR;2022-09;cabotaje;48;14,5
GNR;2022-10;cabotaje;22,5;14,5
GNR;2022-11;cabotaje;27;21,5
GNR;2022-12;cabotaje;21;22,5
GNR;2023-01;cabotaje;2,5;4
GNR;2023-06;cabotaje;3,5;3,5
GNR;2023-07;cabotaje;13;8
GNR;2023-08;cabotaje;24,5;13,5
GNR;2023-09;cabotaje;27;11
GNR;2023-10;cabotaje;11,5;12,5
GNR;2023-11;cabotaje;15,5;14,5
GNR;2023-12;cabotaje;25;18,5
GNR;2024-01;cabotaje;4;4,5
GNR;2024-02;cabotaje;20;11,5
GNR;2024-03;cabotaje;13,5;14,5
GNR;2024-04;cabotaje;10,5;11
GNR;2024-05;cabotaje;4;4
GNR;2024-06;cabotaje;3,5;5
GNR;2024-07;cabotaje;0;3,5
GNR;2024-08;cabotaje;7;10
GNR;2024-09;cabotaje;3;8,5
GNR;2024-10;cabotaje;4;13
GNR;2024-11;cabotaje;18,5;18
GNR;2024-12;cabotaje;1,5;1
GNR;2025-01;cabotaje;0;1
GNR;2025-02;cabotaje;8;10
GNR;2025-03;cabotaje;18,5;15,5
GNR;2025-04;cabotaje;4,5;12
GNR;2025-05;cabotaje;6,5;11
GNR;2025-06;cabotaje;11;11
GNR;2025-07;cabotaje;4,5;7,5
GNR;2025-08;cabotaje;15;10,5
GNR;2025-09;cabotaje;10,5;11,5
GNR;2025-10;cabotaje;9,5;11
GNR;2025-11;cabotaje;17,5;22
GNR;2025-12;cabotaje;16;12
JNI;2015-01;cabotaje;0;1
JNI;2015-02;cabotaje;4,5;3
JNI;2015-03;cabotaje;0,5;1
JNI;2015-04;cabotaje;3;3
JNI;2015-05;cabotaje;1,5;2
JNI;2015-06;cabotaje;0;0,5
JNI;2015-07;cabotaje;2;3
JNI;2015-09;cabotaje;2;0,5
JNI;2015-10;cabotaje;3;0,5
JNI;2015-11;cabotaje;0,5;1,5
JNI;2015-12;cabotaje;0,5;2,5
JNI;2016-01;cabotaje;0;0,5
JNI;2016-05;cabotaje;0;1,5
JNI;2016-06;cabotaje;2;1
JNI;2016-07;cabotaje;2,5;2,5
JNI;2016-08;cabotaje;2,5;2
JNI;2016-09;cabotaje;1;2
JNI;2016-10;cabotaje;0;1
JNI;2016-11;cabotaje;2,5;6
JNI;2016-12;cabotaje;0;1,5
JNI;2017-03;cabotaje;0;1,5
JNI;2017-04;cabotaje;6;3,5
JNI;2017-05;cabotaje;9,5;14,5
JNI;2017-07;cabotaje;3;2
JNI;2017-09;cabotaje;5;3,5
JNI;2017-10;cabotaje;2;2
JNI;2017-11;cabotaje;0;0,5
JNI;2017-12;cabotaje;1,5;2
JNI;2018-01;cabotaje;0,5;2,5
JNI;2018-02;cabotaje;0;1,5
JNI;2018-03;cabotaje;0;2
JNI;2018-04;cabotaje;0;0,5
JNI;2018-05;cabotaje;5,5;4
JNI;2018-06;cabotaje;1;2
JNI;2018-07;cabotaje;0;0,5
JNI;2018-08;cabotaje;0;1,5
JNI;2018-09;cabotaje;0;1,5
JNI;2018-10;cabotaje;1,5;1
JNI;2018-12;cabotaje;0;1,5
JNI;2019-02;cabotaje;1;2
JNI;2019-04;cabotaje;0;0,5
JNI;2019-06;cabotaje;0;1
JNI;2019-07;cabotaje;0;2,5
JNI;2019-09;cabotaje;0;1,5
JNI;2019-10;cabotaje;1;1
JNI;2019-11;cabotaje;4,5;1
JNI;2019-12;cabotaje;0,5;0,5
JNI;2020-01;cabotaje;0;1
JNI;2020-03;cabotaje;0;0,5
JNI;2020-10;cabotaje;0;0,5
JNI;2020-11;cabotaje;0;1,5
JNI;2020-12;cabotaje;0;1
JNI;2021-02;cabotaje;0,5;0,5
JNI;2021-03;cabotaje;0;0,5
JNI;2021-04;cabotaje;3,5;1,5
JNI;2021-07;cabotaje;0,5;0,5
JNI;2021-08;cabotaje;1,5;1,5
JNI;2021-10;cabotaje;1;1
JNI;2021-11;cabotaje;1,5;1
JNI;2021-12;cabotaje;1,5;0,5
JNI;2022-03;cabotaje;0;0,5
JNI;2022-06;cabotaje;0;0,5
JNI;2022-07;cabotaje;0;0,5
JNI;2022-08;cabotaje;0;0,5
JNI;2022-10;cabotaje;1;1
JNI;2022-11;cabotaje;0;0,5
JNI;2023-05;cabotaje;0;2
JNI;2023-06;cabotaje;0;1,5
JNI;2023-08;cabotaje;0;0,5
JNI;2023-10;cabotaje;1;0,5
JNI;2023-12;cabotaje;1;2,5
JNI;2024-01;cabotaje;0;0,5
JNI;2024-02;cabotaje;0;1
JNI;2024-03;cabotaje;54;2,5
JNI;2024-04;cabotaje;4;15
JNI;2024-05;cabotaje;3,5;10
JNI;2024-06;cabotaje;3;9
JNI;2024-07;cabotaje;7,5;7
JNI;2024-08;cabotaje;3;10,5
JNI;2024-09;cabotaje;0;10,5
JNI;2024-10;cabotaje;3;10,5
JNI;2024-11;cabotaje;4,5;11,5
JNI;2024-12;cabotaje;38,5;4,5
JNI;2025-01;cabotaje;2,5;5
JNI;2025-03;cabotaje;3;8,5
JNI;2025-04;cabotaje;2;13
JNI;2025-05;cabotaje;12,5;16,5
JNI;2025-06;cabotaje;5,5;10,5
JNI;2025-07;cabotaje;1;11
JNI;2025-08;cabotaje;5,5;13
JNI;2025-09;cabotaje;3,5;12
JNI;2025-10;cabotaje;0,5;11
JNI;2025-11;cabotaje;0;4,5
JNI;2025-12;cabotaje;13;8,5
PMQ;2015-01;cabotaje;28,5;4,5
PMQ;2015-02;cabotaje;20;3
PMQ;2015-03;cabotaje;31;12
PMQ;2015-04;cabotaje;42;8,5
PMQ;2015-05;cabotaje;56;8,5
PMQ;2015-06;cabotaje;66;10,5
PMQ;2015-07;cabotaje;85;11
PMQ;2015-08;cabotaje;65;8
PMQ;2015-09;cabotaje;89;10
PMQ;2015-10;cabotaje;103,5;12,5
PMQ;2015-11;cabotaje;83;10
PMQ;2015-12;cabotaje;94,5;11,5
PMQ;2016-01;cabotaje;78,5;9,5
PMQ;2016-02;cabotaje;69;10,5
PMQ;2016-03;cabotaje;102,5;11,5
PMQ;2016-04;cabotaje;105,5;14,5
PMQ;2016-05;cabotaje;68,5;11
PMQ;2016-06;cabotaje;76;12,5
PMQ;2016-07;cabotaje;68;13,5
PMQ;2016-08;cabotaje;57,5;13,5
PMQ;2016-09;cabotaje;72,5;15
PMQ;2016-10;cabotaje;75,5;16
PMQ;2016-11;cabotaje;53;18
PMQ;2016-12;cabotaje;49,5;14
PMQ;2017-01;cabotaje;117,5;19
PMQ;2017-02;cabotaje;118;14,5
PMQ;2017-03;cabotaje;165,5;17,5
PMQ;2017-04;cabotaje;153,5;14,5
PMQ;2017-05;cabotaje;67;10,5
PMQ;2017-06;cabotaje;48,5;9
PMQ;2017-07;cabotaje;59,5;12
PMQ;2017-08;cabotaje;75;16
PMQ;2017-09;cabotaje;59,5;16
PMQ;2017-10;cabotaje;68;16,5
PMQ;2017-11;cabotaje;54,5;15
PMQ;2017-12;cabotaje;69,5;14
PMQ;2018-01;cabotaje;90,5;13
PMQ;2018-02;cabotaje;55;14
PMQ;2018-03;cabotaje;52,5;11
PMQ;2018-04;cabotaje;62,5;9,5
PMQ;2018-05;cabotaje;60,5;10
PMQ;2018-06;cabotaje;56;9
PMQ;2018-07;cabotaje;54;8,5
PMQ;2018-08;cabotaje;62,5;8,5
PMQ;2018-09;cabotaje;67,5;8
PMQ;2018-10;cabotaje;87;13
PMQ;2018-11;cabotaje;74,5;11
PMQ;2018-12;cabotaje;82;9,5
PMQ;2019-01;cabotaje;103;15,5
PMQ;2019-02;cabotaje;122,5;11
PMQ;2019-03;cabotaje;187;13
PMQ;2019-04;cabotaje;293;15
PMQ;2019-05;cabotaje;266,5;18
PMQ;2019-06;cabotaje;258,5;17
PMQ;2019-07;cabotaje;306;18,5
PMQ;2019-08;cabotaje;309,5;17,5
PMQ;2019-09;cabotaje;330,5;18,5
PMQ;2019-10;cabotaje;320,5;19,5
PMQ;2019-11;cabotaje;332;17
PMQ;2019-12;cabotaje;272;17,5
PMQ;2020-01;cabotaje;214,5;16,5
PMQ;2020-02;cabotaje;207,5;15,5
PMQ;2020-03;cabotaje;197;16
PMQ;2020-04;cabotaje;119,5;15
PMQ;2020-05;cabotaje;74,5;5
PMQ;2020-06;cabotaje;272;12
PMQ;2020-07;cabotaje;234;16
PMQ;2020-08;cabotaje;222,5;15
PMQ;2020-09;cabotaje;280;22
PMQ;2020-10;cabotaje;391;28
PMQ;2020-11;cabotaje;288;18
PMQ;2020-12;cabotaje;589;39
PMQ;2021-01;cabotaje;1117;74
PMQ;2021-02;cabotaje;808;55
PMQ;2021-03;cabotaje;683;53
PMQ;2021-04;cabotaje;754;53
PMQ;2021-05;cabotaje;436;33
PMQ;2021-06;cabotaje;169;29
PMQ;2021-07;cabotaje;294;37
PMQ;2021-08;cabotaje;268;20
PMQ;2021-09;cabotaje;318;19
PMQ;2021-10;cabotaje;313;18
PMQ;2021-11;cabotaje;633;34
PMQ;2021-12;cabotaje;320;16
PMQ;2022-01;cabotaje;173;15
PMQ;2022-02;cabotaje;306;18
PMQ;2022-03;cabotaje;117,5;7,5
PMQ;2022-04;cabotaje;168,5;11
PMQ;2022-05;cabotaje;197,5;8
PMQ;2022-06;cabotaje;65;6,5
PMQ;2022-07;cabotaje;8,5;1,5
PMQ;2022-08;cabotaje;102;6,5
PMQ;2022-09;cabotaje;59,5;3
PMQ;2022-10;cabotaje;76;4,5
PMQ;2022-11;cabotaje;110;8
PMQ;2022-12;cabotaje;108,5;4
PMQ;2023-01;cabotaje;111,5;7
PMQ;2023-02;cabotaje;49,5;4
PMQ;2023-03;cabotaje;131,5;4
PMQ;2023-04;cabotaje;66;5,5
PMQ;2023-05;cabotaje;165,5;9
PMQ;2023-06;cabotaje;132,5;10,5
PMQ;2023-07;cabotaje;69,5;5
PMQ;2023-08;cabotaje;114,5;6
PMQ;2023-09;cabotaje;136;8,5
PMQ;2023-10;cabotaje;117,5;9,5
PMQ;2023-11;cabotaje;142;9
PMQ;2023-12;cabotaje;129;8
PMQ;2024-01;cabotaje;154;11,5
PMQ;2024-02;cabotaje;124;15
PMQ;2024-03;cabotaje;152,5;14,5
PMQ;2024-04;cabotaje;134;15
PMQ;2024-05;cabotaje;56,5;7,5
PMQ;2024-06;cabotaje;118;10,5
PMQ;2024-07;cabotaje;362,5;27,5
PMQ;2024-08;cabotaje;321,5;25
PMQ;2024-09;cabotaje;324;24
PMQ;2024-10;cabotaje;427;26
PMQ;2024-11;cabotaje;315;24
PMQ;2024-12;cabotaje;333;20,5
PMQ;2025-01;cabotaje;291;18
PMQ;2025-02;cabotaje;317;24
PMQ;2025-03;cabotaje;355;26,5
PMQ;2025-04;cabotaje;313,5;24
PMQ;2025-05;cabotaje;322,5;21,5
PMQ;2025-06;cabotaje;377;23
PMQ;2025-07;cabotaje;379;23,5
PMQ;2025-08;cabotaje;312,5;24
PMQ;2025-09;cabotaje;543,5;41,5
PMQ;2025-10;cabotaje;515,5;38,5
PMQ;2025-11;cabotaje;474,5;36
PMQ;2025-12;cabotaje;379,5;29
AOL;2015-03;cabotaje;0;0,5
AOL;2015-05;cabotaje;1,5;2,5
AOL;2015-08;cabotaje;0;0,5
AOL;2015-10;cabotaje;29,5;0,5
AOL;2015-11;cabotaje;0,5;1
AOL;2016-06;cabotaje;1,5;1
AOL;2016-07;cabotaje;0;0,5
AOL;2016-09;cabotaje;3,5;2,5
AOL;2016-10;cabotaje;1;2,5
AOL;2016-12;cabotaje;0;0,5
AOL;2017-04;cabotaje;0;0,5
AOL;2017-07;cabotaje;1;0,5
AOL;2017-10;cabotaje;1,5;1
AOL;2017-12;cabotaje;4;1
AOL;2018-01;cabotaje;1,5;2
AOL;2018-03;cabotaje;0;1,5
AOL;2018-04;cabotaje;0;1
AOL;2018-06;cabotaje;2;0,5
AOL;2018-08;cabotaje;5,5;1
AOL;2018-09;cabotaje;0;0,5
AOL;2019-03;cabotaje;0;1,5
AOL;2019-04;cabotaje;0;0,5
AOL;2019-05;cabotaje;0,5;0,5
AOL;2019-06;cabotaje;0;2
AOL;2019-09;cabotaje;7;1,5
AOL;2019-10;cabotaje;0;1
AOL;2019-12;cabotaje;1;1
AOL;2020-01;cabotaje;0;0,5
AOL;2020-11;cabotaje;4,5;1,5
AOL;2020-12;cabotaje;4;1,5
AOL;2021-02;cabotaje;8;2
AOL;2021-03;cabotaje;2;0,5
AOL;2021-04;cabotaje;1,5;1
AOL;2021-08;cabotaje;0;1
AOL;2021-10;cabotaje;4,5;1
AOL;2021-11;cabotaje;6;1,5
AOL;2022-04;cabotaje;0;0,5
AOL;2022-06;cabotaje;0;1
AOL;2022-08;cabotaje;2;1,5
AOL;2022-11;cabotaje;0;0,5
AOL;2023-04;cabotaje;2,5;0,5
AOL;2023-06;cabotaje;2;0,5
AOL;2023-08;cabotaje;0;0,5
AOL;2023-12;cabotaje;0;0,5
AOL;2024-11;cabotaje;0;1
AOL;2025-02;cabotaje;2;0,5
AOL;2025-03;cabotaje;0;0,5
AOL;2025-05;cabotaje;0;0,5
AOL;2025-08;cabotaje;2,5;0,5
AOL;2025-11;cabotaje;40;0,5
