IDProy;CategObra;Obra;ObraWeb;Total;IATA;SNA;Provincia;total_m;anterior_m;a2025_m;a2026_m;a2027_m;posterior_m;Ant1024;agosto;septiembre;octubre;noviembre;diciembre;A2025;A2026;A2027;PeriPost
1 - 2,5;Contra Incendios;GOYEU - Aeropuerto de Tucuman - Instalacion Contra Incendios - Anillo;Instalacion Contra Incendios - Anillo;4593959;TUC;Grupo A;TUCUMAN;4,59 M;1,39 M;0,00 M;3,21 M;0,00 M;0,00 M;1388883;0;0;0;0;0;0;3205076;0;0
14 - 2,5;CCTV;GOYEU - San Fernando - Sistema de CCTV y Deteccion de Intrusos en Cerco Perimetral - Modificacion de Monto -;Sistema de CCTV y Deteccion de Intrusos en Cerco Perimetral - Modificacion de Monto -;148379400;FDO;Grupo A;BUENOS AIRES;148,38 M;0,00 M;0,00 M;148,38 M;0,00 M;0,00 M;0;0;0;0;0;0;0;148379400;0;0
17-2,5 (EX17 - 11,25);CCTV;GOYEU - Ezeiza - Ampliacion sistema de CCTV mangas y plataforma operativa - Modificacion de Monto-Cambio Fuente Financiamiento;Ampliacion sistema de CCTV mangas y plataforma operativa;621.418.000;EZE;Grupo A;BUENOS AIRES;621,42 M;0,00 M;0,00 M;621,42 M;0,00 M;0,00 M;0;0;0;0;0;0;0;621418000;0;0
119 - 2,5;Cerco perimetral;GOYEU - Aeropuerto Santa Rosa - Cerco, Murete y Alambrado Perimetral ;Cerco, Murete y Alambrado Perimetral ;6500000;RSA;Grupo A;LA PAMPA;6,50 M;6,13 M;0,00 M;0,00 M;0,00 M;0,37 M;6130296;0;0;0;0;0;0;0;0;369704
120 - 2,5;Cerco perimetral;GOYEU  - Aeropuerto Viedma - Cerco, Murete y Alambrado Perimetral;Cerco, Murete y Alambrado Perimetral;6800000;VDM;Grupo A;RIO NEGRO;6,80 M;5,74 M;0,00 M;0,00 M;0,00 M;1,06 M;5736796;0;0;0;0;0;0;0;0;1063204
121 - 2,5;Cerco perimetral;GOYEU - Aeropuerto Malargüe - Construccion de Murete;Construccion de Murete;6500000;LGS;Grupo A;MENDOZA;6,50 M;4,84 M;1,66 M;0,00 M;0,00 M;0,00 M;4844993;0;0;0;0;1655007;1655007;0;0;0
468 - 2,5 (EX 468 - RAP);Equipamiento electrico;GOYEU - Aeroparque Jorge Newbery - Equipamiento Convertidores 400 HZ -Modificacion de Monto - Cambio fuente de financiamiento;Equipamiento Convertidores 400 HZ;1833027368;AEP;Grupo A;CABA;1833,03 M;0,00 M;0,00 M;0,00 M;1833,03 M;0,00 M;0;0;0;0;0;0;0;0;1833027368;0
450 - 2,5 (EX 450 - RAP);Equipamiento electrico;GOYEU - Aeroparque Jorge Newbery - Instalacion Convertidores 400 HZ -Modificacion de Monto - Cambio Fuente Financiamiento -;Instalacion Convertidores 400 HZ ;1251927873;AEP;Grupo A;CABA;1251,93 M;0,00 M;0,00 M;0,00 M;1251,93 M;0,00 M;0;0;0;0;0;0;0;0;1251927873;0
12 - 2,5;Contra Incendios;GOYEU - Aeropuerto Bariloche - Instalacion contra incendio - Modificacion de Monto - ;Instalacion contra incendio;9638320000;BRC;Grupo A;RIO NEGRO;9638,32 M;0,00 M;0,00 M;9638,32 M;0,00 M;0,00 M;0;0;0;0;0;0;0;9638320000;0;0
502 - 2,5;Generadores electricos;GPA - Aeroparque Jorge Newbery - Generadores Eléctricos - Nuevo Proyecto;Generadores Eléctricos;7500000000;AEP;Grupo A;CABA;7500,00 M;0,00 M;0,00 M;7500,00 M;0,00 M;0,00 M;0;0;0;0;0;0;0;7500000000;0;0
504 - Resc. Acc.Pref.;Balizamiento;GPA - Aeropuerto Ezeiza - Anillo de Balizamiento - Etapa III - Nuevo proyecto;Anillo de Balizamiento;8800000000;EZE;Grupo A;BUENOS AIRES;8800,00 M;0,00 M;2500,00 M;4500,00 M;1800,00 M;0,00 M;0;0;0;0;0;2500000000;2500000000;4500000000;1800000000;0
506 - 2,5;Terminal de pasajeros;GPA - Aeropuerto Mendoza - Ampliacion Preembarque - Nuevo Proyecto;Ampliacion Preembarque;16200000000;MDZ;Grupo A;MENDOZA;16200,00 M;0,00 M;0,00 M;6100,00 M;5200,00 M;4900,00 M;0;0;0;0;0;0;0;6100000000;5200000000;4900000000
492 - 2,5;Terminal de pasajeros;GPA - Aeropuerto Tucum‡n - Nueva Terminal de Pasajeros - Modificacion de Monto;Nueva Terminal de Pasajeros;76000000000;TUC;Grupo A;TUCUMAN;76000,00 M;0,00 M;15000,00 M;31700,00 M;29300,00 M;0,00 M;0;0;0;10000000000;2500000000;2500000000;15000000000;31700000000;29300000000;0
501 - 2,5;Rodaje y balizamiento;GPA - Aeropuerto Jujuy - Rehabilitacion Rodaje Bravo y Charlie + Balizamiento - Nuevo Proyecto-;Rehabilitacion Rodaje Bravo y Charlie + Balizamiento;12000000000;JUJ;Grupo A;JUJUY;12000,00 M;0,00 M;0,00 M;0,00 M;12000,00 M;0,00 M;0;0;0;0;0;0;0;0;12000000000;0
36 - 2,5;Varios;GOIA- DMA - Varios - Modificacion de Monto ;;1000000000;SNA;SNA;SNA;1000,00 M;0,00 M;450,00 M;350,00 M;200,00 M;0,00 M;0;0;0;450000000;0;0;450000000;350000000;200000000;0
199 - 2,5;Plataforma;GOIA - Aeropuerto Bariloche - Ampliacion Plataforma Remota;Ampliacion Plataforma Remota;897390642,1;BRC;Grupo A;RIO NEGRO;897,39 M;817,39 M;80,00 M;0,00 M;0,00 M;0,00 M;817390642,1;0;0;80000000;0;0;80000000;0;0;0
509 - Resc. Acc.Pref.;Sala de Reguladores;GPA - Aeropuerto Salta - Sala de Reguladores (instalacion) - Nuevo Proyecto;Sala de Reguladores (instalacion);7400000000;SLA;Grupo A;SALTA;7400,00 M;0,00 M;0,00 M;0,00 M;5000,00 M;2400,00 M;0;0;0;0;0;0;0;0;5000000000;2400000000
388 - 2,5;Balizamiento;GOIA - Aeropuerto Resistencia - Instalacion de Balizamiento de la calle de rodaje principal - Modificacion de Monto;Instalacion de Balizamiento de la calle de rodaje principal;360494158;RES;Grupo A;CHACO;360,49 M;110,49 M;250,00 M;0,00 M;0,00 M;0,00 M;110494157,7;0;0;250000000;0;0;250000000;0;0;0
478 - 2,5;Terminal de pasajeros;GOIA - Aeropuerto Formosa - Nueva Terminal de Pasajeros - Modificacion de Monto;Nueva Terminal de Pasajeros;30045340678;FMA;Grupo A;FORMOSA;30045,34 M;5922,71 M;7724,77 M;16397,86 M;0,00 M;0,00 M;5922712067;0;1280195404;2521593768;2194707431;1728274651;7724771254;16397857357;0;0
158 - 2,5;Terminal de pasajeros;GOIA - Aeropuerto Iguazœ - Nueva Terminal de Pasajeros  Modificacion de Monto;Nueva Terminal de Pasajeros;2111020170;IGR;Grupo A;MISIONES;2111,02 M;2011,02 M;100,00 M;0,00 M;0,00 M;0,00 M;2011020170;0;100000000;0;0;0;100000000;0;0;0
205 - 2,5;Contra Incendios;GOIA - Aeropuerto San Fernando - Nuevo S.E.I.  ;Nuevo S.E.I.  ;81695000;FDO;Grupo A;BUENOS AIRES;81,70 M;31,70 M;50,00 M;0,00 M;0,00 M;0,00 M;31695000;0;0;50000000;0;0;50000000;0;0;0
127 - 2,5;Plataforma;GOIA - Aeropuerto Salta - Iluminacion de Plataforma -;Iluminacion de Plataforma;45604907;SLA;Grupo A;SALTA;45,60 M;20,60 M;25,00 M;0,00 M;0,00 M;0,00 M;20604907;0;0;25000000;0;0;25000000;0;0;0
133 - 2,5;Torre de Control;GOIA - Aeropuerto San Fernando - Nueva Torre de Control   ; Nueva Torre de Control   ;685960155;FDO;Giupo A;BUENOS AIRES;685,96 M;585,96 M;100,00 M;0,00 M;0,00 M;0,00 M;585960155,1;0;0;100000000;0;0;100000000;0;0;0
273 - 2,5;Terminal de pasajeros;GOIA - Aeropuerto Jorge Newbery - Readecuacion de Partidas y Arribos Internacionales (Internacionalizacion de la Terminal) ; Readecuacion de Partidas y Arribos Internacionales (Internacionalizacion de la Terminal) ;1264803849;AEP;Grupo A;CABA;1264,80 M;1214,80 M;50,00 M;0,00 M;0,00 M;0,00 M;1214803849;0;0;50000000;0;0;50000000;0;0;0
375 - 2,5;Terminal de pasajeros;GOIA - Aeropuerto San Juan - Nueva Terminal de Pasajeros - Modificacion de Monto;Nueva Terminal de Pasajeros;13860687904;UAQ;Giupo A;SAN JUAN;13860,69 M;7557,19 M;3044,81 M;3258,68 M;0,00 M;0,00 M;7557191706;126047656;1179133082;475057062;528991389;735584734;3044813922;3258682275;0;0
82 - 11,25;EANA (MT) - 20 - 11,25%;EANA (MT) -Paran‡- UGSEC;;67846860;PRA;SNA;ENTRE RIOS;67,85 M;56,22 M;0,00 M;0,00 M;0,00 M;11,63 M;56218662;0;0;0;0;0;0;0;0;11628198
39 - 11,25;Contra Incendios;GOYEU -  Aeropuerto de Sauce viejo  - Provincia de Santa Fe - Instalacion contra incendio en las terminales aeroportuarias - Modificacion de Monto-;Instalacion contra incendio en las terminales aeroportuarias;2409580000;SFN;Grupo B;SANTA FE;2409,58 M;0,00 M;0,00 M;0,00 M;2409,58 M;0,00 M;0;0;0;0;0;0;0;0;2409580000;0
83 - 11,25;Contra Incendios;GOYEU -  Aeropuerto de Rosario  - Provincia de Santa Fe - Instalacion contra incendio en las terminales aeroportuarias - Modificacion de Monto-;Instalacion contra incendio en las terminales aeroportuarias;279004000;ROS;Grupo B;SANTA FE;279,00 M;0,00 M;0,00 M;0,00 M;279,00 M;0,00 M;0;0;0;0;0;0;0;0;279004000;0
7 - 11,25;Contra Incendios;GOYEU - Aeropuerto General Pico - Instalacion contra incendio - Modificacion de Monto-;Instalacion contra incendio;209253000;GPO;Grupo A;LA PAMPA;209,25 M;0,00 M;0,00 M;0,00 M;0,00 M;209,25 M;0;0;0;0;0;0;0;0;0;209253000
9 - 11,25;Contra Incendios;GOYEU - Aeropuerto Rio Cuarto - Instalacion contra incendio - Modificacion de Monto-;Instalacion contra incendio;627759000;RCU;Grupo A;CORDOBA;627,76 M;0,00 M;0,00 M;0,00 M;0,00 M;627,76 M;0;0;0;0;0;0;0;0;0;627759000
449-11,25;Contra Incendios;GOYEU - Aeropuerto Reconquista - Instalacion contra incendios -  -Modificacion de Monto-;Instalacion contra incendios;710192000;RCQ;Grupo A;SANTA FE;710,19 M;0,00 M;0,00 M;0,00 M;0,00 M;710,19 M;0;0;0;0;0;0;0;0;0;710192000
486 - 11,25;Pista;GPA - Aeropuerto Ezeiza - Repavimentacion de Pista 17/35 - Interseccion Pista 17/35 y 11/29 - Modificacion de Monto-;Repavimentacion de Pista 17/35 - Interseccion Pista 17/35 y 11/29;61600000000;EZE;Grupo A;BUENOS AIRES;61600,00 M;0,00 M;0,00 M;54100,00 M;7500,00 M;0,00 M;0;0;0;0;0;0;0;54100000000;7500000000;0
484 - 11,25;Rodaje;GPA- Aeropuerto Ezeiza - Repavimentacion Calle Rodaje Hotel - Modificacion de Monto;Repavimentacion Calle Rodaje Hotel;44100000000;EZE;Grupo A;BUENOS AIRES;44100,00 M;0,00 M;0,00 M;0,00 M;44100,00 M;0,00 M;0;0;0;0;0;0;0;0;44100000000;0
488 - 11,25;Rodaje;GPA- Aeropuerto Ezeiza - Repavimentacion Rodaje Principal - Modificacion de Monto;Repavimentacion Rodaje Principal;29000000000;EZE;Grupo A;BUENOS AIRES;29000,00 M;0,00 M;0,00 M;0,00 M;0,00 M;29000,00 M;0;0;0;0;0;0;0;0;0;29000000000
458 - 11,25;Pista;GPA - Aeropuerto Ezeiza - Repavimentacion Pista 11/29 - Modificacion de Monto;Repavimentacion Pista 11/29;19600000000;EZE;Grupo A;BUENOS AIRES;19600,00 M;0,00 M;0,00 M;0,00 M;19600,00 M;0,00 M;0;0;0;0;0;0;0;0;19600000000;0
489 - Resc. Acc.Pref.;Rodaje;GPA- Aeropuerto Ezeiza - Repavimentacion Rodaje Alfa - Modificacion de Monto;Repavimentacion Rodaje Alfa;6100000000;EZE;Grupo A;BUENOS AIRES;6100,00 M;0,00 M;0,00 M;6100,00 M;0,00 M;0,00 M;0;0;0;0;0;0;0;6100000000;0;0
485 - 11,25(EX 485 - 2,5);Pista;GPA - Aeropuerto R’o Grande - Repavimentacion de Pista - Modificacion de Monto;Repavimentacion de Pista;52000000000;RGA;Grupo A;TIERRA DEL FUEGO;52000,00 M;0,00 M;27000,00 M;25000,00 M;0,00 M;0,00 M;0;0;0;15000000000;6000000000;6000000000;27000000000;25000000000;0;0
505 - 11,25;Pista;GPA - Aeropuerto Malargüe - Rehabilitacion de Pista - Nuevo Proyecto;Rehabilitacion de Pista;21000000000;LGS;Grupo A;MENDOZA;21000,00 M;0,00 M;0,00 M;0,00 M;9300,00 M;11700,00 M;0;0;0;0;0;0;0;0;9300000000;11700000000
507 - 11,25;Rodaje;GPA - Aeropuerto San Fernando - Rehabilitacion Rodajes - Nuevo Proyecto;Rehabilitacion Rodajes;17800000000;FDO;Grupo A;BUENOS AIRES;17800,00 M;0,00 M;0,00 M;0,00 M;17800,00 M;0,00 M;0;0;0;0;0;0;0;0;17800000000;0
508 - 11,25;Pista;GPA - Aeropuerto San Fernando - Franja de Pista - Nuevo Proyecto;Franja de Pista;37000000000;FDO;Grupo A;BUENOS AIRES;37000,00 M;0,00 M;0,00 M;0,00 M;37000,00 M;0,00 M;0;0;0;0;0;0;0;0;37000000000;0
515 - 11,25;Balizamiento;GPA - Aeropuerto Ezeiza - Balizamiento Pista 11/29 (obra civil) - Nuevo Proyecto;Balizamiento Pista 11/29 (obra civil);9800000000;EZE;Grupo A;BUENOS AIRES;9800,00 M;0,00 M;0,00 M;0,00 M;9800,00 M;0,00 M;0;0;0;0;0;0;0;0;9800000000;
516 - 11,25;Terminal de pasajeros;GPA - Aeropuerto Bariloche - Ampliacion Terminal de Pasajeros - Nuevo Proyecto;Ampliacion Terminal de Pasajeros;26500000000;BRC;Grupo A;RIO NEGRO;26500,00 M;0,00 M;0,00 M;0,00 M;12500,00 M;14000,00 M;0;0;0;0;0;0;0;0;12500000000;14000000000
517 - 11,25;Balizamiento;GPA - Aeropuerto Ezeiza - Balizamiento 17/35 + Rodaje Hotel + Rodaje Alfa Centerline Completo + Rodaje Principal (obra civil) - Nuevo Proyecto;Balizamiento 17/35 + Rodaje Hotel + Rodaje Alfa Centerline Completo + Rodaje Principal (obra civil);13800000000;EZE;Grupo A;BUENOS AIRES;13800,00 M;0,00 M;0,00 M;6500,00 M;3600,00 M;3700,00 M;0;0;0;0;0;0;0;6500000000;3600000000;3700000000
518 - 11,25;Balizamiento;GPA - Aeropuerto de Ushuaia - Sistema de balizamiento CAT 1 de alta intensidad - Nuevo Proyecto; Sistema de balizamiento CAT 1 de alta intensidad;1800000000;USH;GRUPO B;TIERRA DEL FUEGO;1800,00 M;0,00 M;0,00 M;1800,00 M;0,00 M;0,00 M;0;0;0;0;0;0;0;1800000000;0;0
519 - 11,25;Balizamiento;GPA - Aeropuerto de Calafate - Sistema de balizamiento CAT 1 de alta intensidad - Nuevo Proyecto;Sistema de balizamiento CAT 1 de alta intensidad;3200000000;FTE;GRUPO B;SANTA CRUZ;3200,00 M;0,00 M;0,00 M;3200,00 M;0,00 M;0,00 M;0;0;0;0;0;0;0;3200000000;0;0
520 - 11,25;Terminal de pasajeros;GPA - Aeropuerto de Ushuaia - Pasarelas telescopicas (2 unidades) - Nuevo Proyecto;Pasarelas telescopicas (2 unidades);2000000000;USH;GRUPO B;TIERRA DEL FUEGO;2000,00 M;0,00 M;0,00 M;2000,00 M;0,00 M;0,00 M;0;0;0;0;0;0;0;2000000000;0;0
46 - 11,25 ;Pista;GOIA - Aeropuerto Almirante ZAR de la Ciudad de TRELEW - Rehabilitacion y Ampliacion de Pavimentos e Instalaciones de Nuevas Ayudas Visuales de la Pista 06-24, Calle de Rodaje, Plataforma y Nuevo Balizamiento ;Rehabilitacion y Ampliacion de Pavimentos e Instalaciones de Nuevas Ayudas Visuales de la Pista 06-24, Calle de Rodaje, Plataforma y Nuevo Balizamiento ;330159400;REL;Grupo B;CHUBUT;330,16 M;328,16 M;2,00 M;0,00 M;0,00 M;0,00 M;328159400;0;0;2000000;0;0;2000000;0;0;0
47 - 11,25 ;Pista;GOIA - Aeropuerto Bahía Blanca - Rehabilitacion Pista 16L-34R Calles de Rodaje ampliacion de Plataforma Comercial y Nuevo Balizamiento ;Rehabilitacion Pista 16L-34R Calles de Rodaje ampliacion de Plataforma Comercial y Nuevo Balizamiento ;138597850;BHI;Grupo B;BUENOS AIRES;138,60 M;136,60 M;2,00 M;0,00 M;0,00 M;0,00 M;136597849,6;0;0;2000000;0;0;2000000;0;0;0
48 - 11,25 ;Pista;GOIA - Aeropuerto San Martín de los Andes - Provincia de Neuquén - Rehabilitacion Pista 06-24, Calle de Rodaje y Plataforma. Nuevo Balizamiento ;Rehabilitacion Pista 06-24, Calle de Rodaje y Plataforma. Nuevo Balizamiento ;215711364;CPC;Grupo B;NEUQUEN;215,71 M;213,71 M;2,00 M;0,00 M;0,00 M;0,00 M;213711364;0;0;2000000;0;0;2000000;0;0;0
50 - 11,25;Plataforma;GOIA - Aeroparque Jorge Newbery - Construccion Nueva Plataforma Norte - Modificacion de Monto;Construccion Nueva Plataforma Norte;18228299457;AEP;Grupo A;CABA;18228,30 M;5064,68 M;7723,05 M;5440,57 M;0,00 M;0,00 M;5064679610;55412734;622775325;1306042388;2690486753;3048329145;7723046345;5440573503;0;0
66 - 11,25;Terminal de pasajeros;GOIA - Aeropuerto La Rioja - Nueva Terminal de Pasajeros - ;Nueva Terminal de Pasajeros;550.201.905;IRJ;Grupo A;LA RIOJA;550,20 M;450,20 M;100,00 M;0,00 M;0,00 M;0,00 M;450201904,6;0;0;100000000;0;0;100000000;0;0;0
167 - 11,25;Planta de tratamiento;GOIA - Aeropuerto Iguazœ - Nueva Planta de Tratamiento - Punto de Vuelco - Modificacion de Monto;Nueva Planta de Tratamiento - Punto de Vuelco;1.730.386.631;IGR;Grupo A;MISIONES;1730,39 M;1530,39 M;200,00 M;0,00 M;0,00 M;0,00 M;1530386631;0;200000000;0;0;0;200000000;0;0;0
209 - 11,25;Sistema de aproximacion;GOIA - Aeropuerto Río Grande - Sistema de Luces de Aproximacion (Instalacion) ;Sistema de Luces de Aproximacion (Instalacion) ;761662411,8;RGA;Grupo A;TIERRA DEL FUEGO;761,66 M;719,68 M;41,98 M;0,00 M;0,00 M;0,00 M;719679815;0;0;41982597;0;0;41982597;0;0;0
222 - 11,25 ;Terminal de pasajeros;GOIA - Aeropuerto Resistencia - Terminal de Pasajeros - Modificacion de Monto;Terminal de Pasajeros;22003958511;RES;Grupo A;CHACO;22003,96 M;2875,77 M;4038,46 M;12076,91 M;3012,82 M;0,00 M;2875772795;288513592;1121007861;600321246;612301050;1416311965;4038455715;12076911429;3012818572;0
285 - 11,25;Plataforma;GOIA - Aeroparque Jorge Newbery - Ampliacion Plataforma Sur - Etapa 2 - Modificacion de Monto; Ampliacion Plataforma Sur - Etapa 2;2423701389;AEP;Grupo A;CABA;2423,70 M;2323,70 M;100,00 M;0,00 M;0,00 M;0,00 M;2323701389;100000000;0;0;0;0;100000000;0;0;0
357 - 11,25 ;Plataforma;GOIA - Aeropuerto Río Gallegos - Iluminacion de Plataforma -Modificacion de Monto - ;Iluminacion de Plataforma;221568777;RGL;Grupo A;SANTA CRUZ;221,57 M;191,57 M;30,00 M;0,00 M;0,00 M;0,00 M;191568777,1;0;0;30000000;0;0;30000000;0;0;0
358 - 11,25;Sistema de aproximacion;GOIA - Aeropuerto Santiago del Estero - Nuevo Sistema de Aproximacion en Pista 03 - Instalacion ;Nuevo Sistema de Aproximacion en Pista 03 - Instalacion ;893798709,6;SDE;Grupo A;SANTIAGO DEL ESTERO;893,80 M;761,40 M;132,40 M;0,00 M;0,00 M;0,00 M;761398038;0;0;132400672;0;0;132400672;0;0;0
389 - 11,25 ;Torre de Control;GOIA - Aeropuerto Resistencia - Alimentacion Torre de Control;Alimentacion Torre de Control;629609064,6;RES;Grupo A;CHACO;629,61 M;560,60 M;69,01 M;0,00 M;0,00 M;0,00 M;560599165;0;0;69009899;0;0;69009899;0;0;0
390 - 11,25;Pista;GPA - Aeropuerto Río Gallegos - Rehabilitacion de Pista, Rodaje y Plataforma - Modificacion de Monto;Rehabilitacion de Pista, Rodaje y Plataforma;36139556939;RGL;Grupo A;Grupo A;36139,56 M;0;19079,66 M;17059,90 M;0,00 M;0,00 M;0;7685723586;249570816;509102330;2077174399;8558083956;19079655087;17059901852;0;0
393 - 11,25;Terminal de pasajeros;GOIA - Aeropuerto Salta - Ampliacion Terminal de Pasajeros - Modificacion de Monto;Ampliacion Terminal de Pasajeros;114164229422;SLA;Grupo A;SALTA;114164,23 M;30763,78 M;20440,81 M;57000,87 M;5958,76 M;0,00 M;30763784296;1500000000;1840003508;5694605623;5128638466;6277564975;20440812572;57000874759;5958757795;0
476 - 11,25;Pista;GOIA - Aeropuerto Puerto Madryn - Rehabilitacion de Pista y Rodaje;Rehabilitacion de Pista y Rodaje;14365461763;PMY;Grupo A;CHUBUT;14365,46 M;13565,46 M;800,00 M;0,00 M;0,00 M;0,00 M;13565461763;0;0;800000000;0;0;800000000;0;0;0
479 - 11,25;Terminal de pasajeros;GOIA - Aeropuerto San Rafael - Remodelacion y Ampliacion de la Terminal de Pasajeros - Modificacion de Monto - ;Remodelacion y Ampliacion de la Terminal de Pasajeros;1559027313;AFA;Grupo A;MENDOZA;1559,03 M;1539,03 M;20,00 M;0,00 M;0,00 M;0,00 M;1539027313;20000000;0;0;0;0;20000000;;0;0
44 - 7;Contra Incendios;GOYEU - Aeropuerto 28 de Noviembre  - Provincia de Santa Cruz - Nueva instalacion contra incendio y sala de bombas en terminal Aeroportuaria - Modificacion de Monto - ;Nueva instalacion contra incendio y sala de bombas en terminal Aeroportuaria;89471510;RYO;Grupo B;SANTA CRUZ;89,47 M;0,00 M;0,00 M;89,47 M;0,00 M;0,00 M;0;0;0;0;0;0;0;89471510;0;0
355 - Resc. Acc. Pref.;Terminal de pasajeros;GOIA - Aeropuerto Formosa - Nueva Terminal de Pasajeros - Modificacion de Monto;Nueva Terminal de Pasajeros;5873917287;FMA;Grupo A;FORMOSA;5873,92 M;4873,92 M;1000,00 M;0,00 M;0,00 M;0,00 M;4873917287;1000000000;0;0;0;0;1000000000;0;0;0
377 - Resc. Acc. Pref. ;Plataforma;GOIA - Aeropuerto Catamarca - Iluminacion de Plataforma - Modificacion de Monto;Iluminacion de Plataforma;145545262;CTC;Grupo A;CATAMARCA;145,55 M;116,69 M;28,85 M;0,00 M;0,00 M;0,00 M;116690694;0;0;28854568;0;0;28854568;0;0;0
435 - Resc. Acc. Pref. ;Terminal de pasajeros;GOIA - Aeropuerto San Rafael - Remodelacion y Ampliacion de la Terminal de Pasajeros  - Modificacion de Monto-;Remodelacion y Ampliacion de la Terminal de Pasajeros;15857922502;AFA;Grupo A;MENDOZA;15857,92 M;2149,18 M;5064,52 M;8644,22 M;0,00 M;0,00 M;2149184618;247824898;542678715;907705240;1666474365;1699834042;5064517260;8644220623;0;0
438 - Resc. Acc. Pref.;Sistema de aproximacion;GOIA - Aeropuerto Viedma - Sistema de Luces de Aproximacion (Instalacion) - Modificacion de Monto;Sistema de Luces de Aproximacion (Instalacion);1495136807;VDM;Grupo A;RIO NEGRO;1495,14 M;428,57 M;476,91 M;589,65 M;0,00 M;0,00 M;428572810;0;0;50272507;209134316;217505189;476912012;589651985;0;0
441 - Resc. Acc. Pref.;Equipamiento electrico;GOIA - Aeropuerto Ezeiza - Nuevos Alimentadores Cable 9 y 10 en 13,2 kv - Modificacion de Monto;Nuevos Alimentadores Cable 9 y 10 en 13,2 kv ;8426603347;EZE;Grupo A;BUENOS AIRES;8426,60 M;7026,60 M;1400,00 M;0,00 M;0,00 M;0,00 M;7026603347;0;300000000;300000000;800000000;;1400000000;;0;0
513 - 1,25 %;Equipamiento, Software y Servicios de Sistemas ;DSyTI - Equipamiento, Software y Servicios de Sistemas para el ORSNA - Nuevo proyecto-;;12.264.731.491;SNA;SNA;SNA;12264,73 M;0,00 M;2702,03 M;4664,47 M;4898,22 M;0,00 M;0;0;5539518;1209581184;1298039518;188872851;2702033070;4664474211;4898224211;0
116 - 1,25 ;Gastos de Funcionamiento ORSNA;ORSNA -  Gastos de Funcionamiento ORSNA (Gastos corrientes de mantenimiento de veh’culos e instalaciones, bienes de consumo y de uso, impuestos, tasas, aportes y contribuciones, pasajes y vi‡ticos, en que debe incurrir el ORSNA en cumplimiento de sus funciones, entre otros)   - Modificacion del objeto y monto -;;10.296.455.344;SNA;SNA;SNA;10296,46 M;1200,20 M;2345,71 M;4207,14 M;2543,40 M;0,00 M;1200197036;164885177;1137019958;167134284;470311636;406363611;2345714666;4207144248;2543399394;0







