mes;mes_nombre;iata;cabotaje;internacional;TotalPasajeros
1;Ene;AEP;8476;3494;11970
2;Feb;AEP;7394;3091;10485
3;Mar;AEP;8921;3351;12272
4;Abr;AEP;8469;3185;11654
5;May;AEP;8051;3308;11359
6;Jun;AEP;7822;3185;11007
7;Jul;AEP;8822;3522;12344
8;Ago;AEP;8464;3499;11963
9;Sep;AEP;8219;3315;11534
10;Oct;AEP;8138;3509;11647
11;Nov;AEP;7933;3354;11287
12;Dic;AEP;8051;3675;11726
1;Ene;TTG;15;0;15
2;Feb;TTG;18;0;18
3;Mar;TTG;13;0;13
4;Abr;TTG;27;0;27
5;May;TTG;16;0;16
6;Jun;TTG;26;0;26
7;Jul;TTG;27;0;27
8;Ago;TTG;27;0;27
9;Sep;TTG;31;0;31
10;Oct;TTG;36;0;36
11;Nov;TTG;33;0;33
12;Dic;TTG;30;0;30
1;Ene;SST;14;0;0
2;Feb;SST;2;0;0
3;Mar;SST;3;0;0
4;Abr;SST;2;0;0
5;May;SST;9;0;0
6;Jun;SST;6;0;0
7;Jul;SST;6;0;0
8;Ago;SST;2;0;0
9;Sep;SST;10;0;0
10;Oct;SST;4;0;0
11;Nov;SST;11;0;0
12;Dic;SST;13;0;0
1;Ene;RYO;0;0;0
2;Feb;RYO;2;0;2
3;Mar;RYO;2;0;2
4;Abr;RYO;5;0;5
5;May;RYO;2;0;2
6;Jun;RYO;1;0;1
7;Jul;RYO;4;0;4
8;Ago;RYO;4;0;4
9;Sep;RYO;3;0;3
10;Oct;RYO;3;0;3
11;Nov;RYO;4;0;4
12;Dic;RYO;5;0;5
1;Ene;PMQ;36;0;36
2;Feb;PMQ;48;0;48
3;Mar;PMQ;53;0;53
4;Abr;PMQ;48;0;48
5;May;PMQ;43;0;43
6;Jun;PMQ;46;0;46
7;Jul;PMQ;47;0;47
8;Ago;PMQ;48;0;48
9;Sep;PMQ;83;0;83
10;Oct;PMQ;77;0;77
11;Nov;PMQ;72;0;72
12;Dic;PMQ;58;0;58
1;Ene;NEC;11;0;11
2;Feb;NEC;5;0;5
3;Mar;NEC;7;0;7
4;Abr;NEC;8;0;8
5;May;NEC;4;0;4
6;Jun;NEC;2;0;2
7;Jul;NEC;6;0;6
8;Ago;NEC;7;0;7
9;Sep;NEC;4;0;4
10;Oct;NEC;4;0;4
11;Nov;NEC;5;0;5
12;Dic;NEC;13;0;13
1;Ene;AFA;69;0;69
2;Feb;AFA;51;0;51
3;Mar;AFA;55;0;55
4;Abr;AFA;32;0;32
5;May;AFA;43;0;43
6;Jun;AFA;42;0;42
7;Jul;AFA;56;0;56
8;Ago;AFA;62;0;62
9;Sep;AFA;61;0;61
10;Oct;AFA;64;0;64
11;Nov;AFA;63;0;63
12;Dic;AFA;64;0;64
1;Ene;AOL;0;0;0
2;Feb;AOL;1;0;0
3;Mar;AOL;1;0;0
4;Abr;AOL;0;0;0
5;May;AOL;1;0;0
6;Jun;AOL;0;0;0
7;Jul;AOL;0;0;0
8;Ago;AOL;1;0;0
9;Sep;AOL;0;0;0
10;Oct;AOL;0;0;0
11;Nov;AOL;1;0;0
12;Dic;AOL;0;0;0
1;Ene;BHI;212;0;212
2;Feb;BHI;181;1;182
3;Mar;BHI;246;0;246
4;Abr;BHI;275;0;275
5;May;BHI;281;0;281
6;Jun;BHI;247;0;247
7;Jul;BHI;253;2;255
8;Ago;BHI;229;0;229
9;Sep;BHI;235;2;237
10;Oct;BHI;253;0;253
11;Nov;BHI;227;0;227
12;Dic;BHI;235;0;235
1;Ene;BRC;1723;98;1821
2;Feb;BRC;1428;64;1492
3;Mar;BRC;1326;58;1384
4;Abr;BRC;999;8;1007
5;May;BRC;860;0;860
6;Jun;BRC;1069;74;1143
7;Jul;BRC;1866;305;2171
8;Ago;BRC;1836;237;2073
9;Sep;BRC;1470;40;1510
10;Oct;BRC;1237;3;1240
11;Nov;BRC;1128;11;1139
12;Dic;BRC;1395;183;1578
1;Ene;CNQ;154;1;155
2;Feb;CNQ;133;1;134
3;Mar;CNQ;186;0;186
4;Abr;CNQ;144;0;144
5;May;CNQ;148;0;148
6;Jun;CNQ;154;0;154
7;Jul;CNQ;167;0;167
8;Ago;CNQ;176;0;176
9;Sep;CNQ;171;1;172
10;Oct;CNQ;152;2;154
11;Nov;CNQ;170;4;174
12;Dic;CNQ;148;0;148
1;Ene;COC;0;0;0
2;Feb;COC;0;0;0
3;Mar;COC;0;0;0
4;Abr;COC;0;0;0
5;May;COC;0;0;0
6;Jun;COC;0;0;0
7;Jul;COC;0;0;0
8;Ago;COC;0;0;0
9;Sep;COC;34;0;6
10;Oct;COC;40;0;0
11;Nov;COC;21;0;0
12;Dic;COC;74;0;22
1;Ene;COR;1613;557;2170
2;Feb;COR;1441;509;1950
3;Mar;COR;1656;507;2163
4;Abr;COR;1453;461;1914
5;May;COR;1491;461;1952
6;Jun;COR;1485;465;1950
7;Jul;COR;1688;571;2259
8;Ago;COR;1595;525;2120
9;Sep;COR;1541;579;2120
10;Oct;COR;1603;641;2244
11;Nov;COR;1596;653;2249
12;Dic;COR;1817;832;2649
1;Ene;CPC;328;4;332
2;Feb;CPC;506;1;507
3;Mar;CPC;310;3;313
4;Abr;CPC;264;0;264
5;May;CPC;161;0;161
6;Jun;CPC;156;0;156
7;Jul;CPC;341;0;341
8;Ago;CPC;346;0;346
9;Sep;CPC;210;0;210
10;Oct;CPC;206;0;206
11;Nov;CPC;239;0;239
12;Dic;CPC;255;1;256
1;Ene;CRD;470;2;472
2;Feb;CRD;411;0;411
3;Mar;CRD;506;2;508
4;Abr;CRD;482;0;482
5;May;CRD;475;0;475
6;Jun;CRD;492;0;492
7;Jul;CRD;544;0;544
8;Ago;CRD;497;0;497
9;Sep;CRD;498;0;498
10;Oct;CRD;542;0;542
11;Nov;CRD;490;0;490
12;Dic;CRD;511;1;512
1;Ene;CTC;81;0;81
2;Feb;CTC;67;0;67
3;Mar;CTC;74;0;74
4;Abr;CTC;121;0;121
5;May;CTC;129;0;129
6;Jun;CTC;114;0;114
7;Jul;CTC;132;0;132
8;Ago;CTC;113;0;113
9;Sep;CTC;131;1;132
10;Oct;CTC;132;0;132
11;Nov;CTC;111;0;111
12;Dic;CTC;120;0;120
1;Ene;EPA;35;0;35
2;Feb;EPA;28;0;28
3;Mar;EPA;29;0;29
4;Abr;EPA;62;0;62
5;May;EPA;73;0;73
6;Jun;EPA;41;0;41
7;Jul;EPA;117;0;117
8;Ago;EPA;80;0;80
9;Sep;EPA;106;0;106
10;Oct;EPA;82;0;82
11;Nov;EPA;47;0;47
12;Dic;EPA;40;0;40
1;Ene;EQS;66;0;66
2;Feb;EQS;79;0;79
3;Mar;EQS;71;0;71
4;Abr;EQS;52;0;52
5;May;EQS;43;0;43
6;Jun;EQS;50;0;50
7;Jul;EQS;90;0;90
8;Ago;EQS;87;0;87
9;Sep;EQS;76;0;76
10;Oct;EQS;123;0;123
11;Nov;EQS;88;0;88
12;Dic;EQS;57;0;57
1;Ene;EZE;2370;4592;6962
2;Feb;EZE;2171;4199;6370
3;Mar;EZE;2539;4459;6998
4;Abr;EZE;1585;3621;5206
5;May;EZE;1566;3561;5127
6;Jun;EZE;1560;3520;5080
7;Jul;EZE;2486;4032;6518
8;Ago;EZE;2453;3955;6408
9;Sep;EZE;2339;3870;6209
10;Oct;EZE;2443;4186;6629
11;Nov;EZE;2532;4440;6972
12;Dic;EZE;3083;4825;7908
1;Ene;FDO;218;165;383
2;Feb;FDO;337;242;579
3;Mar;FDO;648;215;863
4;Abr;FDO;824;310;1134
5;May;FDO;639;221;860
6;Jun;FDO;650;190;840
7;Jul;FDO;820;157;977
8;Ago;FDO;898;234;1132
9;Sep;FDO;670;196;866
10;Oct;FDO;806;217;1023
11;Nov;FDO;823;268;1091
12;Dic;FDO;1117;490;1607
1;Ene;FMA;83;0;83
2;Feb;FMA;89;1;90
3;Mar;FMA;77;0;77
4;Abr;FMA;85;0;85
5;May;FMA;103;0;103
6;Jun;FMA;100;0;100
7;Jul;FMA;112;1;113
8;Ago;FMA;117;1;118
9;Sep;FMA;123;0;123
10;Oct;FMA;111;0;111
11;Nov;FMA;110;0;110
12;Dic;FMA;112;0;112
1;Ene;FTE;910;25;935
2;Feb;FTE;763;20;783
3;Mar;FTE;849;11;860
4;Abr;FTE;511;4;515
5;May;FTE;332;1;333
6;Jun;FTE;266;0;266
7;Jul;FTE;314;0;314
8;Ago;FTE;339;0;339
9;Sep;FTE;495;0;495
10;Oct;FTE;684;1;685
11;Nov;FTE;846;3;849
12;Dic;FTE;926;20;946
1;Ene;GPO;17;0;17
2;Feb;GPO;6;0;6
3;Mar;GPO;6;0;6
4;Abr;GPO;2;0;2
5;May;GPO;1;0;1
6;Jun;GPO;7;0;7
7;Jul;GPO;3;0;3
8;Ago;GPO;12;0;12
9;Sep;GPO;13;0;13
10;Oct;GPO;18;0;18
11;Nov;GPO;14;0;14
12;Dic;GPO;23;0;23
1;Ene;GNR;2;0;2
2;Feb;GNR;20;0;20
3;Mar;GNR;31;0;31
4;Abr;GNR;24;0;24
5;May;GNR;22;0;22
6;Jun;GNR;22;0;22
7;Jul;GNR;15;0;15
8;Ago;GNR;21;0;21
9;Sep;GNR;23;0;23
10;Oct;GNR;22;0;22
11;Nov;GNR;44;0;44
12;Dic;GNR;24;0;24
1;Ene;IGR;1098;15;1113
2;Feb;IGR;995;5;1000
3;Mar;IGR;1285;11;1296
4;Abr;IGR;998;12;1010
5;May;IGR;963;2;965
6;Jun;IGR;899;13;912
7;Jul;IGR;1028;3;1031
8;Ago;IGR;1020;7;1027
9;Sep;IGR;1021;15;1036
10;Oct;IGR;1056;8;1064
11;Nov;IGR;1057;7;1064
12;Dic;IGR;1102;34;1136
1;Ene;IRJ;62;0;62
2;Feb;IRJ;57;0;57
3;Mar;IRJ;72;0;72
4;Abr;IRJ;107;0;107
5;May;IRJ;115;1;116
6;Jun;IRJ;109;0;109
7;Jul;IRJ;114;0;114
8;Ago;IRJ;110;0;110
9;Sep;IRJ;113;0;113
10;Oct;IRJ;108;0;108
11;Nov;IRJ;110;0;110
12;Dic;IRJ;112;0;112
1;Ene;JNI;10;0;10
2;Feb;JNI;0;0;0
3;Mar;JNI;17;0;17
4;Abr;JNI;26;0;26
5;May;JNI;33;0;33
6;Jun;JNI;21;0;21
7;Jul;JNI;22;0;22
8;Ago;JNI;26;0;26
9;Sep;JNI;24;0;24
10;Oct;JNI;22;0;22
11;Nov;JNI;9;0;9
12;Dic;JNI;17;0;17
1;Ene;JUJ;360;20;380
2;Feb;JUJ;330;17;347
3;Mar;JUJ;400;18;418
4;Abr;JUJ;300;14;314
5;May;JUJ;297;19;316
6;Jun;JUJ;305;17;322
7;Jul;JUJ;360;18;378
8;Ago;JUJ;353;20;373
9;Sep;JUJ;344;16;360
10;Oct;JUJ;358;18;376
11;Nov;JUJ;332;18;350
12;Dic;JUJ;335;13;348
1;Ene;LGS;1;0;1
2;Feb;LGS;0;0;0
3;Mar;LGS;0;0;0
4;Abr;LGS;0;0;0
5;May;LGS;2;0;2
6;Jun;LGS;3;0;3
7;Jul;LGS;0;0;0
8;Ago;LGS;2;0;2
9;Sep;LGS;2;0;2
10;Oct;LGS;4;0;4
11;Nov;LGS;4;0;4
12;Dic;LGS;0;0;0
1;Ene;LPG;129;0;129
2;Feb;LPG;93;0;93
3;Mar;LPG;151;0;151
4;Abr;LPG;151;0;151
5;May;LPG;125;0;125
6;Jun;LPG;157;0;157
7;Jul;LPG;109;0;109
8;Ago;LPG;117;0;117
9;Sep;LPG;129;0;129
10;Oct;LPG;177;0;177
11;Nov;LPG;122;0;122
12;Dic;LPG;119;0;119
1;Ene;LUQ;64;0;64
2;Feb;LUQ;48;0;48
3;Mar;LUQ;59;0;59
4;Abr;LUQ;58;0;58
5;May;LUQ;60;0;60
6;Jun;LUQ;60;0;60
7;Jul;LUQ;70;0;70
8;Ago;LUQ;73;0;73
9;Sep;LUQ;71;0;71
10;Oct;LUQ;79;1;80
11;Nov;LUQ;60;0;60
12;Dic;LUQ;64;0;64
1;Ene;MDQ;570;22;592
2;Feb;MDQ;428;6;434
3;Mar;MDQ;350;2;352
4;Abr;MDQ;297;12;309
5;May;MDQ;236;2;238
6;Jun;MDQ;258;2;260
7;Jul;MDQ;275;1;276
8;Ago;MDQ;255;5;260
9;Sep;MDQ;274;0;274
10;Oct;MDQ;269;2;271
11;Nov;MDQ;329;2;331
12;Dic;MDQ;341;4;345
1;Ene;MDZ;1359;453;1812
2;Feb;MDZ;1210;400;1610
3;Mar;MDZ;1471;406;1877
4;Abr;MDZ;1325;364;1689
5;May;MDZ;1273;405;1678
6;Jun;MDZ;1123;437;1560
7;Jul;MDZ;1341;536;1877
8;Ago;MDZ;1267;449;1716
9;Sep;MDZ;1286;406;1692
10;Oct;MDZ;1382;417;1799
11;Nov;MDZ;1416;397;1813
12;Dic;MDZ;1403;410;1813
1;Ene;NQN;828;3;831
2;Feb;NQN;766;3;769
3;Mar;NQN;942;0;942
4;Abr;NQN;959;1;960
5;May;NQN;953;0;953
6;Jun;NQN;926;0;926
7;Jul;NQN;1026;0;1026
8;Ago;NQN;986;0;986
9;Sep;NQN;1032;0;1032
10;Oct;NQN;1055;0;1055
11;Nov;NQN;1044;2;1046
12;Dic;NQN;1103;7;1110
1;Ene;PMY;145;0;145
2;Feb;PMY;145;0;145
3;Mar;PMY;214;0;214
4;Abr;PMY;106;0;106
5;May;PMY;133;0;133
6;Jun;PMY;101;0;101
7;Jul;PMY;131;0;131
8;Ago;PMY;133;0;133
9;Sep;PMY;192;0;192
10;Oct;PMY;185;0;185
11;Nov;PMY;176;0;176
12;Dic;PMY;114;0;114
1;Ene;PRA;55;2;57
2;Feb;PRA;56;1;57
3;Mar;PRA;68;1;69
4;Abr;PRA;57;3;60
5;May;PRA;67;0;67
6;Jun;PRA;72;0;72
7;Jul;PRA;63;0;63
8;Ago;PRA;72;0;72
9;Sep;PRA;59;0;59
10;Oct;PRA;56;0;56
11;Nov;PRA;50;0;50
12;Dic;PRA;83;0;83
1;Ene;PSS;239;0;239
2;Feb;PSS;186;0;186
3;Mar;PSS;239;0;239
4;Abr;PSS;244;1;245
5;May;PSS;231;0;231
6;Jun;PSS;268;3;271
7;Jul;PSS;266;0;266
8;Ago;PSS;269;1;270
9;Sep;PSS;282;2;284
10;Oct;PSS;303;1;304
11;Nov;PSS;263;2;265
12;Dic;PSS;248;0;248
1;Ene;RCQ;3;1;4
2;Feb;RCQ;15;0;15
3;Mar;RCQ;25;0;25
4;Abr;RCQ;21;0;21
5;May;RCQ;15;0;15
6;Jun;RCQ;32;0;32
7;Jul;RCQ;22;0;22
8;Ago;RCQ;29;0;29
9;Sep;RCQ;18;0;18
10;Oct;RCQ;15;0;15
11;Nov;RCQ;17;0;17
12;Dic;RCQ;20;0;20
1;Ene;RCU;13;0;13
2;Feb;RCU;21;0;21
3;Mar;RCU;34;0;34
4;Abr;RCU;25;0;25
5;May;RCU;38;0;38
6;Jun;RCU;0;0;0
7;Jul;RCU;0;0;0
8;Ago;RCU;0;0;0
9;Sep;RCU;0;0;0
10;Oct;RCU;0;0;0
11;Nov;RCU;31;1;32
12;Dic;RCU;50;0;50
1;Ene;REL;186;0;186
2;Feb;REL;171;0;171
3;Mar;REL;184;0;184
4;Abr;REL;145;0;145
5;May;REL;173;0;173
6;Jun;REL;160;0;160
7;Jul;REL;210;0;210
8;Ago;REL;195;0;195
9;Sep;REL;239;0;239
10;Oct;REL;332;1;333
11;Nov;REL;317;0;317
12;Dic;REL;302;0;302
1;Ene;RES;158;4;162
2;Feb;RES;133;0;133
3;Mar;RES;161;1;162
4;Abr;RES;200;4;204
5;May;RES;241;1;242
6;Jun;RES;216;1;217
7;Jul;RES;249;5;254
8;Ago;RES;213;0;213
9;Sep;RES;220;1;221
10;Oct;RES;209;0;209
11;Nov;RES;198;2;200
12;Dic;RES;211;2;213
1;Ene;RGA;147;0;147
2;Feb;RGA;149;2;151
3;Mar;RGA;182;0;182
4;Abr;RGA;135;0;135
5;May;RGA;178;0;178
6;Jun;RGA;124;0;124
7;Jul;RGA;174;0;174
8;Ago;RGA;133;0;133
9;Sep;RGA;153;0;153
10;Oct;RGA;179;0;179
11;Nov;RGA;124;0;124
12;Dic;RGA;125;0;125
1;Ene;RGL;165;2;167
2;Feb;RGL;231;5;236
3;Mar;RGL;242;4;246
4;Abr;RGL;230;2;232
5;May;RGL;257;2;259
6;Jun;RGL;230;3;233
7;Jul;RGL;213;2;215
8;Ago;RGL;235;2;237
9;Sep;RGL;18;0;18
10;Oct;RGL;25;0;25
11;Nov;RGL;18;0;18
12;Dic;RGL;86;0;86
1;Ene;RHD;27;1;28
2;Feb;RHD;25;0;25
3;Mar;RHD;72;1;73
4;Abr;RHD;14;0;14
5;May;RHD;44;0;44
6;Jun;RHD;20;0;20
7;Jul;RHD;25;0;25
8;Ago;RHD;29;0;29
9;Sep;RHD;23;0;23
10;Oct;RHD;31;0;31
11;Nov;RHD;19;0;19
12;Dic;RHD;35;0;35
1;Ene;RLO;26;0;26
2;Feb;RLO;30;0;30
3;Mar;RLO;30;0;30
4;Abr;RLO;32;0;32
5;May;RLO;105;1;105
6;Jun;RLO;119;0;119
7;Jul;RLO;110;0;110
8;Ago;RLO;104;0;104
9;Sep;RLO;113;0;113
10;Oct;RLO;142;0;142
11;Nov;RLO;83;0;83
12;Dic;RLO;104;0;104
1;Ene;ROS;242;272;514
2;Feb;ROS;232;238;470
3;Mar;ROS;257;183;440
4;Abr;ROS;233;120;353
5;May;ROS;268;146;414
6;Jun;ROS;233;140;373
7;Jul;ROS;384;170;554
8;Ago;ROS;325;154;479
9;Sep;ROS;153;86;239
10;Oct;ROS;0;0;0
11;Nov;ROS;1;0;1
12;Dic;ROS;32;15;47
1;Ene;RSA;48;0;48
2;Feb;RSA;41;0;41
3;Mar;RSA;78;1;79
4;Abr;RSA;60;0;60
5;May;RSA;46;0;46
6;Jun;RSA;48;0;48
7;Jul;RSA;49;0;49
8;Ago;RSA;48;0;48
9;Sep;RSA;46;0;46
10;Oct;RSA;51;0;51
11;Nov;RSA;48;0;48
12;Dic;RSA;48;0;48
1;Ene;SDE;139;0;139
2;Feb;SDE;134;0;134
3;Mar;SDE;172;1;173
4;Abr;SDE;140;2;142
5;May;SDE;171;4;175
6;Jun;SDE;213;0;213
7;Jul;SDE;183;2;185
8;Ago;SDE;180;0;180
9;Sep;SDE;172;1;173
10;Oct;SDE;159;0;159
11;Nov;SDE;154;0;154
12;Dic;SDE;204;0;204
1;Ene;SFN;84;1;85
2;Feb;SFN;69;0;69
3;Mar;SFN;104;1;105
4;Abr;SFN;101;4;105
5;May;SFN;112;2;114
6;Jun;SFN;85;2;87
7;Jul;SFN;152;4;156
8;Ago;SFN;93;2;95
9;Sep;SFN;148;0;148
10;Oct;SFN;214;1;215
11;Nov;SFN;201;1;202
12;Dic;SFN;190;8;198
1;Ene;SLA;888;112;1000
2;Feb;SLA;790;131;921
3;Mar;SLA;914;151;1065
4;Abr;SLA;840;165;1005
5;May;SLA;803;163;966
6;Jun;SLA;785;114;899
7;Jul;SLA;919;142;1061
8;Ago;SLA;918;144;1062
9;Sep;SLA;1049;156;1205
10;Oct;SLA;1027;198;1225
11;Nov;SLA;981;175;1156
12;Dic;SLA;1003;178;1181
1;Ene;TDL;59;0;59
2;Feb;TDL;65;0;65
3;Mar;TDL;46;0;46
4;Abr;TDL;58;0;58
5;May;TDL;29;0;29
6;Jun;TDL;46;0;46
7;Jul;TDL;21;0;21
8;Ago;TDL;32;0;32
9;Sep;TDL;24;0;24
10;Oct;TDL;16;0;16
11;Nov;TDL;27;0;27
12;Dic;TDL;27;0;27
1;Ene;TUC;561;9;570
2;Feb;TUC;544;11;555
3;Mar;TUC;626;17;643
4;Abr;TUC;556;15;571
5;May;TUC;547;9;556
6;Jun;TUC;577;13;590
7;Jul;TUC;682;9;691
8;Ago;TUC;602;12;614
9;Sep;TUC;585;16;601
10;Oct;TUC;600;36;636
11;Nov;TUC;555;36;591
12;Dic;TUC;581;51;632
1;Ene;UAQ;169;0;169
2;Feb;UAQ;178;0;178
3;Mar;UAQ;181;0;181
4;Abr;UAQ;178;0;178
5;May;UAQ;179;0;179
6;Jun;UAQ;172;0;172
7;Jul;UAQ;199;0;199
8;Ago;UAQ;199;0;199
9;Sep;UAQ;160;0;160
10;Oct;UAQ;201;1;202
11;Nov;UAQ;195;0;195
12;Dic;UAQ;173;0;173
1;Ene;USH;1064;7;1071
2;Feb;USH;838;11;849
3;Mar;USH;854;10;864
4;Abr;USH;478;1;479
5;May;USH;380;0;380
6;Jun;USH;352;0;352
7;Jul;USH;563;0;563
8;Ago;USH;633;0;633
9;Sep;USH;612;4;616
10;Oct;USH;640;7;647
11;Nov;USH;865;18;883
12;Dic;USH;1007;19;1026
1;Ene;VDM;67;0;67
2;Feb;VDM;50;0;50
3;Mar;VDM;63;0;63
4;Abr;VDM;50;0;50
5;May;VDM;58;0;58
6;Jun;VDM;58;0;58
7;Jul;VDM;51;0;51
8;Ago;VDM;82;0;82
9;Sep;VDM;72;0;72
10;Oct;VDM;95;0;95
11;Nov;VDM;89;0;89
12;Dic;VDM;80;0;80
1;Ene;VLG;68;0;68
2;Feb;VLG;28;0;28
3;Mar;VLG;7;0;7
4;Abr;VLG;1;0;1
5;May;VLG;0;0;0
6;Jun;VLG;0;0;0
7;Jul;VLG;0;0;0
8;Ago;VLG;2;0;2
9;Sep;VLG;9;0;9
10;Oct;VLG;27;0;27
11;Nov;VLG;25;0;25
12;Dic;VLG;74;0;74
1;Ene;VME;0;0;0
2;Feb;VME;0;0;0
3;Mar;VME;0;0;0
4;Abr;VME;0;0;0
5;May;VME;0;0;0
6;Jun;VME;0;0;0
7;Jul;VME;0;0;0
8;Ago;VME;0;0;0
9;Sep;VME;6;0;6
10;Oct;VME;0;0;0
11;Nov;VME;0;0;0
12;Dic;VME;0;0;0
