tabla_id;dataset;indicador;unidad;valor;valor_vuelos;anio;mes_nombre;mes;fecha;periodo_id;region;segmento;entidad_tipo;entidad_nombre;iata
1;vuelos_comerciales_cabotaje_SNA;vuelos;vuelos;16266;16266;2001;Ene;1;2001-01-01;2001-01;cabotaje;comercial;SNA;SNA;SNA
1;vuelos_comerciales_cabotaje_SNA;vuelos;vuelos;14877;14877;2001;Feb;2;2001-02-01;2001-02;cabotaje;comercial;SNA;SNA;SNA
1;vuelos_comerciales_cabotaje_SNA;vuelos;vuelos;16069;16069;2001;Mar;3;2001-03-01;2001-03;cabotaje;comercial;SNA;SNA;SNA
1;vuelos_comerciales_cabotaje_SNA;vuelos;vuelos;14613;14613;2001;Abr;4;2001-04-01;2001-04;cabotaje;comercial;SNA;SNA;SNA
1;vuelos_comerciales_cabotaje_SNA;vuelos;vuelos;13778;13778;2001;May;5;2001-05-01;2001-05;cabotaje;comercial;SNA;SNA;SNA
1;vuelos_comerciales_cabotaje_SNA;vuelos;vuelos;12820;12820;2001;Jun;6;2001-06-01;2001-06;cabotaje;comercial;SNA;SNA;SNA
1;vuelos_comerciales_cabotaje_SNA;vuelos;vuelos;13762;13762;2001;Jul;7;2001-07-01;2001-07;cabotaje;comercial;SNA;SNA;SNA
1;vuelos_comerciales_cabotaje_SNA;vuelos;vuelos;13644;13644;2001;Ago;8;2001-08-01;2001-08;cabotaje;comercial;SNA;SNA;SNA
1;vuelos_comerciales_cabotaje_SNA;vuelos;vuelos;13288;13288;2001;Sep;9;2001-09-01;2001-09;cabotaje;comercial;SNA;SNA;SNA
1;vuelos_comerciales_cabotaje_SNA;vuelos;vuelos;14066;14066;2001;Oct;10;2001-10-01;2001-10;cabotaje;comercial;SNA;SNA;SNA
1;vuelos_comerciales_cabotaje_SNA;vuelos;vuelos;14567;14567;2001;Nov;11;2001-11-01;2001-11;cabotaje;comercial;SNA;SNA;SNA
1;vuelos_comerciales_cabotaje_SNA;vuelos;vuelos;13419;13419;2001;Dic;12;2001-12-01;2001-12;cabotaje;comercial;SNA;SNA;SNA
1;vuelos_comerciales_cabotaje_SNA;vuelos;vuelos;13032;13032;2002;Ene;1;2002-01-01;2002-01;cabotaje;comercial;SNA;SNA;SNA
1;vuelos_comerciales_cabotaje_SNA;vuelos;vuelos;11861;11861;2002;Feb;2;2002-02-01;2002-02;cabotaje;comercial;SNA;SNA;SNA
1;vuelos_comerciales_cabotaje_SNA;vuelos;vuelos;12898;12898;2002;Mar;3;2002-03-01;2002-03;cabotaje;comercial;SNA;SNA;SNA
1;vuelos_comerciales_cabotaje_SNA;vuelos;vuelos;12437;12437;2002;Abr;4;2002-04-01;2002-04;cabotaje;comercial;SNA;SNA;SNA
1;vuelos_comerciales_cabotaje_SNA;vuelos;vuelos;11672;11672;2002;May;5;2002-05-01;2002-05;cabotaje;comercial;SNA;SNA;SNA
1;vuelos_comerciales_cabotaje_SNA;vuelos;vuelos;11025;11025;2002;Jun;6;2002-06-01;2002-06;cabotaje;comercial;SNA;SNA;SNA
1;vuelos_comerciales_cabotaje_SNA;vuelos;vuelos;11931;11931;2002;Jul;7;2002-07-01;2002-07;cabotaje;comercial;SNA;SNA;SNA
1;vuelos_comerciales_cabotaje_SNA;vuelos;vuelos;11533;11533;2002;Ago;8;2002-08-01;2002-08;cabotaje;comercial;SNA;SNA;SNA
1;vuelos_comerciales_cabotaje_SNA;vuelos;vuelos;10444;10444;2002;Sep;9;2002-09-01;2002-09;cabotaje;comercial;SNA;SNA;SNA
1;vuelos_comerciales_cabotaje_SNA;vuelos;vuelos;10317;10317;2002;Oct;10;2002-10-01;2002-10;cabotaje;comercial;SNA;SNA;SNA
1;vuelos_comerciales_cabotaje_SNA;vuelos;vuelos;10398;10398;2002;Nov;11;2002-11-01;2002-11;cabotaje;comercial;SNA;SNA;SNA
1;vuelos_comerciales_cabotaje_SNA;vuelos;vuelos;9942;9942;2002;Dic;12;2002-12-01;2002-12;cabotaje;comercial;SNA;SNA;SNA
1;vuelos_comerciales_cabotaje_SNA;vuelos;vuelos;10769;10769;2003;Ene;1;2003-01-01;2003-01;cabotaje;comercial;SNA;SNA;SNA
1;vuelos_comerciales_cabotaje_SNA;vuelos;vuelos;9915;9915;2003;Feb;2;2003-02-01;2003-02;cabotaje;comercial;SNA;SNA;SNA
1;vuelos_comerciales_cabotaje_SNA;vuelos;vuelos;10751;10751;2003;Mar;3;2003-03-01;2003-03;cabotaje;comercial;SNA;SNA;SNA
1;vuelos_comerciales_cabotaje_SNA;vuelos;vuelos;10062;10062;2003;Abr;4;2003-04-01;2003-04;cabotaje;comercial;SNA;SNA;SNA
1;vuelos_comerciales_cabotaje_SNA;vuelos;vuelos;9376;9376;2003;May;5;2003-05-01;2003-05;cabotaje;comercial;SNA;SNA;SNA
1;vuelos_comerciales_cabotaje_SNA;vuelos;vuelos;8404;8404;2003;Jun;6;2003-06-01;2003-06;cabotaje;comercial;SNA;SNA;SNA
1;vuelos_comerciales_cabotaje_SNA;vuelos;vuelos;10140;10140;2003;Jul;7;2003-07-01;2003-07;cabotaje;comercial;SNA;SNA;SNA
1;vuelos_comerciales_cabotaje_SNA;vuelos;vuelos;10264;10264;2003;Ago;8;2003-08-01;2003-08;cabotaje;comercial;SNA;SNA;SNA
1;vuelos_comerciales_cabotaje_SNA;vuelos;vuelos;9826;9826;2003;Sep;9;2003-09-01;2003-09;cabotaje;comercial;SNA;SNA;SNA
1;vuelos_comerciales_cabotaje_SNA;vuelos;vuelos;10136;10136;2003;Oct;10;2003-10-01;2003-10;cabotaje;comercial;SNA;SNA;SNA
1;vuelos_comerciales_cabotaje_SNA;vuelos;vuelos;10096;10096;2003;Nov;11;2003-11-01;2003-11;cabotaje;comercial;SNA;SNA;SNA
1;vuelos_comerciales_cabotaje_SNA;vuelos;vuelos;10203;10203;2003;Dic;12;2003-12-01;2003-12;cabotaje;comercial;SNA;SNA;SNA
1;vuelos_comerciales_cabotaje_SNA;vuelos;vuelos;9946;9946;2004;Ene;1;2004-01-01;2004-01;cabotaje;comercial;SNA;SNA;SNA
1;vuelos_comerciales_cabotaje_SNA;vuelos;vuelos;9992;9992;2004;Feb;2;2004-02-01;2004-02;cabotaje;comercial;SNA;SNA;SNA
1;vuelos_comerciales_cabotaje_SNA;vuelos;vuelos;10885;10885;2004;Mar;3;2004-03-01;2004-03;cabotaje;comercial;SNA;SNA;SNA
1;vuelos_comerciales_cabotaje_SNA;vuelos;vuelos;9914;9914;2004;Abr;4;2004-04-01;2004-04;cabotaje;comercial;SNA;SNA;SNA
1;vuelos_comerciales_cabotaje_SNA;vuelos;vuelos;9754;9754;2004;May;5;2004-05-01;2004-05;cabotaje;comercial;SNA;SNA;SNA
1;vuelos_comerciales_cabotaje_SNA;vuelos;vuelos;9334;9334;2004;Jun;6;2004-06-01;2004-06;cabotaje;comercial;SNA;SNA;SNA
1;vuelos_comerciales_cabotaje_SNA;vuelos;vuelos;10724;10724;2004;Jul;7;2004-07-01;2004-07;cabotaje;comercial;SNA;SNA;SNA
1;vuelos_comerciales_cabotaje_SNA;vuelos;vuelos;11131;11131;2004;Ago;8;2004-08-01;2004-08;cabotaje;comercial;SNA;SNA;SNA
1;vuelos_comerciales_cabotaje_SNA;vuelos;vuelos;10720;10720;2004;Sep;9;2004-09-01;2004-09;cabotaje;comercial;SNA;SNA;SNA
1;vuelos_comerciales_cabotaje_SNA;vuelos;vuelos;10800;10800;2004;Oct;10;2004-10-01;2004-10;cabotaje;comercial;SNA;SNA;SNA
1;vuelos_comerciales_cabotaje_SNA;vuelos;vuelos;9780;9780;2004;Nov;11;2004-11-01;2004-11;cabotaje;comercial;SNA;SNA;SNA
1;vuelos_comerciales_cabotaje_SNA;vuelos;vuelos;10689;10689;2004;Dic;12;2004-12-01;2004-12;cabotaje;comercial;SNA;SNA;SNA
1;vuelos_comerciales_cabotaje_SNA;vuelos;vuelos;9722;9722;2005;Ene;1;2005-01-01;2005-01;cabotaje;comercial;SNA;SNA;SNA
1;vuelos_comerciales_cabotaje_SNA;vuelos;vuelos;9460;9460;2005;Feb;2;2005-02-01;2005-02;cabotaje;comercial;SNA;SNA;SNA
1;vuelos_comerciales_cabotaje_SNA;vuelos;vuelos;10260;10260;2005;Mar;3;2005-03-01;2005-03;cabotaje;comercial;SNA;SNA;SNA
1;vuelos_comerciales_cabotaje_SNA;vuelos;vuelos;9388;9388;2005;Abr;4;2005-04-01;2005-04;cabotaje;comercial;SNA;SNA;SNA
1;vuelos_comerciales_cabotaje_SNA;vuelos;vuelos;8900;8900;2005;May;5;2005-05-01;2005-05;cabotaje;comercial;SNA;SNA;SNA
1;vuelos_comerciales_cabotaje_SNA;vuelos;vuelos;8446;8446;2005;Jun;6;2005-06-01;2005-06;cabotaje;comercial;SNA;SNA;SNA
1;vuelos_comerciales_cabotaje_SNA;vuelos;vuelos;9721;9721;2005;Jul;7;2005-07-01;2005-07;cabotaje;comercial;SNA;SNA;SNA
1;vuelos_comerciales_cabotaje_SNA;vuelos;vuelos;10260;10260;2005;Ago;8;2005-08-01;2005-08;cabotaje;comercial;SNA;SNA;SNA
1;vuelos_comerciales_cabotaje_SNA;vuelos;vuelos;9616;9616;2005;Sep;9;2005-09-01;2005-09;cabotaje;comercial;SNA;SNA;SNA
1;vuelos_comerciales_cabotaje_SNA;vuelos;vuelos;9897;9897;2005;Oct;10;2005-10-01;2005-10;cabotaje;comercial;SNA;SNA;SNA
1;vuelos_comerciales_cabotaje_SNA;vuelos;vuelos;9852;9852;2005;Nov;11;2005-11-01;2005-11;cabotaje;comercial;SNA;SNA;SNA
1;vuelos_comerciales_cabotaje_SNA;vuelos;vuelos;10241;10241;2005;Dic;12;2005-12-01;2005-12;cabotaje;comercial;SNA;SNA;SNA
1;vuelos_comerciales_cabotaje_SNA;vuelos;vuelos;9473;9473;2006;Ene;1;2006-01-01;2006-01;cabotaje;comercial;SNA;SNA;SNA
1;vuelos_comerciales_cabotaje_SNA;vuelos;vuelos;8522;8522;2006;Feb;2;2006-02-01;2006-02;cabotaje;comercial;SNA;SNA;SNA
1;vuelos_comerciales_cabotaje_SNA;vuelos;vuelos;10222;10222;2006;Mar;3;2006-03-01;2006-03;cabotaje;comercial;SNA;SNA;SNA
1;vuelos_comerciales_cabotaje_SNA;vuelos;vuelos;10541;10541;2006;Abr;4;2006-04-01;2006-04;cabotaje;comercial;SNA;SNA;SNA
1;vuelos_comerciales_cabotaje_SNA;vuelos;vuelos;10734;10734;2006;May;5;2006-05-01;2006-05;cabotaje;comercial;SNA;SNA;SNA
1;vuelos_comerciales_cabotaje_SNA;vuelos;vuelos;9253;9253;2006;Jun;6;2006-06-01;2006-06;cabotaje;comercial;SNA;SNA;SNA
1;vuelos_comerciales_cabotaje_SNA;vuelos;vuelos;10385;10385;2006;Jul;7;2006-07-01;2006-07;cabotaje;comercial;SNA;SNA;SNA
1;vuelos_comerciales_cabotaje_SNA;vuelos;vuelos;11385;11385;2006;Ago;8;2006-08-01;2006-08;cabotaje;comercial;SNA;SNA;SNA
1;vuelos_comerciales_cabotaje_SNA;vuelos;vuelos;11054;11054;2006;Sep;9;2006-09-01;2006-09;cabotaje;comercial;SNA;SNA;SNA
1;vuelos_comerciales_cabotaje_SNA;vuelos;vuelos;11134;11134;2006;Oct;10;2006-10-01;2006-10;cabotaje;comercial;SNA;SNA;SNA
1;vuelos_comerciales_cabotaje_SNA;vuelos;vuelos;11739;11739;2006;Nov;11;2006-11-01;2006-11;cabotaje;comercial;SNA;SNA;SNA
1;vuelos_comerciales_cabotaje_SNA;vuelos;vuelos;11110;11110;2006;Dic;12;2006-12-01;2006-12;cabotaje;comercial;SNA;SNA;SNA
1;vuelos_comerciales_cabotaje_SNA;vuelos;vuelos;10541;10541;2007;Ene;1;2007-01-01;2007-01;cabotaje;comercial;SNA;SNA;SNA
1;vuelos_comerciales_cabotaje_SNA;vuelos;vuelos;10124;10124;2007;Feb;2;2007-02-01;2007-02;cabotaje;comercial;SNA;SNA;SNA
1;vuelos_comerciales_cabotaje_SNA;vuelos;vuelos;11297;11297;2007;Mar;3;2007-03-01;2007-03;cabotaje;comercial;SNA;SNA;SNA
1;vuelos_comerciales_cabotaje_SNA;vuelos;vuelos;10525;10525;2007;Abr;4;2007-04-01;2007-04;cabotaje;comercial;SNA;SNA;SNA
1;vuelos_comerciales_cabotaje_SNA;vuelos;vuelos;10625;10625;2007;May;5;2007-05-01;2007-05;cabotaje;comercial;SNA;SNA;SNA
1;vuelos_comerciales_cabotaje_SNA;vuelos;vuelos;9485;9485;2007;Jun;6;2007-06-01;2007-06;cabotaje;comercial;SNA;SNA;SNA
1;vuelos_comerciales_cabotaje_SNA;vuelos;vuelos;10843;10843;2007;Jul;7;2007-07-01;2007-07;cabotaje;comercial;SNA;SNA;SNA
1;vuelos_comerciales_cabotaje_SNA;vuelos;vuelos;11281;11281;2007;Ago;8;2007-08-01;2007-08;cabotaje;comercial;SNA;SNA;SNA
1;vuelos_comerciales_cabotaje_SNA;vuelos;vuelos;10136;10136;2007;Sep;9;2007-09-01;2007-09;cabotaje;comercial;SNA;SNA;SNA
1;vuelos_comerciales_cabotaje_SNA;vuelos;vuelos;11684;11684;2007;Oct;10;2007-10-01;2007-10;cabotaje;comercial;SNA;SNA;SNA
1;vuelos_comerciales_cabotaje_SNA;vuelos;vuelos;11858;11858;2007;Nov;11;2007-11-01;2007-11;cabotaje;comercial;SNA;SNA;SNA
1;vuelos_comerciales_cabotaje_SNA;vuelos;vuelos;11505;11505;2007;Dic;12;2007-12-01;2007-12;cabotaje;comercial;SNA;SNA;SNA
1;vuelos_comerciales_cabotaje_SNA;vuelos;vuelos;10912;10912;2008;Ene;1;2008-01-01;2008-01;cabotaje;comercial;SNA;SNA;SNA
1;vuelos_comerciales_cabotaje_SNA;vuelos;vuelos;10920;10920;2008;Feb;2;2008-02-01;2008-02;cabotaje;comercial;SNA;SNA;SNA
1;vuelos_comerciales_cabotaje_SNA;vuelos;vuelos;11437;11437;2008;Mar;3;2008-03-01;2008-03;cabotaje;comercial;SNA;SNA;SNA
1;vuelos_comerciales_cabotaje_SNA;vuelos;vuelos;11194;11194;2008;Abr;4;2008-04-01;2008-04;cabotaje;comercial;SNA;SNA;SNA
1;vuelos_comerciales_cabotaje_SNA;vuelos;vuelos;10391;10391;2008;May;5;2008-05-01;2008-05;cabotaje;comercial;SNA;SNA;SNA
1;vuelos_comerciales_cabotaje_SNA;vuelos;vuelos;10289;10289;2008;Jun;6;2008-06-01;2008-06;cabotaje;comercial;SNA;SNA;SNA
1;vuelos_comerciales_cabotaje_SNA;vuelos;vuelos;10841;10841;2008;Jul;7;2008-07-01;2008-07;cabotaje;comercial;SNA;SNA;SNA
1;vuelos_comerciales_cabotaje_SNA;vuelos;vuelos;11533;11533;2008;Ago;8;2008-08-01;2008-08;cabotaje;comercial;SNA;SNA;SNA
1;vuelos_comerciales_cabotaje_SNA;vuelos;vuelos;11065;11065;2008;Sep;9;2008-09-01;2008-09;cabotaje;comercial;SNA;SNA;SNA
1;vuelos_comerciales_cabotaje_SNA;vuelos;vuelos;11638;11638;2008;Oct;10;2008-10-01;2008-10;cabotaje;comercial;SNA;SNA;SNA
1;vuelos_comerciales_cabotaje_SNA;vuelos;vuelos;11209;11209;2008;Nov;11;2008-11-01;2008-11;cabotaje;comercial;SNA;SNA;SNA
1;vuelos_comerciales_cabotaje_SNA;vuelos;vuelos;11477;11477;2008;Dic;12;2008-12-01;2008-12;cabotaje;comercial;SNA;SNA;SNA
1;vuelos_comerciales_cabotaje_SNA;vuelos;vuelos;11172;11172;2009;Ene;1;2009-01-01;2009-01;cabotaje;comercial;SNA;SNA;SNA
1;vuelos_comerciales_cabotaje_SNA;vuelos;vuelos;10289;10289;2009;Feb;2;2009-02-01;2009-02;cabotaje;comercial;SNA;SNA;SNA
1;vuelos_comerciales_cabotaje_SNA;vuelos;vuelos;11913;11913;2009;Mar;3;2009-03-01;2009-03;cabotaje;comercial;SNA;SNA;SNA
1;vuelos_comerciales_cabotaje_SNA;vuelos;vuelos;11635;11635;2009;Abr;4;2009-04-01;2009-04;cabotaje;comercial;SNA;SNA;SNA
1;vuelos_comerciales_cabotaje_SNA;vuelos;vuelos;11388;11388;2009;May;5;2009-05-01;2009-05;cabotaje;comercial;SNA;SNA;SNA
1;vuelos_comerciales_cabotaje_SNA;vuelos;vuelos;11537;11537;2009;Jun;6;2009-06-01;2009-06;cabotaje;comercial;SNA;SNA;SNA
1;vuelos_comerciales_cabotaje_SNA;vuelos;vuelos;11699;11699;2009;Jul;7;2009-07-01;2009-07;cabotaje;comercial;SNA;SNA;SNA
1;vuelos_comerciales_cabotaje_SNA;vuelos;vuelos;12211;12211;2009;Ago;8;2009-08-01;2009-08;cabotaje;comercial;SNA;SNA;SNA
1;vuelos_comerciales_cabotaje_SNA;vuelos;vuelos;11562;11562;2009;Sep;9;2009-09-01;2009-09;cabotaje;comercial;SNA;SNA;SNA
1;vuelos_comerciales_cabotaje_SNA;vuelos;vuelos;11609;11609;2009;Oct;10;2009-10-01;2009-10;cabotaje;comercial;SNA;SNA;SNA
1;vuelos_comerciales_cabotaje_SNA;vuelos;vuelos;11188;11188;2009;Nov;11;2009-11-01;2009-11;cabotaje;comercial;SNA;SNA;SNA
1;vuelos_comerciales_cabotaje_SNA;vuelos;vuelos;11255;11255;2009;Dic;12;2009-12-01;2009-12;cabotaje;comercial;SNA;SNA;SNA
1;vuelos_comerciales_cabotaje_SNA;vuelos;vuelos;10837;10837;2010;Ene;1;2010-01-01;2010-01;cabotaje;comercial;SNA;SNA;SNA
1;vuelos_comerciales_cabotaje_SNA;vuelos;vuelos;10013;10013;2010;Feb;2;2010-02-01;2010-02;cabotaje;comercial;SNA;SNA;SNA
1;vuelos_comerciales_cabotaje_SNA;vuelos;vuelos;12180;12180;2010;Mar;3;2010-03-01;2010-03;cabotaje;comercial;SNA;SNA;SNA
1;vuelos_comerciales_cabotaje_SNA;vuelos;vuelos;11910;11910;2010;Abr;4;2010-04-01;2010-04;cabotaje;comercial;SNA;SNA;SNA
1;vuelos_comerciales_cabotaje_SNA;vuelos;vuelos;11277;11277;2010;May;5;2010-05-01;2010-05;cabotaje;comercial;SNA;SNA;SNA
1;vuelos_comerciales_cabotaje_SNA;vuelos;vuelos;10390;10390;2010;Jun;6;2010-06-01;2010-06;cabotaje;comercial;SNA;SNA;SNA
1;vuelos_comerciales_cabotaje_SNA;vuelos;vuelos;10857;10857;2010;Jul;7;2010-07-01;2010-07;cabotaje;comercial;SNA;SNA;SNA
1;vuelos_comerciales_cabotaje_SNA;vuelos;vuelos;11989;11989;2010;Ago;8;2010-08-01;2010-08;cabotaje;comercial;SNA;SNA;SNA
1;vuelos_comerciales_cabotaje_SNA;vuelos;vuelos;11399;11399;2010;Sep;9;2010-09-01;2010-09;cabotaje;comercial;SNA;SNA;SNA
1;vuelos_comerciales_cabotaje_SNA;vuelos;vuelos;12120;12120;2010;Oct;10;2010-10-01;2010-10;cabotaje;comercial;SNA;SNA;SNA
1;vuelos_comerciales_cabotaje_SNA;vuelos;vuelos;10954;10954;2010;Nov;11;2010-11-01;2010-11;cabotaje;comercial;SNA;SNA;SNA
1;vuelos_comerciales_cabotaje_SNA;vuelos;vuelos;12717;12717;2010;Dic;12;2010-12-01;2010-12;cabotaje;comercial;SNA;SNA;SNA
1;vuelos_comerciales_cabotaje_SNA;vuelos;vuelos;12233;12233;2011;Ene;1;2011-01-01;2011-01;cabotaje;comercial;SNA;SNA;SNA
1;vuelos_comerciales_cabotaje_SNA;vuelos;vuelos;11097;11097;2011;Feb;2;2011-02-01;2011-02;cabotaje;comercial;SNA;SNA;SNA
1;vuelos_comerciales_cabotaje_SNA;vuelos;vuelos;12434;12434;2011;Mar;3;2011-03-01;2011-03;cabotaje;comercial;SNA;SNA;SNA
1;vuelos_comerciales_cabotaje_SNA;vuelos;vuelos;11934;11934;2011;Abr;4;2011-04-01;2011-04;cabotaje;comercial;SNA;SNA;SNA
1;vuelos_comerciales_cabotaje_SNA;vuelos;vuelos;11747;11747;2011;May;5;2011-05-01;2011-05;cabotaje;comercial;SNA;SNA;SNA
1;vuelos_comerciales_cabotaje_SNA;vuelos;vuelos;6944;6944;2011;Jun;6;2011-06-01;2011-06;cabotaje;comercial;SNA;SNA;SNA
1;vuelos_comerciales_cabotaje_SNA;vuelos;vuelos;9115;9115;2011;Jul;7;2011-07-01;2011-07;cabotaje;comercial;SNA;SNA;SNA
1;vuelos_comerciales_cabotaje_SNA;vuelos;vuelos;10607;10607;2011;Ago;8;2011-08-01;2011-08;cabotaje;comercial;SNA;SNA;SNA
1;vuelos_comerciales_cabotaje_SNA;vuelos;vuelos;10546;10546;2011;Sep;9;2011-09-01;2011-09;cabotaje;comercial;SNA;SNA;SNA
1;vuelos_comerciales_cabotaje_SNA;vuelos;vuelos;11299;11299;2011;Oct;10;2011-10-01;2011-10;cabotaje;comercial;SNA;SNA;SNA
1;vuelos_comerciales_cabotaje_SNA;vuelos;vuelos;11310;11310;2011;Nov;11;2011-11-01;2011-11;cabotaje;comercial;SNA;SNA;SNA
1;vuelos_comerciales_cabotaje_SNA;vuelos;vuelos;12176;12176;2011;Dic;12;2011-12-01;2011-12;cabotaje;comercial;SNA;SNA;SNA
1;vuelos_comerciales_cabotaje_SNA;vuelos;vuelos;11369;11369;2012;Ene;1;2012-01-01;2012-01;cabotaje;comercial;SNA;SNA;SNA
1;vuelos_comerciales_cabotaje_SNA;vuelos;vuelos;10638;10638;2012;Feb;2;2012-02-01;2012-02;cabotaje;comercial;SNA;SNA;SNA
1;vuelos_comerciales_cabotaje_SNA;vuelos;vuelos;12036;12036;2012;Mar;3;2012-03-01;2012-03;cabotaje;comercial;SNA;SNA;SNA
1;vuelos_comerciales_cabotaje_SNA;vuelos;vuelos;10750;10750;2012;Abr;4;2012-04-01;2012-04;cabotaje;comercial;SNA;SNA;SNA
1;vuelos_comerciales_cabotaje_SNA;vuelos;vuelos;10896;10896;2012;May;5;2012-05-01;2012-05;cabotaje;comercial;SNA;SNA;SNA
1;vuelos_comerciales_cabotaje_SNA;vuelos;vuelos;10468;10468;2012;Jun;6;2012-06-01;2012-06;cabotaje;comercial;SNA;SNA;SNA
1;vuelos_comerciales_cabotaje_SNA;vuelos;vuelos;11332;11332;2012;Jul;7;2012-07-01;2012-07;cabotaje;comercial;SNA;SNA;SNA
1;vuelos_comerciales_cabotaje_SNA;vuelos;vuelos;11392;11392;2012;Ago;8;2012-08-01;2012-08;cabotaje;comercial;SNA;SNA;SNA
1;vuelos_comerciales_cabotaje_SNA;vuelos;vuelos;11789;11789;2012;Sep;9;2012-09-01;2012-09;cabotaje;comercial;SNA;SNA;SNA
1;vuelos_comerciales_cabotaje_SNA;vuelos;vuelos;12576;12576;2012;Oct;10;2012-10-01;2012-10;cabotaje;comercial;SNA;SNA;SNA
1;vuelos_comerciales_cabotaje_SNA;vuelos;vuelos;12624;12624;2012;Nov;11;2012-11-01;2012-11;cabotaje;comercial;SNA;SNA;SNA
1;vuelos_comerciales_cabotaje_SNA;vuelos;vuelos;11840;11840;2012;Dic;12;2012-12-01;2012-12;cabotaje;comercial;SNA;SNA;SNA
1;vuelos_comerciales_cabotaje_SNA;vuelos;vuelos;11765;11765;2013;Ene;1;2013-01-01;2013-01;cabotaje;comercial;SNA;SNA;SNA
1;vuelos_comerciales_cabotaje_SNA;vuelos;vuelos;10489;10489;2013;Feb;2;2013-02-01;2013-02;cabotaje;comercial;SNA;SNA;SNA
1;vuelos_comerciales_cabotaje_SNA;vuelos;vuelos;12471;12471;2013;Mar;3;2013-03-01;2013-03;cabotaje;comercial;SNA;SNA;SNA
1;vuelos_comerciales_cabotaje_SNA;vuelos;vuelos;12234;12234;2013;Abr;4;2013-04-01;2013-04;cabotaje;comercial;SNA;SNA;SNA
1;vuelos_comerciales_cabotaje_SNA;vuelos;vuelos;12197;12197;2013;May;5;2013-05-01;2013-05;cabotaje;comercial;SNA;SNA;SNA
1;vuelos_comerciales_cabotaje_SNA;vuelos;vuelos;11630;11630;2013;Jun;6;2013-06-01;2013-06;cabotaje;comercial;SNA;SNA;SNA
1;vuelos_comerciales_cabotaje_SNA;vuelos;vuelos;12164;12164;2013;Jul;7;2013-07-01;2013-07;cabotaje;comercial;SNA;SNA;SNA
1;vuelos_comerciales_cabotaje_SNA;vuelos;vuelos;12887;12887;2013;Ago;8;2013-08-01;2013-08;cabotaje;comercial;SNA;SNA;SNA
1;vuelos_comerciales_cabotaje_SNA;vuelos;vuelos;11767;11767;2013;Sep;9;2013-09-01;2013-09;cabotaje;comercial;SNA;SNA;SNA
1;vuelos_comerciales_cabotaje_SNA;vuelos;vuelos;13128;13128;2013;Oct;10;2013-10-01;2013-10;cabotaje;comercial;SNA;SNA;SNA
1;vuelos_comerciales_cabotaje_SNA;vuelos;vuelos;12155;12155;2013;Nov;11;2013-11-01;2013-11;cabotaje;comercial;SNA;SNA;SNA
1;vuelos_comerciales_cabotaje_SNA;vuelos;vuelos;12574;12574;2013;Dic;12;2013-12-01;2013-12;cabotaje;comercial;SNA;SNA;SNA
1;vuelos_comerciales_cabotaje_SNA;vuelos;vuelos;12102;12102;2014;Ene;1;2014-01-01;2014-01;cabotaje;comercial;SNA;SNA;SNA
1;vuelos_comerciales_cabotaje_SNA;vuelos;vuelos;10676;10676;2014;Feb;2;2014-02-01;2014-02;cabotaje;comercial;SNA;SNA;SNA
1;vuelos_comerciales_cabotaje_SNA;vuelos;vuelos;13264;13264;2014;Mar;3;2014-03-01;2014-03;cabotaje;comercial;SNA;SNA;SNA
1;vuelos_comerciales_cabotaje_SNA;vuelos;vuelos;12556;12556;2014;Abr;4;2014-04-01;2014-04;cabotaje;comercial;SNA;SNA;SNA
1;vuelos_comerciales_cabotaje_SNA;vuelos;vuelos;12605;12605;2014;May;5;2014-05-01;2014-05;cabotaje;comercial;SNA;SNA;SNA
1;vuelos_comerciales_cabotaje_SNA;vuelos;vuelos;11946;11946;2014;Jun;6;2014-06-01;2014-06;cabotaje;comercial;SNA;SNA;SNA
1;vuelos_comerciales_cabotaje_SNA;vuelos;vuelos;12658;12658;2014;Jul;7;2014-07-01;2014-07;cabotaje;comercial;SNA;SNA;SNA
1;vuelos_comerciales_cabotaje_SNA;vuelos;vuelos;13042;13042;2014;Ago;8;2014-08-01;2014-08;cabotaje;comercial;SNA;SNA;SNA
1;vuelos_comerciales_cabotaje_SNA;vuelos;vuelos;12880;12880;2014;Sep;9;2014-09-01;2014-09;cabotaje;comercial;SNA;SNA;SNA
1;vuelos_comerciales_cabotaje_SNA;vuelos;vuelos;13091;13091;2014;Oct;10;2014-10-01;2014-10;cabotaje;comercial;SNA;SNA;SNA
1;vuelos_comerciales_cabotaje_SNA;vuelos;vuelos;13158;13158;2014;Nov;11;2014-11-01;2014-11;cabotaje;comercial;SNA;SNA;SNA
1;vuelos_comerciales_cabotaje_SNA;vuelos;vuelos;13393;13393;2014;Dic;12;2014-12-01;2014-12;cabotaje;comercial;SNA;SNA;SNA
1;vuelos_comerciales_cabotaje_SNA;vuelos;vuelos;12628;12628;2015;Ene;1;2015-01-01;2015-01;cabotaje;comercial;SNA;SNA;SNA
1;vuelos_comerciales_cabotaje_SNA;vuelos;vuelos;11512;11512;2015;Feb;2;2015-02-01;2015-02;cabotaje;comercial;SNA;SNA;SNA
1;vuelos_comerciales_cabotaje_SNA;vuelos;vuelos;13045;13045;2015;Mar;3;2015-03-01;2015-03;cabotaje;comercial;SNA;SNA;SNA
1;vuelos_comerciales_cabotaje_SNA;vuelos;vuelos;12614;12614;2015;Abr;4;2015-04-01;2015-04;cabotaje;comercial;SNA;SNA;SNA
1;vuelos_comerciales_cabotaje_SNA;vuelos;vuelos;12413;12413;2015;May;5;2015-05-01;2015-05;cabotaje;comercial;SNA;SNA;SNA
1;vuelos_comerciales_cabotaje_SNA;vuelos;vuelos;11735;11735;2015;Jun;6;2015-06-01;2015-06;cabotaje;comercial;SNA;SNA;SNA
1;vuelos_comerciales_cabotaje_SNA;vuelos;vuelos;13950;13950;2015;Jul;7;2015-07-01;2015-07;cabotaje;comercial;SNA;SNA;SNA
1;vuelos_comerciales_cabotaje_SNA;vuelos;vuelos;13661;13661;2015;Ago;8;2015-08-01;2015-08;cabotaje;comercial;SNA;SNA;SNA
1;vuelos_comerciales_cabotaje_SNA;vuelos;vuelos;14012;14012;2015;Sep;9;2015-09-01;2015-09;cabotaje;comercial;SNA;SNA;SNA
1;vuelos_comerciales_cabotaje_SNA;vuelos;vuelos;14217;14217;2015;Oct;10;2015-10-01;2015-10;cabotaje;comercial;SNA;SNA;SNA
1;vuelos_comerciales_cabotaje_SNA;vuelos;vuelos;13928;13928;2015;Nov;11;2015-11-01;2015-11;cabotaje;comercial;SNA;SNA;SNA
1;vuelos_comerciales_cabotaje_SNA;vuelos;vuelos;13691;13691;2015;Dic;12;2015-12-01;2015-12;cabotaje;comercial;SNA;SNA;SNA
1;vuelos_comerciales_cabotaje_SNA;vuelos;vuelos;12757;12757;2016;Ene;1;2016-01-01;2016-01;cabotaje;comercial;SNA;SNA;SNA
1;vuelos_comerciales_cabotaje_SNA;vuelos;vuelos;11960;11960;2016;Feb;2;2016-02-01;2016-02;cabotaje;comercial;SNA;SNA;SNA
1;vuelos_comerciales_cabotaje_SNA;vuelos;vuelos;13264;13264;2016;Mar;3;2016-03-01;2016-03;cabotaje;comercial;SNA;SNA;SNA
1;vuelos_comerciales_cabotaje_SNA;vuelos;vuelos;11189;11189;2016;Abr;4;2016-04-01;2016-04;cabotaje;comercial;SNA;SNA;SNA
1;vuelos_comerciales_cabotaje_SNA;vuelos;vuelos;11230;11230;2016;May;5;2016-05-01;2016-05;cabotaje;comercial;SNA;SNA;SNA
1;vuelos_comerciales_cabotaje_SNA;vuelos;vuelos;10934;10934;2016;Jun;6;2016-06-01;2016-06;cabotaje;comercial;SNA;SNA;SNA
1;vuelos_comerciales_cabotaje_SNA;vuelos;vuelos;13057;13057;2016;Jul;7;2016-07-01;2016-07;cabotaje;comercial;SNA;SNA;SNA
1;vuelos_comerciales_cabotaje_SNA;vuelos;vuelos;14413;14413;2016;Ago;8;2016-08-01;2016-08;cabotaje;comercial;SNA;SNA;SNA
1;vuelos_comerciales_cabotaje_SNA;vuelos;vuelos;13629;13629;2016;Sep;9;2016-09-01;2016-09;cabotaje;comercial;SNA;SNA;SNA
1;vuelos_comerciales_cabotaje_SNA;vuelos;vuelos;13645;13645;2016;Oct;10;2016-10-01;2016-10;cabotaje;comercial;SNA;SNA;SNA
1;vuelos_comerciales_cabotaje_SNA;vuelos;vuelos;14430;14430;2016;Nov;11;2016-11-01;2016-11;cabotaje;comercial;SNA;SNA;SNA
1;vuelos_comerciales_cabotaje_SNA;vuelos;vuelos;14394;14394;2016;Dic;12;2016-12-01;2016-12;cabotaje;comercial;SNA;SNA;SNA
1;vuelos_comerciales_cabotaje_SNA;vuelos;vuelos;14227;14227;2017;Ene;1;2017-01-01;2017-01;cabotaje;comercial;SNA;SNA;SNA
1;vuelos_comerciales_cabotaje_SNA;vuelos;vuelos;12589;12589;2017;Feb;2;2017-02-01;2017-02;cabotaje;comercial;SNA;SNA;SNA
1;vuelos_comerciales_cabotaje_SNA;vuelos;vuelos;14750;14750;2017;Mar;3;2017-03-01;2017-03;cabotaje;comercial;SNA;SNA;SNA
1;vuelos_comerciales_cabotaje_SNA;vuelos;vuelos;13364;13364;2017;Abr;4;2017-04-01;2017-04;cabotaje;comercial;SNA;SNA;SNA
1;vuelos_comerciales_cabotaje_SNA;vuelos;vuelos;13609;13609;2017;May;5;2017-05-01;2017-05;cabotaje;comercial;SNA;SNA;SNA
1;vuelos_comerciales_cabotaje_SNA;vuelos;vuelos;13116;13116;2017;Jun;6;2017-06-01;2017-06;cabotaje;comercial;SNA;SNA;SNA
1;vuelos_comerciales_cabotaje_SNA;vuelos;vuelos;14943;14943;2017;Jul;7;2017-07-01;2017-07;cabotaje;comercial;SNA;SNA;SNA
1;vuelos_comerciales_cabotaje_SNA;vuelos;vuelos;15672;15672;2017;Ago;8;2017-08-01;2017-08;cabotaje;comercial;SNA;SNA;SNA
1;vuelos_comerciales_cabotaje_SNA;vuelos;vuelos;14877;14877;2017;Sep;9;2017-09-01;2017-09;cabotaje;comercial;SNA;SNA;SNA
1;vuelos_comerciales_cabotaje_SNA;vuelos;vuelos;15788;15788;2017;Oct;10;2017-10-01;2017-10;cabotaje;comercial;SNA;SNA;SNA
1;vuelos_comerciales_cabotaje_SNA;vuelos;vuelos;15236;15236;2017;Nov;11;2017-11-01;2017-11;cabotaje;comercial;SNA;SNA;SNA
1;vuelos_comerciales_cabotaje_SNA;vuelos;vuelos;14758;14758;2017;Dic;12;2017-12-01;2017-12;cabotaje;comercial;SNA;SNA;SNA
1;vuelos_comerciales_cabotaje_SNA;vuelos;vuelos;15017;15017;2018;Ene;1;2018-01-01;2018-01;cabotaje;comercial;SNA;SNA;SNA
1;vuelos_comerciales_cabotaje_SNA;vuelos;vuelos;13669;13669;2018;Feb;2;2018-02-01;2018-02;cabotaje;comercial;SNA;SNA;SNA
1;vuelos_comerciales_cabotaje_SNA;vuelos;vuelos;16256;16256;2018;Mar;3;2018-03-01;2018-03;cabotaje;comercial;SNA;SNA;SNA
1;vuelos_comerciales_cabotaje_SNA;vuelos;vuelos;13937;13937;2018;Abr;4;2018-04-01;2018-04;cabotaje;comercial;SNA;SNA;SNA
1;vuelos_comerciales_cabotaje_SNA;vuelos;vuelos;14127;14127;2018;May;5;2018-05-01;2018-05;cabotaje;comercial;SNA;SNA;SNA
1;vuelos_comerciales_cabotaje_SNA;vuelos;vuelos;13793;13793;2018;Jun;6;2018-06-01;2018-06;cabotaje;comercial;SNA;SNA;SNA
1;vuelos_comerciales_cabotaje_SNA;vuelos;vuelos;15564;15564;2018;Jul;7;2018-07-01;2018-07;cabotaje;comercial;SNA;SNA;SNA
1;vuelos_comerciales_cabotaje_SNA;vuelos;vuelos;16834;16834;2018;Ago;8;2018-08-01;2018-08;cabotaje;comercial;SNA;SNA;SNA
1;vuelos_comerciales_cabotaje_SNA;vuelos;vuelos;15031;15031;2018;Sep;9;2018-09-01;2018-09;cabotaje;comercial;SNA;SNA;SNA
1;vuelos_comerciales_cabotaje_SNA;vuelos;vuelos;16557;16557;2018;Oct;10;2018-10-01;2018-10;cabotaje;comercial;SNA;SNA;SNA
1;vuelos_comerciales_cabotaje_SNA;vuelos;vuelos;15244;15244;2018;Nov;11;2018-11-01;2018-11;cabotaje;comercial;SNA;SNA;SNA
1;vuelos_comerciales_cabotaje_SNA;vuelos;vuelos;15910;15910;2018;Dic;12;2018-12-01;2018-12;cabotaje;comercial;SNA;SNA;SNA
1;vuelos_comerciales_cabotaje_SNA;vuelos;vuelos;16027;16027;2019;Ene;1;2019-01-01;2019-01;cabotaje;comercial;SNA;SNA;SNA
1;vuelos_comerciales_cabotaje_SNA;vuelos;vuelos;14683;14683;2019;Feb;2;2019-02-01;2019-02;cabotaje;comercial;SNA;SNA;SNA
1;vuelos_comerciales_cabotaje_SNA;vuelos;vuelos;16001;16001;2019;Mar;3;2019-03-01;2019-03;cabotaje;comercial;SNA;SNA;SNA
1;vuelos_comerciales_cabotaje_SNA;vuelos;vuelos;14409;14409;2019;Abr;4;2019-04-01;2019-04;cabotaje;comercial;SNA;SNA;SNA
1;vuelos_comerciales_cabotaje_SNA;vuelos;vuelos;14774;14774;2019;May;5;2019-05-01;2019-05;cabotaje;comercial;SNA;SNA;SNA
1;vuelos_comerciales_cabotaje_SNA;vuelos;vuelos;13701;13701;2019;Jun;6;2019-06-01;2019-06;cabotaje;comercial;SNA;SNA;SNA
1;vuelos_comerciales_cabotaje_SNA;vuelos;vuelos;16370;16370;2019;Jul;7;2019-07-01;2019-07;cabotaje;comercial;SNA;SNA;SNA
1;vuelos_comerciales_cabotaje_SNA;vuelos;vuelos;16477;16477;2019;Ago;8;2019-08-01;2019-08;cabotaje;comercial;SNA;SNA;SNA
1;vuelos_comerciales_cabotaje_SNA;vuelos;vuelos;14955;14955;2019;Sep;9;2019-09-01;2019-09;cabotaje;comercial;SNA;SNA;SNA
1;vuelos_comerciales_cabotaje_SNA;vuelos;vuelos;15293;15293;2019;Oct;10;2019-10-01;2019-10;cabotaje;comercial;SNA;SNA;SNA
1;vuelos_comerciales_cabotaje_SNA;vuelos;vuelos;14626;14626;2019;Nov;11;2019-11-01;2019-11;cabotaje;comercial;SNA;SNA;SNA
1;vuelos_comerciales_cabotaje_SNA;vuelos;vuelos;14843;14843;2019;Dic;12;2019-12-01;2019-12;cabotaje;comercial;SNA;SNA;SNA
1;vuelos_comerciales_cabotaje_SNA;vuelos;vuelos;14748;14748;2020;Ene;1;2020-01-01;2020-01;cabotaje;comercial;SNA;SNA;SNA
1;vuelos_comerciales_cabotaje_SNA;vuelos;vuelos;13940;13940;2020;Feb;2;2020-02-01;2020-02;cabotaje;comercial;SNA;SNA;SNA
1;vuelos_comerciales_cabotaje_SNA;vuelos;vuelos;8645;8645;2020;Mar;3;2020-03-01;2020-03;cabotaje;comercial;SNA;SNA;SNA
1;vuelos_comerciales_cabotaje_SNA;vuelos;vuelos;729;729;2020;Abr;4;2020-04-01;2020-04;cabotaje;comercial;SNA;SNA;SNA
1;vuelos_comerciales_cabotaje_SNA;vuelos;vuelos;1092;1092;2020;May;5;2020-05-01;2020-05;cabotaje;comercial;SNA;SNA;SNA
1;vuelos_comerciales_cabotaje_SNA;vuelos;vuelos;1478;1478;2020;Jun;6;2020-06-01;2020-06;cabotaje;comercial;SNA;SNA;SNA
1;vuelos_comerciales_cabotaje_SNA;vuelos;vuelos;1581;1581;2020;Jul;7;2020-07-01;2020-07;cabotaje;comercial;SNA;SNA;SNA
1;vuelos_comerciales_cabotaje_SNA;vuelos;vuelos;1838;1838;2020;Ago;8;2020-08-01;2020-08;cabotaje;comercial;SNA;SNA;SNA
1;vuelos_comerciales_cabotaje_SNA;vuelos;vuelos;2349;2349;2020;Sep;9;2020-09-01;2020-09;cabotaje;comercial;SNA;SNA;SNA
1;vuelos_comerciales_cabotaje_SNA;vuelos;vuelos;2688;2688;2020;Oct;10;2020-10-01;2020-10;cabotaje;comercial;SNA;SNA;SNA
1;vuelos_comerciales_cabotaje_SNA;vuelos;vuelos;4071;4071;2020;Nov;11;2020-11-01;2020-11;cabotaje;comercial;SNA;SNA;SNA
1;vuelos_comerciales_cabotaje_SNA;vuelos;vuelos;5758;5758;2020;Dic;12;2020-12-01;2020-12;cabotaje;comercial;SNA;SNA;SNA
1;vuelos_comerciales_cabotaje_SNA;vuelos;vuelos;7188;7188;2021;Ene;1;2021-01-01;2021-01;cabotaje;comercial;SNA;SNA;SNA
1;vuelos_comerciales_cabotaje_SNA;vuelos;vuelos;7053;7053;2021;Feb;2;2021-02-01;2021-02;cabotaje;comercial;SNA;SNA;SNA
1;vuelos_comerciales_cabotaje_SNA;vuelos;vuelos;7885;7885;2021;Mar;3;2021-03-01;2021-03;cabotaje;comercial;SNA;SNA;SNA
1;vuelos_comerciales_cabotaje_SNA;vuelos;vuelos;7560;7560;2021;Abr;4;2021-04-01;2021-04;cabotaje;comercial;SNA;SNA;SNA
1;vuelos_comerciales_cabotaje_SNA;vuelos;vuelos;5734;5734;2021;May;5;2021-05-01;2021-05;cabotaje;comercial;SNA;SNA;SNA
1;vuelos_comerciales_cabotaje_SNA;vuelos;vuelos;5295;5295;2021;Jun;6;2021-06-01;2021-06;cabotaje;comercial;SNA;SNA;SNA
1;vuelos_comerciales_cabotaje_SNA;vuelos;vuelos;7816;7816;2021;Jul;7;2021-07-01;2021-07;cabotaje;comercial;SNA;SNA;SNA
1;vuelos_comerciales_cabotaje_SNA;vuelos;vuelos;8882;8882;2021;Ago;8;2021-08-01;2021-08;cabotaje;comercial;SNA;SNA;SNA
1;vuelos_comerciales_cabotaje_SNA;vuelos;vuelos;9061;9061;2021;Sep;9;2021-09-01;2021-09;cabotaje;comercial;SNA;SNA;SNA
1;vuelos_comerciales_cabotaje_SNA;vuelos;vuelos;10455;10455;2021;Oct;10;2021-10-01;2021-10;cabotaje;comercial;SNA;SNA;SNA
1;vuelos_comerciales_cabotaje_SNA;vuelos;vuelos;11253;11253;2021;Nov;11;2021-11-01;2021-11;cabotaje;comercial;SNA;SNA;SNA
1;vuelos_comerciales_cabotaje_SNA;vuelos;vuelos;11808;11808;2021;Dic;12;2021-12-01;2021-12;cabotaje;comercial;SNA;SNA;SNA
1;vuelos_comerciales_cabotaje_SNA;vuelos;vuelos;10453;10453;2022;Ene;1;2022-01-01;2022-01;cabotaje;comercial;SNA;SNA;SNA
1;vuelos_comerciales_cabotaje_SNA;vuelos;vuelos;10776;10776;2022;Feb;2;2022-02-01;2022-02;cabotaje;comercial;SNA;SNA;SNA
1;vuelos_comerciales_cabotaje_SNA;vuelos;vuelos;12318;12318;2022;Mar;3;2022-03-01;2022-03;cabotaje;comercial;SNA;SNA;SNA
1;vuelos_comerciales_cabotaje_SNA;vuelos;vuelos;12756;12756;2022;Abr;4;2022-04-01;2022-04;cabotaje;comercial;SNA;SNA;SNA
1;vuelos_comerciales_cabotaje_SNA;vuelos;vuelos;12533;12533;2022;May;5;2022-05-01;2022-05;cabotaje;comercial;SNA;SNA;SNA
1;vuelos_comerciales_cabotaje_SNA;vuelos;vuelos;11904;11904;2022;Jun;6;2022-06-01;2022-06;cabotaje;comercial;SNA;SNA;SNA
1;vuelos_comerciales_cabotaje_SNA;vuelos;vuelos;13447;13447;2022;Jul;7;2022-07-01;2022-07;cabotaje;comercial;SNA;SNA;SNA
1;vuelos_comerciales_cabotaje_SNA;vuelos;vuelos;14494;14494;2022;Ago;8;2022-08-01;2022-08;cabotaje;comercial;SNA;SNA;SNA
1;vuelos_comerciales_cabotaje_SNA;vuelos;vuelos;13538;13538;2022;Sep;9;2022-09-01;2022-09;cabotaje;comercial;SNA;SNA;SNA
1;vuelos_comerciales_cabotaje_SNA;vuelos;vuelos;14564;14564;2022;Oct;10;2022-10-01;2022-10;cabotaje;comercial;SNA;SNA;SNA
1;vuelos_comerciales_cabotaje_SNA;vuelos;vuelos;13933;13933;2022;Nov;11;2022-11-01;2022-11;cabotaje;comercial;SNA;SNA;SNA
1;vuelos_comerciales_cabotaje_SNA;vuelos;vuelos;14421;14421;2022;Dic;12;2022-12-01;2022-12;cabotaje;comercial;SNA;SNA;SNA
1;vuelos_comerciales_cabotaje_SNA;vuelos;vuelos;14903;14903;2023;Ene;1;2023-01-01;2023-01;cabotaje;comercial;SNA;SNA;SNA
1;vuelos_comerciales_cabotaje_SNA;vuelos;vuelos;13455;13455;2023;Feb;2;2023-02-01;2023-02;cabotaje;comercial;SNA;SNA;SNA
1;vuelos_comerciales_cabotaje_SNA;vuelos;vuelos;16126;16126;2023;Mar;3;2023-03-01;2023-03;cabotaje;comercial;SNA;SNA;SNA
1;vuelos_comerciales_cabotaje_SNA;vuelos;vuelos;15093;15093;2023;Abr;4;2023-04-01;2023-04;cabotaje;comercial;SNA;SNA;SNA
1;vuelos_comerciales_cabotaje_SNA;vuelos;vuelos;15283;15283;2023;May;5;2023-05-01;2023-05;cabotaje;comercial;SNA;SNA;SNA
1;vuelos_comerciales_cabotaje_SNA;vuelos;vuelos;15023;15023;2023;Jun;6;2023-06-01;2023-06;cabotaje;comercial;SNA;SNA;SNA
1;vuelos_comerciales_cabotaje_SNA;vuelos;vuelos;16149;16149;2023;Jul;7;2023-07-01;2023-07;cabotaje;comercial;SNA;SNA;SNA
1;vuelos_comerciales_cabotaje_SNA;vuelos;vuelos;16530;16530;2023;Ago;8;2023-08-01;2023-08;cabotaje;comercial;SNA;SNA;SNA
1;vuelos_comerciales_cabotaje_SNA;vuelos;vuelos;14891;14891;2023;Sep;9;2023-09-01;2023-09;cabotaje;comercial;SNA;SNA;SNA
1;vuelos_comerciales_cabotaje_SNA;vuelos;vuelos;16147;16147;2023;Oct;10;2023-10-01;2023-10;cabotaje;comercial;SNA;SNA;SNA
1;vuelos_comerciales_cabotaje_SNA;vuelos;vuelos;16002;16002;2023;Nov;11;2023-11-01;2023-11;cabotaje;comercial;SNA;SNA;SNA
1;vuelos_comerciales_cabotaje_SNA;vuelos;vuelos;16065;16065;2023;Dic;12;2023-12-01;2023-12;cabotaje;comercial;SNA;SNA;SNA
1;vuelos_comerciales_cabotaje_SNA;vuelos;vuelos;15320;15320;2024;Ene;1;2024-01-01;2024-01;cabotaje;comercial;SNA;SNA;SNA
1;vuelos_comerciales_cabotaje_SNA;vuelos;vuelos;13866;13866;2024;Feb;2;2024-02-01;2024-02;cabotaje;comercial;SNA;SNA;SNA
1;vuelos_comerciales_cabotaje_SNA;vuelos;vuelos;15274;15274;2024;Mar;3;2024-03-01;2024-03;cabotaje;comercial;SNA;SNA;SNA
1;vuelos_comerciales_cabotaje_SNA;vuelos;vuelos;13327;13327;2024;Abr;4;2024-04-01;2024-04;cabotaje;comercial;SNA;SNA;SNA
1;vuelos_comerciales_cabotaje_SNA;vuelos;vuelos;12566;12566;2024;May;5;2024-05-01;2024-05;cabotaje;comercial;SNA;SNA;SNA
1;vuelos_comerciales_cabotaje_SNA;vuelos;vuelos;12742;12742;2024;Jun;6;2024-06-01;2024-06;cabotaje;comercial;SNA;SNA;SNA
1;vuelos_comerciales_cabotaje_SNA;vuelos;vuelos;15416;15416;2024;Jul;7;2024-07-01;2024-07;cabotaje;comercial;SNA;SNA;SNA
1;vuelos_comerciales_cabotaje_SNA;vuelos;vuelos;15216;15216;2024;Ago;8;2024-08-01;2024-08;cabotaje;comercial;SNA;SNA;SNA
1;vuelos_comerciales_cabotaje_SNA;vuelos;vuelos;14324;14324;2024;Sep;9;2024-09-01;2024-09;cabotaje;comercial;SNA;SNA;SNA
1;vuelos_comerciales_cabotaje_SNA;vuelos;vuelos;14770;14770;2024;Oct;10;2024-10-01;2024-10;cabotaje;comercial;SNA;SNA;SNA
1;vuelos_comerciales_cabotaje_SNA;vuelos;vuelos;15102;15102;2024;Nov;11;2024-11-01;2024-11;cabotaje;comercial;SNA;SNA;SNA
1;vuelos_comerciales_cabotaje_SNA;vuelos;vuelos;16650;16650;2024;Dic;12;2024-12-01;2024-12;cabotaje;comercial;SNA;SNA;SNA
1;vuelos_comerciales_cabotaje_SNA;vuelos;vuelos;15345;15345;2025;Ene;1;2025-01-01;2025-01;cabotaje;comercial;SNA;SNA;SNA
1;vuelos_comerciales_cabotaje_SNA;vuelos;vuelos;13798;13798;2025;Feb;2;2025-02-01;2025-02;cabotaje;comercial;SNA;SNA;SNA
1;vuelos_comerciales_cabotaje_SNA;vuelos;vuelos;16065;16065;2025;Mar;3;2025-03-01;2025-03;cabotaje;comercial;SNA;SNA;SNA
1;vuelos_comerciales_cabotaje_SNA;vuelos;vuelos;14868;14868;2025;Abr;4;2025-04-01;2025-04;cabotaje;comercial;SNA;SNA;SNA
1;vuelos_comerciales_cabotaje_SNA;vuelos;vuelos;14137;14137;2025;May;5;2025-05-01;2025-05;cabotaje;comercial;SNA;SNA;SNA
1;vuelos_comerciales_cabotaje_SNA;vuelos;vuelos;13664;13664;2025;Jun;6;2025-06-01;2025-06;cabotaje;comercial;SNA;SNA;SNA
1;vuelos_comerciales_cabotaje_SNA;vuelos;vuelos;16125;16125;2025;Jul;7;2025-07-01;2025-07;cabotaje;comercial;SNA;SNA;SNA
1;vuelos_comerciales_cabotaje_SNA;vuelos;vuelos;15974;15974;2025;Ago;8;2025-08-01;2025-08;cabotaje;comercial;SNA;SNA;SNA
1;vuelos_comerciales_cabotaje_SNA;vuelos;vuelos;15435;15435;2025;Sep;9;2025-09-01;2025-09;cabotaje;comercial;SNA;SNA;SNA
1;vuelos_comerciales_cabotaje_SNA;vuelos;vuelos;15358;15358;2025;Oct;10;2025-10-01;2025-10;cabotaje;comercial;SNA;SNA;SNA
1;vuelos_comerciales_cabotaje_SNA;vuelos;vuelos;15397;15397;2025;Nov;11;2025-11-01;2025-11;cabotaje;comercial;SNA;SNA;SNA
1;vuelos_comerciales_cabotaje_SNA;vuelos;vuelos;16466;16466;2025;Dic;12;2025-12-01;2025-12;cabotaje;comercial;SNA;SNA;SNA
1;vuelos_comerciales_cabotaje_SNA;vuelos;vuelos;15575;15575;2026;Ene;1;2026-01-01;2026-01;cabotaje;comercial;SNA;SNA;SNA
1;vuelos_comerciales_cabotaje_SNA;vuelos;vuelos;13945;13945;2026;Feb;2;2026-02-01;2026-02;cabotaje;comercial;SNA;SNA;SNA
1;vuelos_comerciales_cabotaje_SNA;vuelos;vuelos;15509;15509;2026;Mar;3;2026-03-01;2026-03;cabotaje;comercial;SNA;SNA;SNA
1;vuelos_comerciales_cabotaje_SNA;vuelos;vuelos;13731;13731;2026;Abr;4;2026-04-01;2026-04;cabotaje;comercial;SNA;SNA;SNA
1;vuelos_comerciales_cabotaje_SNA;vuelos;vuelos;13135;13135;2026;May;5;2026-05-01;2026-05;cabotaje;comercial;SNA;SNA;SNA
1;vuelos_comerciales_cabotaje_SNA;vuelos;vuelos;11739;11739;2026;Jun;6;2026-06-01;2026-06;cabotaje;comercial;SNA;SNA;SNA
1;vuelos_comerciales_internacionales_SNA;vuelos;vuelos;9454;9454;2001;Ene;1;2001-01-01;2001-01;internacional;comercial;SNA;SNA;SNA
1;vuelos_comerciales_internacionales_SNA;vuelos;vuelos;7924;7924;2001;Feb;2;2001-02-01;2001-02;internacional;comercial;SNA;SNA;SNA
1;vuelos_comerciales_internacionales_SNA;vuelos;vuelos;7352;7352;2001;Mar;3;2001-03-01;2001-03;internacional;comercial;SNA;SNA;SNA
1;vuelos_comerciales_internacionales_SNA;vuelos;vuelos;6622;6622;2001;Abr;4;2001-04-01;2001-04;internacional;comercial;SNA;SNA;SNA
1;vuelos_comerciales_internacionales_SNA;vuelos;vuelos;5883;5883;2001;May;5;2001-05-01;2001-05;internacional;comercial;SNA;SNA;SNA
1;vuelos_comerciales_internacionales_SNA;vuelos;vuelos;5476;5476;2001;Jun;6;2001-06-01;2001-06;internacional;comercial;SNA;SNA;SNA
1;vuelos_comerciales_internacionales_SNA;vuelos;vuelos;5909;5909;2001;Jul;7;2001-07-01;2001-07;internacional;comercial;SNA;SNA;SNA
1;vuelos_comerciales_internacionales_SNA;vuelos;vuelos;5456;5456;2001;Ago;8;2001-08-01;2001-08;internacional;comercial;SNA;SNA;SNA
1;vuelos_comerciales_internacionales_SNA;vuelos;vuelos;5149;5149;2001;Sep;9;2001-09-01;2001-09;internacional;comercial;SNA;SNA;SNA
1;vuelos_comerciales_internacionales_SNA;vuelos;vuelos;5325;5325;2001;Oct;10;2001-10-01;2001-10;internacional;comercial;SNA;SNA;SNA
1;vuelos_comerciales_internacionales_SNA;vuelos;vuelos;6016;6016;2001;Nov;11;2001-11-01;2001-11;internacional;comercial;SNA;SNA;SNA
1;vuelos_comerciales_internacionales_SNA;vuelos;vuelos;6729;6729;2001;Dic;12;2001-12-01;2001-12;internacional;comercial;SNA;SNA;SNA
1;vuelos_comerciales_internacionales_SNA;vuelos;vuelos;7910;7910;2002;Ene;1;2002-01-01;2002-01;internacional;comercial;SNA;SNA;SNA
1;vuelos_comerciales_internacionales_SNA;vuelos;vuelos;6452;6452;2002;Feb;2;2002-02-01;2002-02;internacional;comercial;SNA;SNA;SNA
1;vuelos_comerciales_internacionales_SNA;vuelos;vuelos;6166;6166;2002;Mar;3;2002-03-01;2002-03;internacional;comercial;SNA;SNA;SNA
1;vuelos_comerciales_internacionales_SNA;vuelos;vuelos;5770;5770;2002;Abr;4;2002-04-01;2002-04;internacional;comercial;SNA;SNA;SNA
1;vuelos_comerciales_internacionales_SNA;vuelos;vuelos;5797;5797;2002;May;5;2002-05-01;2002-05;internacional;comercial;SNA;SNA;SNA
1;vuelos_comerciales_internacionales_SNA;vuelos;vuelos;5387;5387;2002;Jun;6;2002-06-01;2002-06;internacional;comercial;SNA;SNA;SNA
1;vuelos_comerciales_internacionales_SNA;vuelos;vuelos;5609;5609;2002;Jul;7;2002-07-01;2002-07;internacional;comercial;SNA;SNA;SNA
1;vuelos_comerciales_internacionales_SNA;vuelos;vuelos;5632;5632;2002;Ago;8;2002-08-01;2002-08;internacional;comercial;SNA;SNA;SNA
1;vuelos_comerciales_internacionales_SNA;vuelos;vuelos;5415;5415;2002;Sep;9;2002-09-01;2002-09;internacional;comercial;SNA;SNA;SNA
1;vuelos_comerciales_internacionales_SNA;vuelos;vuelos;5487;5487;2002;Oct;10;2002-10-01;2002-10;internacional;comercial;SNA;SNA;SNA
1;vuelos_comerciales_internacionales_SNA;vuelos;vuelos;5557;5557;2002;Nov;11;2002-11-01;2002-11;internacional;comercial;SNA;SNA;SNA
1;vuelos_comerciales_internacionales_SNA;vuelos;vuelos;6506;6506;2002;Dic;12;2002-12-01;2002-12;internacional;comercial;SNA;SNA;SNA
1;vuelos_comerciales_internacionales_SNA;vuelos;vuelos;7365;7365;2003;Ene;1;2003-01-01;2003-01;internacional;comercial;SNA;SNA;SNA
1;vuelos_comerciales_internacionales_SNA;vuelos;vuelos;6133;6133;2003;Feb;2;2003-02-01;2003-02;internacional;comercial;SNA;SNA;SNA
1;vuelos_comerciales_internacionales_SNA;vuelos;vuelos;6211;6211;2003;Mar;3;2003-03-01;2003-03;internacional;comercial;SNA;SNA;SNA
1;vuelos_comerciales_internacionales_SNA;vuelos;vuelos;5823;5823;2003;Abr;4;2003-04-01;2003-04;internacional;comercial;SNA;SNA;SNA
1;vuelos_comerciales_internacionales_SNA;vuelos;vuelos;5823;5823;2003;May;5;2003-05-01;2003-05;internacional;comercial;SNA;SNA;SNA
1;vuelos_comerciales_internacionales_SNA;vuelos;vuelos;5591;5591;2003;Jun;6;2003-06-01;2003-06;internacional;comercial;SNA;SNA;SNA
1;vuelos_comerciales_internacionales_SNA;vuelos;vuelos;6164;6164;2003;Jul;7;2003-07-01;2003-07;internacional;comercial;SNA;SNA;SNA
1;vuelos_comerciales_internacionales_SNA;vuelos;vuelos;6168;6168;2003;Ago;8;2003-08-01;2003-08;internacional;comercial;SNA;SNA;SNA
1;vuelos_comerciales_internacionales_SNA;vuelos;vuelos;5867;5867;2003;Sep;9;2003-09-01;2003-09;internacional;comercial;SNA;SNA;SNA
1;vuelos_comerciales_internacionales_SNA;vuelos;vuelos;6225;6225;2003;Oct;10;2003-10-01;2003-10;internacional;comercial;SNA;SNA;SNA
1;vuelos_comerciales_internacionales_SNA;vuelos;vuelos;6320;6320;2003;Nov;11;2003-11-01;2003-11;internacional;comercial;SNA;SNA;SNA
1;vuelos_comerciales_internacionales_SNA;vuelos;vuelos;7168;7168;2003;Dic;12;2003-12-01;2003-12;internacional;comercial;SNA;SNA;SNA
1;vuelos_comerciales_internacionales_SNA;vuelos;vuelos;8366;8366;2004;Ene;1;2004-01-01;2004-01;internacional;comercial;SNA;SNA;SNA
1;vuelos_comerciales_internacionales_SNA;vuelos;vuelos;7557;7557;2004;Feb;2;2004-02-01;2004-02;internacional;comercial;SNA;SNA;SNA
1;vuelos_comerciales_internacionales_SNA;vuelos;vuelos;7088;7088;2004;Mar;3;2004-03-01;2004-03;internacional;comercial;SNA;SNA;SNA
1;vuelos_comerciales_internacionales_SNA;vuelos;vuelos;6984;6984;2004;Abr;4;2004-04-01;2004-04;internacional;comercial;SNA;SNA;SNA
1;vuelos_comerciales_internacionales_SNA;vuelos;vuelos;6575;6575;2004;May;5;2004-05-01;2004-05;internacional;comercial;SNA;SNA;SNA
1;vuelos_comerciales_internacionales_SNA;vuelos;vuelos;6388;6388;2004;Jun;6;2004-06-01;2004-06;internacional;comercial;SNA;SNA;SNA
1;vuelos_comerciales_internacionales_SNA;vuelos;vuelos;6895;6895;2004;Jul;7;2004-07-01;2004-07;internacional;comercial;SNA;SNA;SNA
1;vuelos_comerciales_internacionales_SNA;vuelos;vuelos;6602;6602;2004;Ago;8;2004-08-01;2004-08;internacional;comercial;SNA;SNA;SNA
1;vuelos_comerciales_internacionales_SNA;vuelos;vuelos;6480;6480;2004;Sep;9;2004-09-01;2004-09;internacional;comercial;SNA;SNA;SNA
1;vuelos_comerciales_internacionales_SNA;vuelos;vuelos;6825;6825;2004;Oct;10;2004-10-01;2004-10;internacional;comercial;SNA;SNA;SNA
1;vuelos_comerciales_internacionales_SNA;vuelos;vuelos;6388;6388;2004;Nov;11;2004-11-01;2004-11;internacional;comercial;SNA;SNA;SNA
1;vuelos_comerciales_internacionales_SNA;vuelos;vuelos;7465;7465;2004;Dic;12;2004-12-01;2004-12;internacional;comercial;SNA;SNA;SNA
1;vuelos_comerciales_internacionales_SNA;vuelos;vuelos;8664;8664;2005;Ene;1;2005-01-01;2005-01;internacional;comercial;SNA;SNA;SNA
1;vuelos_comerciales_internacionales_SNA;vuelos;vuelos;7430;7430;2005;Feb;2;2005-02-01;2005-02;internacional;comercial;SNA;SNA;SNA
1;vuelos_comerciales_internacionales_SNA;vuelos;vuelos;7579;7579;2005;Mar;3;2005-03-01;2005-03;internacional;comercial;SNA;SNA;SNA
1;vuelos_comerciales_internacionales_SNA;vuelos;vuelos;6451;6451;2005;Abr;4;2005-04-01;2005-04;internacional;comercial;SNA;SNA;SNA
1;vuelos_comerciales_internacionales_SNA;vuelos;vuelos;6600;6600;2005;May;5;2005-05-01;2005-05;internacional;comercial;SNA;SNA;SNA
1;vuelos_comerciales_internacionales_SNA;vuelos;vuelos;6114;6114;2005;Jun;6;2005-06-01;2005-06;internacional;comercial;SNA;SNA;SNA
1;vuelos_comerciales_internacionales_SNA;vuelos;vuelos;6736;6736;2005;Jul;7;2005-07-01;2005-07;internacional;comercial;SNA;SNA;SNA
1;vuelos_comerciales_internacionales_SNA;vuelos;vuelos;6421;6421;2005;Ago;8;2005-08-01;2005-08;internacional;comercial;SNA;SNA;SNA
1;vuelos_comerciales_internacionales_SNA;vuelos;vuelos;6144;6144;2005;Sep;9;2005-09-01;2005-09;internacional;comercial;SNA;SNA;SNA
1;vuelos_comerciales_internacionales_SNA;vuelos;vuelos;6493;6493;2005;Oct;10;2005-10-01;2005-10;internacional;comercial;SNA;SNA;SNA
1;vuelos_comerciales_internacionales_SNA;vuelos;vuelos;6387;6387;2005;Nov;11;2005-11-01;2005-11;internacional;comercial;SNA;SNA;SNA
1;vuelos_comerciales_internacionales_SNA;vuelos;vuelos;7060;7060;2005;Dic;12;2005-12-01;2005-12;internacional;comercial;SNA;SNA;SNA
1;vuelos_comerciales_internacionales_SNA;vuelos;vuelos;8092;8092;2006;Ene;1;2006-01-01;2006-01;internacional;comercial;SNA;SNA;SNA
1;vuelos_comerciales_internacionales_SNA;vuelos;vuelos;6634;6634;2006;Feb;2;2006-02-01;2006-02;internacional;comercial;SNA;SNA;SNA
1;vuelos_comerciales_internacionales_SNA;vuelos;vuelos;6950;6950;2006;Mar;3;2006-03-01;2006-03;internacional;comercial;SNA;SNA;SNA
1;vuelos_comerciales_internacionales_SNA;vuelos;vuelos;6743;6743;2006;Abr;4;2006-04-01;2006-04;internacional;comercial;SNA;SNA;SNA
1;vuelos_comerciales_internacionales_SNA;vuelos;vuelos;6345;6345;2006;May;5;2006-05-01;2006-05;internacional;comercial;SNA;SNA;SNA
1;vuelos_comerciales_internacionales_SNA;vuelos;vuelos;6135;6135;2006;Jun;6;2006-06-01;2006-06;internacional;comercial;SNA;SNA;SNA
1;vuelos_comerciales_internacionales_SNA;vuelos;vuelos;6525;6525;2006;Jul;7;2006-07-01;2006-07;internacional;comercial;SNA;SNA;SNA
1;vuelos_comerciales_internacionales_SNA;vuelos;vuelos;6671;6671;2006;Ago;8;2006-08-01;2006-08;internacional;comercial;SNA;SNA;SNA
1;vuelos_comerciales_internacionales_SNA;vuelos;vuelos;6655;6655;2006;Sep;9;2006-09-01;2006-09;internacional;comercial;SNA;SNA;SNA
1;vuelos_comerciales_internacionales_SNA;vuelos;vuelos;7277;7277;2006;Oct;10;2006-10-01;2006-10;internacional;comercial;SNA;SNA;SNA
1;vuelos_comerciales_internacionales_SNA;vuelos;vuelos;7211;7211;2006;Nov;11;2006-11-01;2006-11;internacional;comercial;SNA;SNA;SNA
1;vuelos_comerciales_internacionales_SNA;vuelos;vuelos;8248;8248;2006;Dic;12;2006-12-01;2006-12;internacional;comercial;SNA;SNA;SNA
1;vuelos_comerciales_internacionales_SNA;vuelos;vuelos;9236;9236;2007;Ene;1;2007-01-01;2007-01;internacional;comercial;SNA;SNA;SNA
1;vuelos_comerciales_internacionales_SNA;vuelos;vuelos;7993;7993;2007;Feb;2;2007-02-01;2007-02;internacional;comercial;SNA;SNA;SNA
1;vuelos_comerciales_internacionales_SNA;vuelos;vuelos;7865;7865;2007;Mar;3;2007-03-01;2007-03;internacional;comercial;SNA;SNA;SNA
1;vuelos_comerciales_internacionales_SNA;vuelos;vuelos;7634;7634;2007;Abr;4;2007-04-01;2007-04;internacional;comercial;SNA;SNA;SNA
1;vuelos_comerciales_internacionales_SNA;vuelos;vuelos;7428;7428;2007;May;5;2007-05-01;2007-05;internacional;comercial;SNA;SNA;SNA
1;vuelos_comerciales_internacionales_SNA;vuelos;vuelos;6950;6950;2007;Jun;6;2007-06-01;2007-06;internacional;comercial;SNA;SNA;SNA
1;vuelos_comerciales_internacionales_SNA;vuelos;vuelos;7474;7474;2007;Jul;7;2007-07-01;2007-07;internacional;comercial;SNA;SNA;SNA
1;vuelos_comerciales_internacionales_SNA;vuelos;vuelos;7238;7238;2007;Ago;8;2007-08-01;2007-08;internacional;comercial;SNA;SNA;SNA
1;vuelos_comerciales_internacionales_SNA;vuelos;vuelos;6491;6491;2007;Sep;9;2007-09-01;2007-09;internacional;comercial;SNA;SNA;SNA
1;vuelos_comerciales_internacionales_SNA;vuelos;vuelos;7072;7072;2007;Oct;10;2007-10-01;2007-10;internacional;comercial;SNA;SNA;SNA
1;vuelos_comerciales_internacionales_SNA;vuelos;vuelos;7289;7289;2007;Nov;11;2007-11-01;2007-11;internacional;comercial;SNA;SNA;SNA
1;vuelos_comerciales_internacionales_SNA;vuelos;vuelos;8720;8720;2007;Dic;12;2007-12-01;2007-12;internacional;comercial;SNA;SNA;SNA
1;vuelos_comerciales_internacionales_SNA;vuelos;vuelos;9447;9447;2008;Ene;1;2008-01-01;2008-01;internacional;comercial;SNA;SNA;SNA
1;vuelos_comerciales_internacionales_SNA;vuelos;vuelos;8405;8405;2008;Feb;2;2008-02-01;2008-02;internacional;comercial;SNA;SNA;SNA
1;vuelos_comerciales_internacionales_SNA;vuelos;vuelos;8422;8422;2008;Mar;3;2008-03-01;2008-03;internacional;comercial;SNA;SNA;SNA
1;vuelos_comerciales_internacionales_SNA;vuelos;vuelos;7423;7423;2008;Abr;4;2008-04-01;2008-04;internacional;comercial;SNA;SNA;SNA
1;vuelos_comerciales_internacionales_SNA;vuelos;vuelos;7478;7478;2008;May;5;2008-05-01;2008-05;internacional;comercial;SNA;SNA;SNA
1;vuelos_comerciales_internacionales_SNA;vuelos;vuelos;7220;7220;2008;Jun;6;2008-06-01;2008-06;internacional;comercial;SNA;SNA;SNA
1;vuelos_comerciales_internacionales_SNA;vuelos;vuelos;7675;7675;2008;Jul;7;2008-07-01;2008-07;internacional;comercial;SNA;SNA;SNA
1;vuelos_comerciales_internacionales_SNA;vuelos;vuelos;7647;7647;2008;Ago;8;2008-08-01;2008-08;internacional;comercial;SNA;SNA;SNA
1;vuelos_comerciales_internacionales_SNA;vuelos;vuelos;7189;7189;2008;Sep;9;2008-09-01;2008-09;internacional;comercial;SNA;SNA;SNA
1;vuelos_comerciales_internacionales_SNA;vuelos;vuelos;7500;7500;2008;Oct;10;2008-10-01;2008-10;internacional;comercial;SNA;SNA;SNA
1;vuelos_comerciales_internacionales_SNA;vuelos;vuelos;7322;7322;2008;Nov;11;2008-11-01;2008-11;internacional;comercial;SNA;SNA;SNA
1;vuelos_comerciales_internacionales_SNA;vuelos;vuelos;8563;8563;2008;Dic;12;2008-12-01;2008-12;internacional;comercial;SNA;SNA;SNA
1;vuelos_comerciales_internacionales_SNA;vuelos;vuelos;9416;9416;2009;Ene;1;2009-01-01;2009-01;internacional;comercial;SNA;SNA;SNA
1;vuelos_comerciales_internacionales_SNA;vuelos;vuelos;7909;7909;2009;Feb;2;2009-02-01;2009-02;internacional;comercial;SNA;SNA;SNA
1;vuelos_comerciales_internacionales_SNA;vuelos;vuelos;7743;7743;2009;Mar;3;2009-03-01;2009-03;internacional;comercial;SNA;SNA;SNA
1;vuelos_comerciales_internacionales_SNA;vuelos;vuelos;7568;7568;2009;Abr;4;2009-04-01;2009-04;internacional;comercial;SNA;SNA;SNA
1;vuelos_comerciales_internacionales_SNA;vuelos;vuelos;6926;6926;2009;May;5;2009-05-01;2009-05;internacional;comercial;SNA;SNA;SNA
1;vuelos_comerciales_internacionales_SNA;vuelos;vuelos;6680;6680;2009;Jun;6;2009-06-01;2009-06;internacional;comercial;SNA;SNA;SNA
1;vuelos_comerciales_internacionales_SNA;vuelos;vuelos;7187;7187;2009;Jul;7;2009-07-01;2009-07;internacional;comercial;SNA;SNA;SNA
1;vuelos_comerciales_internacionales_SNA;vuelos;vuelos;7109;7109;2009;Ago;8;2009-08-01;2009-08;internacional;comercial;SNA;SNA;SNA
1;vuelos_comerciales_internacionales_SNA;vuelos;vuelos;6719;6719;2009;Sep;9;2009-09-01;2009-09;internacional;comercial;SNA;SNA;SNA
1;vuelos_comerciales_internacionales_SNA;vuelos;vuelos;7485;7485;2009;Oct;10;2009-10-01;2009-10;internacional;comercial;SNA;SNA;SNA
1;vuelos_comerciales_internacionales_SNA;vuelos;vuelos;7391;7391;2009;Nov;11;2009-11-01;2009-11;internacional;comercial;SNA;SNA;SNA
1;vuelos_comerciales_internacionales_SNA;vuelos;vuelos;8403;8403;2009;Dic;12;2009-12-01;2009-12;internacional;comercial;SNA;SNA;SNA
1;vuelos_comerciales_internacionales_SNA;vuelos;vuelos;9247;9247;2010;Ene;1;2010-01-01;2010-01;internacional;comercial;SNA;SNA;SNA
1;vuelos_comerciales_internacionales_SNA;vuelos;vuelos;8136;8136;2010;Feb;2;2010-02-01;2010-02;internacional;comercial;SNA;SNA;SNA
1;vuelos_comerciales_internacionales_SNA;vuelos;vuelos;8297;8297;2010;Mar;3;2010-03-01;2010-03;internacional;comercial;SNA;SNA;SNA
1;vuelos_comerciales_internacionales_SNA;vuelos;vuelos;7882;7882;2010;Abr;4;2010-04-01;2010-04;internacional;comercial;SNA;SNA;SNA
1;vuelos_comerciales_internacionales_SNA;vuelos;vuelos;7997;7997;2010;May;5;2010-05-01;2010-05;internacional;comercial;SNA;SNA;SNA
1;vuelos_comerciales_internacionales_SNA;vuelos;vuelos;7686;7686;2010;Jun;6;2010-06-01;2010-06;internacional;comercial;SNA;SNA;SNA
1;vuelos_comerciales_internacionales_SNA;vuelos;vuelos;8205;8205;2010;Jul;7;2010-07-01;2010-07;internacional;comercial;SNA;SNA;SNA
1;vuelos_comerciales_internacionales_SNA;vuelos;vuelos;8133;8133;2010;Ago;8;2010-08-01;2010-08;internacional;comercial;SNA;SNA;SNA
1;vuelos_comerciales_internacionales_SNA;vuelos;vuelos;8046;8046;2010;Sep;9;2010-09-01;2010-09;internacional;comercial;SNA;SNA;SNA
1;vuelos_comerciales_internacionales_SNA;vuelos;vuelos;8229;8229;2010;Oct;10;2010-10-01;2010-10;internacional;comercial;SNA;SNA;SNA
1;vuelos_comerciales_internacionales_SNA;vuelos;vuelos;7903;7903;2010;Nov;11;2010-11-01;2010-11;internacional;comercial;SNA;SNA;SNA
1;vuelos_comerciales_internacionales_SNA;vuelos;vuelos;9298;9298;2010;Dic;12;2010-12-01;2010-12;internacional;comercial;SNA;SNA;SNA
1;vuelos_comerciales_internacionales_SNA;vuelos;vuelos;10947;10947;2011;Ene;1;2011-01-01;2011-01;internacional;comercial;SNA;SNA;SNA
1;vuelos_comerciales_internacionales_SNA;vuelos;vuelos;9367;9367;2011;Feb;2;2011-02-01;2011-02;internacional;comercial;SNA;SNA;SNA
1;vuelos_comerciales_internacionales_SNA;vuelos;vuelos;9625;9625;2011;Mar;3;2011-03-01;2011-03;internacional;comercial;SNA;SNA;SNA
1;vuelos_comerciales_internacionales_SNA;vuelos;vuelos;8770;8770;2011;Abr;4;2011-04-01;2011-04;internacional;comercial;SNA;SNA;SNA
1;vuelos_comerciales_internacionales_SNA;vuelos;vuelos;8386;8386;2011;May;5;2011-05-01;2011-05;internacional;comercial;SNA;SNA;SNA
1;vuelos_comerciales_internacionales_SNA;vuelos;vuelos;6986;6986;2011;Jun;6;2011-06-01;2011-06;internacional;comercial;SNA;SNA;SNA
1;vuelos_comerciales_internacionales_SNA;vuelos;vuelos;8610;8610;2011;Jul;7;2011-07-01;2011-07;internacional;comercial;SNA;SNA;SNA
1;vuelos_comerciales_internacionales_SNA;vuelos;vuelos;8690;8690;2011;Ago;8;2011-08-01;2011-08;internacional;comercial;SNA;SNA;SNA
1;vuelos_comerciales_internacionales_SNA;vuelos;vuelos;8393;8393;2011;Sep;9;2011-09-01;2011-09;internacional;comercial;SNA;SNA;SNA
1;vuelos_comerciales_internacionales_SNA;vuelos;vuelos;8501;8501;2011;Oct;10;2011-10-01;2011-10;internacional;comercial;SNA;SNA;SNA
1;vuelos_comerciales_internacionales_SNA;vuelos;vuelos;8657;8657;2011;Nov;11;2011-11-01;2011-11;internacional;comercial;SNA;SNA;SNA
1;vuelos_comerciales_internacionales_SNA;vuelos;vuelos;10123;10123;2011;Dic;12;2011-12-01;2011-12;internacional;comercial;SNA;SNA;SNA
1;vuelos_comerciales_internacionales_SNA;vuelos;vuelos;11379;11379;2012;Ene;1;2012-01-01;2012-01;internacional;comercial;SNA;SNA;SNA
1;vuelos_comerciales_internacionales_SNA;vuelos;vuelos;10390;10390;2012;Feb;2;2012-02-01;2012-02;internacional;comercial;SNA;SNA;SNA
1;vuelos_comerciales_internacionales_SNA;vuelos;vuelos;9926;9926;2012;Mar;3;2012-03-01;2012-03;internacional;comercial;SNA;SNA;SNA
1;vuelos_comerciales_internacionales_SNA;vuelos;vuelos;8906;8906;2012;Abr;4;2012-04-01;2012-04;internacional;comercial;SNA;SNA;SNA
1;vuelos_comerciales_internacionales_SNA;vuelos;vuelos;8594;8594;2012;May;5;2012-05-01;2012-05;internacional;comercial;SNA;SNA;SNA
1;vuelos_comerciales_internacionales_SNA;vuelos;vuelos;7998;7998;2012;Jun;6;2012-06-01;2012-06;internacional;comercial;SNA;SNA;SNA
1;vuelos_comerciales_internacionales_SNA;vuelos;vuelos;7952;7952;2012;Jul;7;2012-07-01;2012-07;internacional;comercial;SNA;SNA;SNA
1;vuelos_comerciales_internacionales_SNA;vuelos;vuelos;7899;7899;2012;Ago;8;2012-08-01;2012-08;internacional;comercial;SNA;SNA;SNA
1;vuelos_comerciales_internacionales_SNA;vuelos;vuelos;7929;7929;2012;Sep;9;2012-09-01;2012-09;internacional;comercial;SNA;SNA;SNA
1;vuelos_comerciales_internacionales_SNA;vuelos;vuelos;8292;8292;2012;Oct;10;2012-10-01;2012-10;internacional;comercial;SNA;SNA;SNA
1;vuelos_comerciales_internacionales_SNA;vuelos;vuelos;8386;8386;2012;Nov;11;2012-11-01;2012-11;internacional;comercial;SNA;SNA;SNA
1;vuelos_comerciales_internacionales_SNA;vuelos;vuelos;9053;9053;2012;Dic;12;2012-12-01;2012-12;internacional;comercial;SNA;SNA;SNA
1;vuelos_comerciales_internacionales_SNA;vuelos;vuelos;10422;10422;2013;Ene;1;2013-01-01;2013-01;internacional;comercial;SNA;SNA;SNA
1;vuelos_comerciales_internacionales_SNA;vuelos;vuelos;8851;8851;2013;Feb;2;2013-02-01;2013-02;internacional;comercial;SNA;SNA;SNA
1;vuelos_comerciales_internacionales_SNA;vuelos;vuelos;9071;9071;2013;Mar;3;2013-03-01;2013-03;internacional;comercial;SNA;SNA;SNA
1;vuelos_comerciales_internacionales_SNA;vuelos;vuelos;8278;8278;2013;Abr;4;2013-04-01;2013-04;internacional;comercial;SNA;SNA;SNA
1;vuelos_comerciales_internacionales_SNA;vuelos;vuelos;7809;7809;2013;May;5;2013-05-01;2013-05;internacional;comercial;SNA;SNA;SNA
1;vuelos_comerciales_internacionales_SNA;vuelos;vuelos;8000;8000;2013;Jun;6;2013-06-01;2013-06;internacional;comercial;SNA;SNA;SNA
1;vuelos_comerciales_internacionales_SNA;vuelos;vuelos;8475;8475;2013;Jul;7;2013-07-01;2013-07;internacional;comercial;SNA;SNA;SNA
1;vuelos_comerciales_internacionales_SNA;vuelos;vuelos;8344;8344;2013;Ago;8;2013-08-01;2013-08;internacional;comercial;SNA;SNA;SNA
1;vuelos_comerciales_internacionales_SNA;vuelos;vuelos;7932;7932;2013;Sep;9;2013-09-01;2013-09;internacional;comercial;SNA;SNA;SNA
1;vuelos_comerciales_internacionales_SNA;vuelos;vuelos;8506;8506;2013;Oct;10;2013-10-01;2013-10;internacional;comercial;SNA;SNA;SNA
1;vuelos_comerciales_internacionales_SNA;vuelos;vuelos;8439;8439;2013;Nov;11;2013-11-01;2013-11;internacional;comercial;SNA;SNA;SNA
1;vuelos_comerciales_internacionales_SNA;vuelos;vuelos;9255;9255;2013;Dic;12;2013-12-01;2013-12;internacional;comercial;SNA;SNA;SNA
1;vuelos_comerciales_internacionales_SNA;vuelos;vuelos;10191;10191;2014;Ene;1;2014-01-01;2014-01;internacional;comercial;SNA;SNA;SNA
1;vuelos_comerciales_internacionales_SNA;vuelos;vuelos;8555;8555;2014;Feb;2;2014-02-01;2014-02;internacional;comercial;SNA;SNA;SNA
1;vuelos_comerciales_internacionales_SNA;vuelos;vuelos;9056;9056;2014;Mar;3;2014-03-01;2014-03;internacional;comercial;SNA;SNA;SNA
1;vuelos_comerciales_internacionales_SNA;vuelos;vuelos;8401;8401;2014;Abr;4;2014-04-01;2014-04;internacional;comercial;SNA;SNA;SNA
1;vuelos_comerciales_internacionales_SNA;vuelos;vuelos;8191;8191;2014;May;5;2014-05-01;2014-05;internacional;comercial;SNA;SNA;SNA
1;vuelos_comerciales_internacionales_SNA;vuelos;vuelos;8356;8356;2014;Jun;6;2014-06-01;2014-06;internacional;comercial;SNA;SNA;SNA
1;vuelos_comerciales_internacionales_SNA;vuelos;vuelos;8715;8715;2014;Jul;7;2014-07-01;2014-07;internacional;comercial;SNA;SNA;SNA
1;vuelos_comerciales_internacionales_SNA;vuelos;vuelos;8189;8189;2014;Ago;8;2014-08-01;2014-08;internacional;comercial;SNA;SNA;SNA
1;vuelos_comerciales_internacionales_SNA;vuelos;vuelos;7810;7810;2014;Sep;9;2014-09-01;2014-09;internacional;comercial;SNA;SNA;SNA
1;vuelos_comerciales_internacionales_SNA;vuelos;vuelos;8546;8546;2014;Oct;10;2014-10-01;2014-10;internacional;comercial;SNA;SNA;SNA
1;vuelos_comerciales_internacionales_SNA;vuelos;vuelos;8307;8307;2014;Nov;11;2014-11-01;2014-11;internacional;comercial;SNA;SNA;SNA
1;vuelos_comerciales_internacionales_SNA;vuelos;vuelos;9694;9694;2014;Dic;12;2014-12-01;2014-12;internacional;comercial;SNA;SNA;SNA
1;vuelos_comerciales_internacionales_SNA;vuelos;vuelos;9665;9665;2015;Ene;1;2015-01-01;2015-01;internacional;comercial;SNA;SNA;SNA
1;vuelos_comerciales_internacionales_SNA;vuelos;vuelos;8404;8404;2015;Feb;2;2015-02-01;2015-02;internacional;comercial;SNA;SNA;SNA
1;vuelos_comerciales_internacionales_SNA;vuelos;vuelos;8487;8487;2015;Mar;3;2015-03-01;2015-03;internacional;comercial;SNA;SNA;SNA
1;vuelos_comerciales_internacionales_SNA;vuelos;vuelos;7947;7947;2015;Abr;4;2015-04-01;2015-04;internacional;comercial;SNA;SNA;SNA
1;vuelos_comerciales_internacionales_SNA;vuelos;vuelos;7933;7933;2015;May;5;2015-05-01;2015-05;internacional;comercial;SNA;SNA;SNA
1;vuelos_comerciales_internacionales_SNA;vuelos;vuelos;7473;7473;2015;Jun;6;2015-06-01;2015-06;internacional;comercial;SNA;SNA;SNA
1;vuelos_comerciales_internacionales_SNA;vuelos;vuelos;8209;8209;2015;Jul;7;2015-07-01;2015-07;internacional;comercial;SNA;SNA;SNA
1;vuelos_comerciales_internacionales_SNA;vuelos;vuelos;8009;8009;2015;Ago;8;2015-08-01;2015-08;internacional;comercial;SNA;SNA;SNA
1;vuelos_comerciales_internacionales_SNA;vuelos;vuelos;7777;7777;2015;Sep;9;2015-09-01;2015-09;internacional;comercial;SNA;SNA;SNA
1;vuelos_comerciales_internacionales_SNA;vuelos;vuelos;8190;8190;2015;Oct;10;2015-10-01;2015-10;internacional;comercial;SNA;SNA;SNA
1;vuelos_comerciales_internacionales_SNA;vuelos;vuelos;8051;8051;2015;Nov;11;2015-11-01;2015-11;internacional;comercial;SNA;SNA;SNA
1;vuelos_comerciales_internacionales_SNA;vuelos;vuelos;9197;9197;2015;Dic;12;2015-12-01;2015-12;internacional;comercial;SNA;SNA;SNA
1;vuelos_comerciales_internacionales_SNA;vuelos;vuelos;9839;9839;2016;Ene;1;2016-01-01;2016-01;internacional;comercial;SNA;SNA;SNA
1;vuelos_comerciales_internacionales_SNA;vuelos;vuelos;8736;8736;2016;Feb;2;2016-02-01;2016-02;internacional;comercial;SNA;SNA;SNA
1;vuelos_comerciales_internacionales_SNA;vuelos;vuelos;8855;8855;2016;Mar;3;2016-03-01;2016-03;internacional;comercial;SNA;SNA;SNA
1;vuelos_comerciales_internacionales_SNA;vuelos;vuelos;7743;7743;2016;Abr;4;2016-04-01;2016-04;internacional;comercial;SNA;SNA;SNA
1;vuelos_comerciales_internacionales_SNA;vuelos;vuelos;8031;8031;2016;May;5;2016-05-01;2016-05;internacional;comercial;SNA;SNA;SNA
1;vuelos_comerciales_internacionales_SNA;vuelos;vuelos;7710;7710;2016;Jun;6;2016-06-01;2016-06;internacional;comercial;SNA;SNA;SNA
1;vuelos_comerciales_internacionales_SNA;vuelos;vuelos;8046;8046;2016;Jul;7;2016-07-01;2016-07;internacional;comercial;SNA;SNA;SNA
1;vuelos_comerciales_internacionales_SNA;vuelos;vuelos;8269;8269;2016;Ago;8;2016-08-01;2016-08;internacional;comercial;SNA;SNA;SNA
1;vuelos_comerciales_internacionales_SNA;vuelos;vuelos;7832;7832;2016;Sep;9;2016-09-01;2016-09;internacional;comercial;SNA;SNA;SNA
1;vuelos_comerciales_internacionales_SNA;vuelos;vuelos;8353;8353;2016;Oct;10;2016-10-01;2016-10;internacional;comercial;SNA;SNA;SNA
1;vuelos_comerciales_internacionales_SNA;vuelos;vuelos;8360;8360;2016;Nov;11;2016-11-01;2016-11;internacional;comercial;SNA;SNA;SNA
1;vuelos_comerciales_internacionales_SNA;vuelos;vuelos;9667;9667;2016;Dic;12;2016-12-01;2016-12;internacional;comercial;SNA;SNA;SNA
1;vuelos_comerciales_internacionales_SNA;vuelos;vuelos;10486;10486;2017;Ene;1;2017-01-01;2017-01;internacional;comercial;SNA;SNA;SNA
1;vuelos_comerciales_internacionales_SNA;vuelos;vuelos;8991;8991;2017;Feb;2;2017-02-01;2017-02;internacional;comercial;SNA;SNA;SNA
1;vuelos_comerciales_internacionales_SNA;vuelos;vuelos;9078;9078;2017;Mar;3;2017-03-01;2017-03;internacional;comercial;SNA;SNA;SNA
1;vuelos_comerciales_internacionales_SNA;vuelos;vuelos;8337;8337;2017;Abr;4;2017-04-01;2017-04;internacional;comercial;SNA;SNA;SNA
1;vuelos_comerciales_internacionales_SNA;vuelos;vuelos;8472;8472;2017;May;5;2017-05-01;2017-05;internacional;comercial;SNA;SNA;SNA
1;vuelos_comerciales_internacionales_SNA;vuelos;vuelos;8135;8135;2017;Jun;6;2017-06-01;2017-06;internacional;comercial;SNA;SNA;SNA
1;vuelos_comerciales_internacionales_SNA;vuelos;vuelos;9174;9174;2017;Jul;7;2017-07-01;2017-07;internacional;comercial;SNA;SNA;SNA
1;vuelos_comerciales_internacionales_SNA;vuelos;vuelos;9130;9130;2017;Ago;8;2017-08-01;2017-08;internacional;comercial;SNA;SNA;SNA
1;vuelos_comerciales_internacionales_SNA;vuelos;vuelos;8842;8842;2017;Sep;9;2017-09-01;2017-09;internacional;comercial;SNA;SNA;SNA
1;vuelos_comerciales_internacionales_SNA;vuelos;vuelos;9630;9630;2017;Oct;10;2017-10-01;2017-10;internacional;comercial;SNA;SNA;SNA
1;vuelos_comerciales_internacionales_SNA;vuelos;vuelos;9620;9620;2017;Nov;11;2017-11-01;2017-11;internacional;comercial;SNA;SNA;SNA
1;vuelos_comerciales_internacionales_SNA;vuelos;vuelos;10599;10599;2017;Dic;12;2017-12-01;2017-12;internacional;comercial;SNA;SNA;SNA
1;vuelos_comerciales_internacionales_SNA;vuelos;vuelos;12277;12277;2018;Ene;1;2018-01-01;2018-01;internacional;comercial;SNA;SNA;SNA
1;vuelos_comerciales_internacionales_SNA;vuelos;vuelos;10292;10292;2018;Feb;2;2018-02-01;2018-02;internacional;comercial;SNA;SNA;SNA
1;vuelos_comerciales_internacionales_SNA;vuelos;vuelos;10275;10275;2018;Mar;3;2018-03-01;2018-03;internacional;comercial;SNA;SNA;SNA
1;vuelos_comerciales_internacionales_SNA;vuelos;vuelos;9493;9493;2018;Abr;4;2018-04-01;2018-04;internacional;comercial;SNA;SNA;SNA
1;vuelos_comerciales_internacionales_SNA;vuelos;vuelos;9321;9321;2018;May;5;2018-05-01;2018-05;internacional;comercial;SNA;SNA;SNA
1;vuelos_comerciales_internacionales_SNA;vuelos;vuelos;8385;8385;2018;Jun;6;2018-06-01;2018-06;internacional;comercial;SNA;SNA;SNA
1;vuelos_comerciales_internacionales_SNA;vuelos;vuelos;9583;9583;2018;Jul;7;2018-07-01;2018-07;internacional;comercial;SNA;SNA;SNA
1;vuelos_comerciales_internacionales_SNA;vuelos;vuelos;9410;9410;2018;Ago;8;2018-08-01;2018-08;internacional;comercial;SNA;SNA;SNA
1;vuelos_comerciales_internacionales_SNA;vuelos;vuelos;8664;8664;2018;Sep;9;2018-09-01;2018-09;internacional;comercial;SNA;SNA;SNA
1;vuelos_comerciales_internacionales_SNA;vuelos;vuelos;9311;9311;2018;Oct;10;2018-10-01;2018-10;internacional;comercial;SNA;SNA;SNA
1;vuelos_comerciales_internacionales_SNA;vuelos;vuelos;9007;9007;2018;Nov;11;2018-11-01;2018-11;internacional;comercial;SNA;SNA;SNA
1;vuelos_comerciales_internacionales_SNA;vuelos;vuelos;10536;10536;2018;Dic;12;2018-12-01;2018-12;internacional;comercial;SNA;SNA;SNA
1;vuelos_comerciales_internacionales_SNA;vuelos;vuelos;11773;11773;2019;Ene;1;2019-01-01;2019-01;internacional;comercial;SNA;SNA;SNA
1;vuelos_comerciales_internacionales_SNA;vuelos;vuelos;9715;9715;2019;Feb;2;2019-02-01;2019-02;internacional;comercial;SNA;SNA;SNA
1;vuelos_comerciales_internacionales_SNA;vuelos;vuelos;9765;9765;2019;Mar;3;2019-03-01;2019-03;internacional;comercial;SNA;SNA;SNA
1;vuelos_comerciales_internacionales_SNA;vuelos;vuelos;8420;8420;2019;Abr;4;2019-04-01;2019-04;internacional;comercial;SNA;SNA;SNA
1;vuelos_comerciales_internacionales_SNA;vuelos;vuelos;8070;8070;2019;May;5;2019-05-01;2019-05;internacional;comercial;SNA;SNA;SNA
1;vuelos_comerciales_internacionales_SNA;vuelos;vuelos;7869;7869;2019;Jun;6;2019-06-01;2019-06;internacional;comercial;SNA;SNA;SNA
1;vuelos_comerciales_internacionales_SNA;vuelos;vuelos;8832;8832;2019;Jul;7;2019-07-01;2019-07;internacional;comercial;SNA;SNA;SNA
1;vuelos_comerciales_internacionales_SNA;vuelos;vuelos;8550;8550;2019;Ago;8;2019-08-01;2019-08;internacional;comercial;SNA;SNA;SNA
1;vuelos_comerciales_internacionales_SNA;vuelos;vuelos;8122;8122;2019;Sep;9;2019-09-01;2019-09;internacional;comercial;SNA;SNA;SNA
1;vuelos_comerciales_internacionales_SNA;vuelos;vuelos;8367;8367;2019;Oct;10;2019-10-01;2019-10;internacional;comercial;SNA;SNA;SNA
1;vuelos_comerciales_internacionales_SNA;vuelos;vuelos;7866;7866;2019;Nov;11;2019-11-01;2019-11;internacional;comercial;SNA;SNA;SNA
1;vuelos_comerciales_internacionales_SNA;vuelos;vuelos;8981;8981;2019;Dic;12;2019-12-01;2019-12;internacional;comercial;SNA;SNA;SNA
1;vuelos_comerciales_internacionales_SNA;vuelos;vuelos;9748;9748;2020;Ene;1;2020-01-01;2020-01;internacional;comercial;SNA;SNA;SNA
1;vuelos_comerciales_internacionales_SNA;vuelos;vuelos;8708;8708;2020;Feb;2;2020-02-01;2020-02;internacional;comercial;SNA;SNA;SNA
1;vuelos_comerciales_internacionales_SNA;vuelos;vuelos;5649;5649;2020;Mar;3;2020-03-01;2020-03;internacional;comercial;SNA;SNA;SNA
1;vuelos_comerciales_internacionales_SNA;vuelos;vuelos;568;568;2020;Abr;4;2020-04-01;2020-04;internacional;comercial;SNA;SNA;SNA
1;vuelos_comerciales_internacionales_SNA;vuelos;vuelos;685;685;2020;May;5;2020-05-01;2020-05;internacional;comercial;SNA;SNA;SNA
1;vuelos_comerciales_internacionales_SNA;vuelos;vuelos;735;735;2020;Jun;6;2020-06-01;2020-06;internacional;comercial;SNA;SNA;SNA
1;vuelos_comerciales_internacionales_SNA;vuelos;vuelos;852;852;2020;Jul;7;2020-07-01;2020-07;internacional;comercial;SNA;SNA;SNA
1;vuelos_comerciales_internacionales_SNA;vuelos;vuelos;970;970;2020;Ago;8;2020-08-01;2020-08;internacional;comercial;SNA;SNA;SNA
1;vuelos_comerciales_internacionales_SNA;vuelos;vuelos;1089;1089;2020;Sep;9;2020-09-01;2020-09;internacional;comercial;SNA;SNA;SNA
1;vuelos_comerciales_internacionales_SNA;vuelos;vuelos;1255;1255;2020;Oct;10;2020-10-01;2020-10;internacional;comercial;SNA;SNA;SNA
1;vuelos_comerciales_internacionales_SNA;vuelos;vuelos;1906;1906;2020;Nov;11;2020-11-01;2020-11;internacional;comercial;SNA;SNA;SNA
1;vuelos_comerciales_internacionales_SNA;vuelos;vuelos;2461;2461;2020;Dic;12;2020-12-01;2020-12;internacional;comercial;SNA;SNA;SNA
1;vuelos_comerciales_internacionales_SNA;vuelos;vuelos;2445;2445;2021;Ene;1;2021-01-01;2021-01;internacional;comercial;SNA;SNA;SNA
1;vuelos_comerciales_internacionales_SNA;vuelos;vuelos;2193;2193;2021;Feb;2;2021-02-01;2021-02;internacional;comercial;SNA;SNA;SNA
1;vuelos_comerciales_internacionales_SNA;vuelos;vuelos;2171;2171;2021;Mar;3;2021-03-01;2021-03;internacional;comercial;SNA;SNA;SNA
1;vuelos_comerciales_internacionales_SNA;vuelos;vuelos;1853;1853;2021;Abr;4;2021-04-01;2021-04;internacional;comercial;SNA;SNA;SNA
1;vuelos_comerciales_internacionales_SNA;vuelos;vuelos;1972;1972;2021;May;5;2021-05-01;2021-05;internacional;comercial;SNA;SNA;SNA
1;vuelos_comerciales_internacionales_SNA;vuelos;vuelos;1987;1987;2021;Jun;6;2021-06-01;2021-06;internacional;comercial;SNA;SNA;SNA
1;vuelos_comerciales_internacionales_SNA;vuelos;vuelos;2703;2703;2021;Jul;7;2021-07-01;2021-07;internacional;comercial;SNA;SNA;SNA
1;vuelos_comerciales_internacionales_SNA;vuelos;vuelos;2516;2516;2021;Ago;8;2021-08-01;2021-08;internacional;comercial;SNA;SNA;SNA
1;vuelos_comerciales_internacionales_SNA;vuelos;vuelos;2063;2063;2021;Sep;9;2021-09-01;2021-09;internacional;comercial;SNA;SNA;SNA
1;vuelos_comerciales_internacionales_SNA;vuelos;vuelos;2887;2887;2021;Oct;10;2021-10-01;2021-10;internacional;comercial;SNA;SNA;SNA
1;vuelos_comerciales_internacionales_SNA;vuelos;vuelos;3979;3979;2021;Nov;11;2021-11-01;2021-11;internacional;comercial;SNA;SNA;SNA
1;vuelos_comerciales_internacionales_SNA;vuelos;vuelos;5379;5379;2021;Dic;12;2021-12-01;2021-12;internacional;comercial;SNA;SNA;SNA
1;vuelos_comerciales_internacionales_SNA;vuelos;vuelos;4874;4874;2022;Ene;1;2022-01-01;2022-01;internacional;comercial;SNA;SNA;SNA
1;vuelos_comerciales_internacionales_SNA;vuelos;vuelos;4544;4544;2022;Feb;2;2022-02-01;2022-02;internacional;comercial;SNA;SNA;SNA
1;vuelos_comerciales_internacionales_SNA;vuelos;vuelos;5131;5131;2022;Mar;3;2022-03-01;2022-03;internacional;comercial;SNA;SNA;SNA
1;vuelos_comerciales_internacionales_SNA;vuelos;vuelos;5631;5631;2022;Abr;4;2022-04-01;2022-04;internacional;comercial;SNA;SNA;SNA
1;vuelos_comerciales_internacionales_SNA;vuelos;vuelos;5604;5604;2022;May;5;2022-05-01;2022-05;internacional;comercial;SNA;SNA;SNA
1;vuelos_comerciales_internacionales_SNA;vuelos;vuelos;5231;5231;2022;Jun;6;2022-06-01;2022-06;internacional;comercial;SNA;SNA;SNA
1;vuelos_comerciales_internacionales_SNA;vuelos;vuelos;6327;6327;2022;Jul;7;2022-07-01;2022-07;internacional;comercial;SNA;SNA;SNA
1;vuelos_comerciales_internacionales_SNA;vuelos;vuelos;6893;6893;2022;Ago;8;2022-08-01;2022-08;internacional;comercial;SNA;SNA;SNA
1;vuelos_comerciales_internacionales_SNA;vuelos;vuelos;6694;6694;2022;Sep;9;2022-09-01;2022-09;internacional;comercial;SNA;SNA;SNA
1;vuelos_comerciales_internacionales_SNA;vuelos;vuelos;7344;7344;2022;Oct;10;2022-10-01;2022-10;internacional;comercial;SNA;SNA;SNA
1;vuelos_comerciales_internacionales_SNA;vuelos;vuelos;7002;7002;2022;Nov;11;2022-11-01;2022-11;internacional;comercial;SNA;SNA;SNA
1;vuelos_comerciales_internacionales_SNA;vuelos;vuelos;8278;8278;2022;Dic;12;2022-12-01;2022-12;internacional;comercial;SNA;SNA;SNA
1;vuelos_comerciales_internacionales_SNA;vuelos;vuelos;9436;9436;2023;Ene;1;2023-01-01;2023-01;internacional;comercial;SNA;SNA;SNA
1;vuelos_comerciales_internacionales_SNA;vuelos;vuelos;7619;7619;2023;Feb;2;2023-02-01;2023-02;internacional;comercial;SNA;SNA;SNA
1;vuelos_comerciales_internacionales_SNA;vuelos;vuelos;8036;8036;2023;Mar;3;2023-03-01;2023-03;internacional;comercial;SNA;SNA;SNA
1;vuelos_comerciales_internacionales_SNA;vuelos;vuelos;7637;7637;2023;Abr;4;2023-04-01;2023-04;internacional;comercial;SNA;SNA;SNA
1;vuelos_comerciales_internacionales_SNA;vuelos;vuelos;7378;7378;2023;May;5;2023-05-01;2023-05;internacional;comercial;SNA;SNA;SNA
1;vuelos_comerciales_internacionales_SNA;vuelos;vuelos;7141;7141;2023;Jun;6;2023-06-01;2023-06;internacional;comercial;SNA;SNA;SNA
1;vuelos_comerciales_internacionales_SNA;vuelos;vuelos;7687;7687;2023;Jul;7;2023-07-01;2023-07;internacional;comercial;SNA;SNA;SNA
1;vuelos_comerciales_internacionales_SNA;vuelos;vuelos;8211;8211;2023;Ago;8;2023-08-01;2023-08;internacional;comercial;SNA;SNA;SNA
1;vuelos_comerciales_internacionales_SNA;vuelos;vuelos;7601;7601;2023;Sep;9;2023-09-01;2023-09;internacional;comercial;SNA;SNA;SNA
1;vuelos_comerciales_internacionales_SNA;vuelos;vuelos;8125;8125;2023;Oct;10;2023-10-01;2023-10;internacional;comercial;SNA;SNA;SNA
1;vuelos_comerciales_internacionales_SNA;vuelos;vuelos;8369;8369;2023;Nov;11;2023-11-01;2023-11;internacional;comercial;SNA;SNA;SNA
1;vuelos_comerciales_internacionales_SNA;vuelos;vuelos;9207;9207;2023;Dic;12;2023-12-01;2023-12;internacional;comercial;SNA;SNA;SNA
1;vuelos_comerciales_internacionales_SNA;vuelos;vuelos;10125;10125;2024;Ene;1;2024-01-01;2024-01;internacional;comercial;SNA;SNA;SNA
1;vuelos_comerciales_internacionales_SNA;vuelos;vuelos;8779;8779;2024;Feb;2;2024-02-01;2024-02;internacional;comercial;SNA;SNA;SNA
1;vuelos_comerciales_internacionales_SNA;vuelos;vuelos;8887;8887;2024;Mar;3;2024-03-01;2024-03;internacional;comercial;SNA;SNA;SNA
1;vuelos_comerciales_internacionales_SNA;vuelos;vuelos;8008;8008;2024;Abr;4;2024-04-01;2024-04;internacional;comercial;SNA;SNA;SNA
1;vuelos_comerciales_internacionales_SNA;vuelos;vuelos;7754;7754;2024;May;5;2024-05-01;2024-05;internacional;comercial;SNA;SNA;SNA
1;vuelos_comerciales_internacionales_SNA;vuelos;vuelos;7723;7723;2024;Jun;6;2024-06-01;2024-06;internacional;comercial;SNA;SNA;SNA
1;vuelos_comerciales_internacionales_SNA;vuelos;vuelos;8969;8969;2024;Jul;7;2024-07-01;2024-07;internacional;comercial;SNA;SNA;SNA
1;vuelos_comerciales_internacionales_SNA;vuelos;vuelos;8540;8540;2024;Ago;8;2024-08-01;2024-08;internacional;comercial;SNA;SNA;SNA
1;vuelos_comerciales_internacionales_SNA;vuelos;vuelos;8206;8206;2024;Sep;9;2024-09-01;2024-09;internacional;comercial;SNA;SNA;SNA
1;vuelos_comerciales_internacionales_SNA;vuelos;vuelos;8371;8371;2024;Oct;10;2024-10-01;2024-10;internacional;comercial;SNA;SNA;SNA
1;vuelos_comerciales_internacionales_SNA;vuelos;vuelos;8838;8838;2024;Nov;11;2024-11-01;2024-11;internacional;comercial;SNA;SNA;SNA
1;vuelos_comerciales_internacionales_SNA;vuelos;vuelos;10278;10278;2024;Dic;12;2024-12-01;2024-12;internacional;comercial;SNA;SNA;SNA
1;vuelos_comerciales_internacionales_SNA;vuelos;vuelos;10865;10865;2025;Ene;1;2025-01-01;2025-01;internacional;comercial;SNA;SNA;SNA
1;vuelos_comerciales_internacionales_SNA;vuelos;vuelos;9791;9791;2025;Feb;2;2025-02-01;2025-02;internacional;comercial;SNA;SNA;SNA
1;vuelos_comerciales_internacionales_SNA;vuelos;vuelos;10359;10359;2025;Mar;3;2025-03-01;2025-03;internacional;comercial;SNA;SNA;SNA
1;vuelos_comerciales_internacionales_SNA;vuelos;vuelos;9548;9548;2025;Abr;4;2025-04-01;2025-04;internacional;comercial;SNA;SNA;SNA
1;vuelos_comerciales_internacionales_SNA;vuelos;vuelos;9236;9236;2025;May;5;2025-05-01;2025-05;internacional;comercial;SNA;SNA;SNA
1;vuelos_comerciales_internacionales_SNA;vuelos;vuelos;9004;9004;2025;Jun;6;2025-06-01;2025-06;internacional;comercial;SNA;SNA;SNA
1;vuelos_comerciales_internacionales_SNA;vuelos;vuelos;10191;10191;2025;Jul;7;2025-07-01;2025-07;internacional;comercial;SNA;SNA;SNA
1;vuelos_comerciales_internacionales_SNA;vuelos;vuelos;10079;10079;2025;Ago;8;2025-08-01;2025-08;internacional;comercial;SNA;SNA;SNA
1;vuelos_comerciales_internacionales_SNA;vuelos;vuelos;9549;9549;2025;Sep;9;2025-09-01;2025-09;internacional;comercial;SNA;SNA;SNA
1;vuelos_comerciales_internacionales_SNA;vuelos;vuelos;10086;10086;2025;Oct;10;2025-10-01;2025-10;internacional;comercial;SNA;SNA;SNA
1;vuelos_comerciales_internacionales_SNA;vuelos;vuelos;10315;10315;2025;Nov;11;2025-11-01;2025-11;internacional;comercial;SNA;SNA;SNA
1;vuelos_comerciales_internacionales_SNA;vuelos;vuelos;11983;11983;2025;Dic;12;2025-12-01;2025-12;internacional;comercial;SNA;SNA;SNA
1;vuelos_comerciales_internacionales_SNA;vuelos;vuelos;13579;13579;2026;Ene;1;2026-01-01;2026-01;internacional;comercial;SNA;SNA;SNA
1;vuelos_comerciales_internacionales_SNA;vuelos;vuelos;11725;11725;2026;Feb;2;2026-02-01;2026-02;internacional;comercial;SNA;SNA;SNA
1;vuelos_comerciales_internacionales_SNA;vuelos;vuelos;12193;12193;2026;Mar;3;2026-03-01;2026-03;internacional;comercial;SNA;SNA;SNA
1;vuelos_comerciales_internacionales_SNA;vuelos;vuelos;10049;10049;2026;Abr;4;2026-04-01;2026-04;internacional;comercial;SNA;SNA;SNA
1;vuelos_comerciales_internacionales_SNA;vuelos;vuelos;9767;9767;2026;May;5;2026-05-01;2026-05;internacional;comercial;SNA;SNA;SNA
1;vuelos_comerciales_internacionales_SNA;vuelos;vuelos;8808;8808;2026;Jun;6;2026-06-01;2026-06;internacional;comercial;SNA;SNA;SNA
