Registro,Tipo,Denominacion,Provincia,lat_fuente,lon_fuente,cobertura_cbers,cantidad_escenas,ultima_escena_id,ultima_escena_fecha,asset_tci
176,LAD,EL ADUAR,SANTA FE,-28.574444,-60.2625,NO,0,,,
245,LAD,EO. 10 NOVIEMBRE,BUENOS AIRES,-35.58,-62.481667,NO,0,,,
380,LAD,EA. ALEGRIA,FORMOSA,-25.866667,-58.666667,NO,0,,,
451,LAD,EA. EL CENCERRO,SANTA FE,-30.533333,-60.433333,NO,0,,,
496,LAD,EA. EL PINOCHO,ENTRE RÍOS,-32.566667,-58.516667,NO,0,,,
513,LAD,EA. EL REY,SALTA,-24.783333,-64.533333,NO,0,,,
529,LAD,EA. ITA-CAABO,CORRIENTES,-29.289722,-57.726667,SI,15,CBERS4A_WPM_PCA_RGB321_20260715_214_150,2026-07-15T00:00:00.000000Z,https://data.inpe.br/bdc/data/CB4A-WPM-PCA-FUSED/v001/214/150/2026/7/CBERS4A_WPM_PCA_RGB321_20260715_214_150.tif
576,LAD,EA. LA DOMINGA,SANTA FE,-30.614722,-59.954722,NO,0,,,
578,LAD,EA. LA ELISA,BUENOS AIRES,-34.038889,-59.776944,NO,0,,,
659,LAD,NUEVA CASTILLA,BUENOS AIRES,-36.05,-63.033333,NO,0,,,
682,LAD,EA. LA ROSA,SANTA FE,-30.659722,-60.561389,NO,0,,,
723,LAD,EA. LAS TRES MARIAS-CORRIENTES,CORRIENTES,-27.716667,-58.783333,NO,0,,,
750,LAD,EA. LOS LEONES,SANTA FE,-31.166667,-60.716667,NO,0,,,
761,LAD,EA. LOS TAMBOS,BUENOS AIRES,-36.133333,-61.5,NO,0,,,
778,LAD,EA. MONTE DINERO,SANTA CRUZ,-52.3,-68.533333,NO,0,,,
829,LAD,EA. SAN JOAQUIN,SANTA FE,-30.755278,-59.9975,NO,0,,,
938,LAD,EA. TREBOLARES,LA PAMPA,-35.633333,-63.5,NO,0,,,
973,LAD,FRIGORIFICO SANTA ELENA,ENTRE RÍOS,-30.983333,-59.766667,NO,0,,,
1025,LAD,INGENIO SAN MARTIN TABACAL,SALTA,-23.266667,-64.2,NO,0,,,
1063,LAD,LA CALEDONIA,SANTA FE,-32.135556,-61.894444,NO,0,,,
